user_id,email,first_name,last_name,age,gender,country,state_province,city,subscription_plan,subscription_start_date,is_active,monthly_spend_hours,primary_device,household_size,created_at
user_00005,richard13@example.net,Jason,Foster,21.0,Female,USA,Arizona,West Donald,Standard,2024-10-28,True,9.54,Desktop,6.0,2025-04-12 19:59:30.137806
user_00009,donnaarroyo@example.org,Allison,Brandt,24.0,Male,USA,North Carolina,Raymondstad,Premium,2025-04-13,True,12.21,Gaming Console,5.0,2022-12-13 15:46:23.391721
user_00010,morganbrianna@example.org,Adrian,Perez,24.0,Male,USA,Pennsylvania,Chadbury,Basic,2024-08-04,True,23.18,Laptop,1.0,2024-03-15 22:04:39.445799
user_00014,adkinsbrian@example.net,Wesley,Brown,22.0,Male,USA,Pennsylvania,North Brooke,Basic,2023-10-18,True,25.19,Laptop,2.0,2024-04-28 09:41:18.589372
user_00017,josephpreston@example.net,Joseph,Robbins,25.0,Female,USA,Indiana,Williamview,Premium,2022-11-11,True,,Smart TV,1.0,2025-01-27 19:17:27.125271
user_00019,michael05@example.org,Elizabeth,Deleon,26.0,Other,USA,Ohio,East Michelle,Premium,2025-03-25,True,10.28,Mobile,7.0,2023-02-15 14:23:22.312820
user_00029,nperry@example.com,Rebecca,Gates,28.0,Female,USA,Washington,Smithstad,Basic,2024-11-04,True,12.06,Gaming Console,2.0,2024-03-14 19:25:44.085539
user_00030,brobinson@example.com,Paul,Ramsey,24.0,,USA,Indiana,New Amanda,Premium,2024-05-11,True,10.17,Laptop,4.0,2022-11-03 01:16:54.703949
user_00031,michellewhite@example.com,Mark,Murphy,26.0,Male,USA,Massachusetts,Karenchester,Premium+,2025-02-02,True,18.19,Tablet,2.0,2022-08-24 07:25:10.816748
user_00038,jacqueline44@example.com,David,Stewart,21.0,Female,USA,Indiana,East Joanna,Standard,2024-10-04,True,37.01,Mobile,,2025-07-12 10:27:16.332097
user_00041,michelle64@example.net,Chelsea,Meza,29.0,Female,Canada,Alberta,West Donna,Standard,2023-04-21,True,25.73,Laptop,2.0,2023-01-21 14:04:27.262786
user_00051,bowenrobert@example.net,Charles,Morgan,24.0,Other,USA,Washington,Port Markside,Premium,2025-06-12,False,19.09,Smart TV,2.0,2025-03-15 22:59:33.712787
user_00052,younggabrielle@example.com,Julie,Good,20.0,Male,Canada,Quebec,Jacksonport,Premium,2022-09-21,True,15.39,Tablet,3.0,2023-06-20 12:28:00.371124
user_00060,rgilbert@example.org,Jeff,Sampson,22.0,Male,USA,Tennessee,Lake Michaelstad,Premium,2023-10-12,True,19.03,Mobile,3.0,2025-06-28 22:53:58.331928
user_00061,batesdarlene@example.net,Brent,Sanchez,20.0,Male,USA,Pennsylvania,North Maria,Standard,2024-05-05,True,3.9,Gaming Console,2.0,2023-07-29 01:54:53.263816
user_00062,ramireztracey@example.org,Lauren,Guerrero,27.0,Female,USA,Washington,North Michael,Premium,2024-05-08,True,10.7,Desktop,1.0,2023-02-09 23:53:36.130333
user_00063,judyfox@example.net,Thomas,Palmer,26.0,,Canada,New Brunswick,Gordonton,Standard,2023-12-17,True,20.26,Gaming Console,2.0,2022-10-08 17:14:05.979190
user_00068,anthony44@example.com,Adam,Knight,30.0,Male,USA,Tennessee,East Joycetown,Basic,2024-10-27,False,,Tablet,1.0,2023-09-19 06:34:54.636386
user_00072,amckinney@example.com,Richard,Jackson,28.0,Female,USA,Michigan,Christopherville,Premium,2023-11-22,True,22.83,Tablet,2.0,2024-02-28 04:28:54.930079
user_00075,william47@example.com,Brian,Jones,29.0,Female,Canada,Newfoundland and Labrador,Fordside,Premium,2023-12-07,True,44.32,Smart TV,2.0,2023-07-21 08:58:17.519457
user_00076,susanhayes@example.com,William,Williams,26.0,Male,Canada,Nova Scotia,Warrenburgh,Standard,2023-09-14,True,13.91,Tablet,2.0,2023-10-01 13:41:38.272698
user_00079,chrisrichard@example.org,Ebony,Harper,30.0,Male,USA,Massachusetts,East Marie,Premium,2024-09-30,True,17.62,Tablet,,2023-10-27 06:09:22.208968
user_00080,wbishop@example.net,Jesus,Collins,21.0,Male,Canada,Manitoba,West Erika,Standard,2023-12-21,True,7.47,Gaming Console,1.0,2024-12-02 16:14:16.456250
user_00087,carterbradley@example.org,Leslie,Robertson,26.0,Female,USA,Tennessee,Benjaminborough,Standard,2023-08-28,True,14.46,Mobile,,2025-03-08 17:49:54.977021
user_00090,william20@example.org,Austin,Young,20.0,Male,USA,Missouri,Patrickshire,Standard,2024-05-26,True,22.14,Tablet,,2025-06-07 17:10:12.870864
user_00091,khines@example.org,Raymond,Wright,27.0,Female,Canada,Saskatchewan,Lake Jacobhaven,Basic,2025-04-29,True,5.81,Tablet,1.0,2023-05-16 21:42:24.422087
user_00092,nlewis@example.com,James,Farrell,20.0,Male,Canada,Quebec,Lake Sean,Premium,2025-01-06,True,6.55,Gaming Console,4.0,2024-08-03 20:03:43.876267
user_00096,colleenmendez@example.org,Brittany,Jackson,30.0,Male,USA,Michigan,Port Michelleland,Premium,2025-06-06,True,7.71,Desktop,1.0,2024-07-16 12:38:22.403597
user_00098,theresa25@example.net,Luis,Martinez,24.0,Female,USA,New Jersey,East Colin,Standard,2025-06-03,True,3.68,Gaming Console,1.0,2023-05-02 02:31:31.083905
user_00099,sarah53@example.org,Wendy,Jimenez,20.0,Female,USA,New York,Johnsonfurt,Premium,2025-06-26,False,14.89,Smart TV,4.0,2024-05-03 06:03:20.417259
user_00100,campbellcarla@example.net,Justin,Boone,22.0,Female,USA,North Carolina,West Jessica,Premium,2023-09-07,True,,Mobile,4.0,2022-09-28 03:00:00.905348
user_00105,whitney78@example.com,Sue,Barr,22.0,,USA,Florida,Ericaview,Basic,2023-02-28,True,31.37,Desktop,3.0,2023-06-04 18:48:05.535243
user_00109,amandasharp@example.org,Robert,Peck,24.0,Prefer not to say,USA,Indiana,Frenchburgh,Premium,2025-03-19,True,,Gaming Console,3.0,2023-06-26 00:35:44.648959
user_00115,jelliott@example.com,Jennifer,Scott,30.0,Male,Canada,British Columbia,New Charles,Basic,2023-08-14,True,19.82,Desktop,3.0,2024-03-18 00:49:13.493253
user_00121,jmelendez@example.com,Angela,Price,18.0,Male,USA,Texas,West Deborah,Premium,2025-02-15,True,1.08,Mobile,4.0,2024-03-11 23:26:59.638182
user_00133,andersonjacob@example.com,Dakota,Gomez,18.0,Female,Canada,Prince Edward Island,Michelletown,Standard,2023-10-29,True,2.83,Laptop,5.0,2024-10-05 07:06:49.482293
user_00137,nhahn@example.com,Marie,Fuentes,26.0,Female,USA,California,Taylorport,Basic,2023-05-05,False,2.86,Gaming Console,2.0,2024-09-24 18:27:49.933486
user_00146,antonio38@example.com,Kimberly,Dunn,29.0,Male,USA,Illinois,West Kimberlystad,Premium+,2024-11-11,False,23.27,Gaming Console,3.0,2024-03-23 17:17:50.159410
user_00147,fitzgeralddesiree@example.org,Nancy,Cole,30.0,Female,USA,Massachusetts,South Michelleville,Premium,2023-03-20,True,24.56,Smart TV,2.0,2025-03-03 12:55:51.174033
user_00149,riddlemichelle@example.org,John,Poole,18.0,Female,Canada,Newfoundland and Labrador,Thomasview,Standard,2023-09-17,True,2.54,Gaming Console,4.0,2024-06-27 08:22:44.150948
user_00151,troymorris@example.com,Amy,Knight,25.0,Male,USA,New York,Patriciaton,Premium,2022-11-19,True,5.53,Laptop,4.0,2022-08-20 21:50:51.015649
user_00152,bbryant@example.org,Nicole,Moore,23.0,Male,USA,Washington,Lake Michaelland,Premium,2024-07-30,True,11.15,Smart TV,3.0,2022-09-28 19:33:24.100609
user_00153,rubendavis@example.org,Jason,Anderson,25.0,Female,USA,New York,Smithmouth,Standard,2025-07-20,True,11.84,Desktop,3.0,2024-09-01 12:49:11.234679
user_00159,amandamyers@example.net,Kyle,Blair,28.0,Female,USA,Illinois,East Christopherchester,Basic,2023-12-11,True,,Desktop,2.0,2023-07-07 23:10:46.679240
user_00163,margaret95@example.org,Harry,Finley,26.0,Female,USA,Wisconsin,Clineport,Basic,2022-11-04,True,,Mobile,1.0,2022-08-11 19:15:35.318272
user_00164,anne49@example.org,Micheal,Cuevas,21.0,Male,USA,Maryland,East Adam,Standard,2022-08-28,True,2.92,Gaming Console,2.0,2024-06-29 21:13:58.222597
user_00170,samantha10@example.org,Rachel,Lamb,23.0,Male,USA,Texas,Davidmouth,Premium,2023-02-02,True,18.12,Tablet,,2025-01-19 09:46:59.873625
user_00171,rjohnson@example.com,Michael,Hill,28.0,Female,USA,Massachusetts,North Christina,Basic,2024-07-11,True,10.45,Smart TV,2.0,2023-10-28 11:57:59.864437
user_00173,bnelson@example.com,Anthony,Brown,30.0,Prefer not to say,USA,Arizona,Katiebury,Standard,2022-11-19,True,4.57,Gaming Console,2.0,2023-05-22 02:37:38.628505
user_00180,franciscojones@example.org,Andrew,Lynn,22.0,Male,Canada,British Columbia,Georgefurt,Basic,2024-10-12,True,19.68,Mobile,1.0,2023-08-08 08:52:24.104474
user_00182,farmstrong@example.org,Michael,Miller,26.0,Female,USA,Maryland,North Anthony,Basic,2024-07-01,True,9.86,Laptop,1.0,2024-01-03 23:18:44.046315
user_00183,kristen77@example.net,Christopher,Lopez,22.0,Male,USA,Indiana,Jacobton,Premium,2023-11-26,False,1.59,Desktop,3.0,2023-04-07 23:14:55.732754
user_00184,hernandezheather@example.org,Elizabeth,Arellano,19.0,Female,USA,Indiana,Port Paulhaven,Premium,2025-06-25,True,25.16,Mobile,3.0,2024-04-21 14:31:13.018630
user_00189,dennismccann@example.com,Joseph,Jacobs,21.0,Male,USA,Arizona,South Jason,Premium,2024-10-22,True,,Mobile,4.0,2025-01-18 16:12:59.309980
user_00195,ldoyle@example.net,Matthew,Parks,23.0,Female,USA,Massachusetts,Williamburgh,Premium,2023-06-19,True,43.11,Gaming Console,4.0,2022-12-21 06:16:30.317406
user_00196,staceylam@example.net,Jeffrey,Garner,20.0,Male,Canada,Prince Edward Island,Frenchmouth,Standard,2023-05-14,True,17.27,Gaming Console,3.0,2023-12-24 05:20:07.132746
user_00197,obrown@example.net,Thomas,Mason,30.0,Male,USA,Washington,Robertberg,Standard,2025-07-24,True,,Desktop,4.0,2023-10-25 10:19:29.243926
user_00203,cindy26@example.org,Justin,Jimenez,23.0,Female,USA,California,Marieborough,Premium,2024-09-10,True,13.98,Smart TV,3.0,2023-01-25 19:04:53.940084
user_00204,haleycastillo@example.org,Alexander,Meadows,20.0,Other,USA,Texas,North Kimberly,Premium,2024-10-03,True,12.74,Tablet,3.0,2025-04-20 10:55:44.473281
user_00210,andreagray@example.org,Stephen,Miller,30.0,Male,Canada,Ontario,Stewartfort,Premium,2022-11-22,True,14.28,Gaming Console,3.0,2022-09-11 07:58:28.493740
user_00212,jennifer11@example.net,Aaron,Gallegos,21.0,Male,Canada,Prince Edward Island,Jacquelineton,Premium,2024-01-23,True,10.87,Mobile,,2022-11-28 06:29:19.975526
user_00216,jasonklein@example.net,Samantha,Zavala,29.0,Male,USA,Massachusetts,Jenniferstad,Basic,2024-05-01,True,16.65,Laptop,,2024-08-10 20:27:43.018639
user_00220,shane12@example.org,Nicholas,Ramirez,24.0,Female,USA,Tennessee,East Brandy,Premium+,2022-08-08,True,24.08,Gaming Console,4.0,2024-09-18 16:35:25.297639
user_00228,jackjensen@example.com,Danny,York,19.0,Prefer not to say,USA,Michigan,West Emilyview,Standard,2023-03-06,True,18.57,Smart TV,3.0,2025-06-10 16:36:12.853906
user_00229,emilyyoung@example.com,Rachel,Tucker,20.0,Male,USA,Arizona,Heatherberg,Premium,2025-01-03,True,10.38,Gaming Console,2.0,2023-02-03 20:27:09.574487
user_00231,michele28@example.org,Jessica,Luna,25.0,Prefer not to say,USA,Arizona,Port Bonniefurt,Basic,2025-04-21,True,3.57,Desktop,4.0,2024-03-20 13:27:25.936948
user_00236,jennifer77@example.com,Brittany,Johnson,26.0,Female,USA,New Jersey,New Brittany,Premium,2024-06-21,True,15.05,Smart TV,1.0,2025-04-05 03:14:52.843893
user_00237,jacksonsandra@example.net,Carol,Johns,23.0,Male,USA,New Jersey,East Shanefort,Premium,2023-02-04,True,26.57,Mobile,2.0,2024-05-22 10:06:58.067761
user_00238,gary57@example.net,Jerry,Anderson,27.0,Other,USA,Virginia,New Michele,Standard,2025-01-23,True,1.94,Laptop,2.0,2023-02-13 11:24:47.093136
user_00241,jcox@example.com,Jose,Cunningham,21.0,Female,USA,Illinois,Fischerchester,Premium,2023-02-13,True,9.01,Tablet,1.0,2023-05-08 03:21:14.479810
user_00247,bmosley@example.com,Jonathan,Schultz,21.0,Female,USA,Pennsylvania,Port Leslie,Standard,2024-02-19,True,16.27,Desktop,,2024-09-08 23:18:50.118067
user_00255,michael87@example.net,Pamela,Austin,24.0,,USA,Florida,Port Gary,Premium,2023-11-07,True,7.22,Laptop,4.0,2025-02-18 05:28:24.650808
user_00262,justin84@example.com,Melissa,Taylor,27.0,Female,USA,Virginia,Williamsonview,Basic,2023-02-23,True,22.5,Mobile,1.0,2023-01-16 18:48:18.362517
user_00265,cwise@example.org,James,Boyd,30.0,Female,USA,Ohio,Priceport,Premium,2023-01-22,True,34.66,Tablet,,2024-10-27 01:55:22.767218
user_00269,llopez@example.net,Mario,Hill,21.0,Female,Canada,Prince Edward Island,New Ericport,Premium,2024-03-17,True,28.47,Tablet,,2022-08-03 20:37:18.335049
user_00274,mirandabarbara@example.net,Jacqueline,Andrade,21.0,Prefer not to say,USA,Michigan,New Richard,Standard,2024-07-22,False,5.79,Tablet,2.0,2025-05-21 22:43:41.687120
user_00277,jonathanevans@example.net,Ashley,Navarro,19.0,Female,USA,Maryland,Thompsonshire,Premium,2024-05-15,False,15.41,Desktop,1.0,2022-09-13 00:27:48.783495
user_00278,deleonsandra@example.com,Nichole,Butler,30.0,Prefer not to say,Canada,Quebec,Lake Denise,Basic,2024-06-26,False,20.38,Tablet,7.0,2022-10-01 09:06:36.168369
user_00280,zbaker@example.net,Kim,Gill,25.0,Prefer not to say,Canada,Quebec,South Randall,Premium+,2024-04-08,True,37.28,Gaming Console,4.0,2023-04-25 13:55:12.135288
user_00282,scottglass@example.org,Gina,Todd,29.0,Female,USA,Michigan,Lake Brianberg,Premium,2022-08-17,True,18.78,Desktop,2.0,2023-07-03 09:28:01.263183
user_00287,shane23@example.net,Bianca,Huffman,18.0,Male,USA,New York,South Wendy,Standard,2024-07-21,True,,Gaming Console,1.0,2023-07-16 22:58:44.319618
user_00290,kwells@example.org,Antonio,Schaefer,26.0,Male,USA,Illinois,Lake Emily,Standard,2024-11-09,True,5.31,Laptop,2.0,2023-02-13 02:22:02.198916
user_00301,jonathan14@example.com,Katie,Jennings,29.0,Female,Canada,Manitoba,Ramseytown,Standard,2023-03-02,True,2.33,Laptop,7.0,2025-05-09 15:08:29.210581
user_00302,probles@example.org,Eric,Mcclain,21.0,Male,Canada,Nova Scotia,Bowerschester,Premium,2025-02-02,True,19.47,Mobile,6.0,2024-04-13 02:08:49.331275
user_00304,jennifer46@example.org,Natalie,Hayes,22.0,Male,USA,Indiana,New Kevin,Standard,2023-09-16,True,2.48,Laptop,3.0,2024-12-02 07:27:50.139995
user_00305,zhunter@example.com,James,Oconnor,21.0,Other,USA,New Jersey,Douglasville,Basic,2023-03-14,True,17.22,Tablet,3.0,2023-12-19 09:49:54.981461
user_00306,collinsbradley@example.net,Mathew,Garcia,24.0,Female,USA,Texas,New Katherineborough,Standard,2023-03-09,True,34.71,Tablet,2.0,2023-06-02 04:49:21.368810
user_00309,lisa81@example.com,Christopher,Davis,25.0,Female,USA,Maryland,Ruizbury,Basic,2025-03-02,True,29.46,Laptop,2.0,2025-04-29 07:28:10.557980
user_00311,nguyendebra@example.com,Richard,Allen,24.0,Male,USA,Arizona,South Patrick,Standard,2023-03-18,True,,Tablet,3.0,2024-12-09 11:00:59.303657
user_00315,callahanmichelle@example.org,Jacqueline,Garrett,29.0,Male,USA,Massachusetts,Jamesside,Standard,2024-07-28,True,2.12,Gaming Console,1.0,2023-01-02 10:49:30.441040
user_00316,mary24@example.net,Dennis,Wong,29.0,Female,USA,California,Barrettberg,Standard,2022-12-30,True,34.49,Desktop,4.0,2025-03-02 13:22:12.895579
user_00322,caitlinunderwood@example.com,Kaylee,Guerrero,26.0,Male,Canada,Prince Edward Island,New Jessica,Standard,2022-09-30,True,10.58,Gaming Console,2.0,2024-11-07 20:51:52.930891
user_00325,erica25@example.net,Emily,Smith,29.0,Female,USA,Indiana,Lake Seanbury,Standard,2023-05-05,True,3.98,Smart TV,3.0,2022-08-29 00:57:00.695074
user_00329,kimberly07@example.org,Sarah,Adams,28.0,Male,Canada,Alberta,Andrewshaven,Premium,2024-01-08,True,15.64,Tablet,1.0,2025-02-12 21:53:20.941473
user_00330,aaronfinley@example.com,Ashley,Cook,20.0,Male,USA,Florida,Brownland,Standard,2024-03-09,True,3.18,Mobile,2.0,2022-10-30 05:29:12.540136
user_00334,lcarr@example.org,Danny,Brown,26.0,Female,USA,Michigan,Rogersfurt,Standard,2022-12-12,True,2.35,Desktop,2.0,2023-07-21 10:37:53.391071
user_00343,cbaird@example.com,Ronald,Mendoza,25.0,Male,Canada,Quebec,Simpsonland,Premium,2024-08-30,False,36.25,Laptop,,2025-06-08 22:22:11.482974
user_00351,michaelbryant@example.org,Jennifer,White,25.0,Female,Canada,British Columbia,East John,Premium,2025-07-26,True,12.37,Mobile,,2023-11-29 03:51:51.041043
user_00352,jamiemann@example.net,Tiffany,Watson,20.0,Prefer not to say,USA,Wisconsin,Davidtown,Premium,2025-05-18,False,,Gaming Console,3.0,2025-06-06 13:57:58.887164
user_00353,adamrodgers@example.net,Deborah,Wells,29.0,Male,USA,Michigan,Port Annette,Standard,2023-08-08,True,9.79,Gaming Console,2.0,2024-10-12 17:50:52.330837
user_00357,jaredwells@example.net,Carl,Davis,29.0,Female,USA,Missouri,Robertside,Basic,2024-09-18,True,17.57,Gaming Console,5.0,2023-03-09 09:37:26.789009
user_00358,angela04@example.net,Troy,Walker,26.0,Male,Canada,Ontario,West Kevin,Premium,2022-12-16,True,51.88,Smart TV,4.0,2023-11-03 03:46:50.389168
user_00362,mariepope@example.net,Robert,Wilson,26.0,Female,USA,Washington,South Michaelstad,Basic,2025-01-13,True,6.18,Tablet,1.0,2023-02-07 18:16:19.620572
user_00364,danielmcguire@example.net,Taylor,Williams,28.0,Female,USA,Maryland,Port Colinville,Premium,2024-05-07,False,,Desktop,1.0,2023-02-21 12:57:05.767452
user_00365,davismeghan@example.com,Michael,Wagner,26.0,Male,USA,California,Port Belindatown,Standard,2024-09-24,True,21.85,Tablet,,2023-02-07 06:52:01.447890
user_00370,jdixon@example.com,David,Crawford,29.0,Other,USA,Tennessee,North Joanland,Basic,2024-08-14,True,4.61,Laptop,2.0,2023-09-26 07:53:56.066025
user_00374,bryan90@example.org,Michael,Hubbard,22.0,Male,USA,California,Davisstad,Premium,2023-10-27,False,18.1,Smart TV,,2024-07-27 14:30:20.889156
user_00375,deborahwatkins@example.net,Misty,Morgan,27.0,Male,USA,New Jersey,Benjaminchester,Premium,2023-05-21,True,44.37,Mobile,3.0,2024-05-08 08:12:35.046661
user_00382,dawnwilliams@example.net,Kimberly,Heath,26.0,Prefer not to say,USA,Maryland,Carolynland,Premium,2025-04-10,True,11.99,Tablet,,2023-10-11 22:57:08.992487
user_00383,danielnavarro@example.org,Tyler,Young,27.0,Male,USA,Florida,Markshire,Standard,2025-01-01,True,29.24,Desktop,2.0,2025-05-24 02:48:00.668085
user_00391,julie62@example.com,Carol,Acosta,19.0,Male,USA,Massachusetts,Whiteberg,Standard,2023-06-16,False,9.17,Smart TV,4.0,2023-04-18 02:19:25.137510
user_00393,cookjimmy@example.com,Adam,Turner,24.0,Male,Canada,Nova Scotia,Davidside,Standard,2024-04-29,False,11.94,Tablet,2.0,2023-02-05 04:43:08.753522
user_00402,solomontim@example.org,Gabrielle,Skinner,23.0,Male,USA,Texas,Ashleyside,Standard,2025-05-03,True,13.43,Desktop,2.0,2024-02-13 14:26:23.687504
user_00404,brenda77@example.net,Matthew,Clark,27.0,Male,USA,Missouri,Monicaville,Premium+,2024-03-09,True,9.18,Smart TV,6.0,2023-10-09 19:22:41.062280
user_00407,cruiz@example.net,James,Williams,27.0,Male,USA,Virginia,Lake Melaniechester,Standard,2025-02-17,True,11.51,Laptop,4.0,2022-09-12 15:08:39.438911
user_00417,pam63@example.com,Benjamin,Price,23.0,Female,Canada,British Columbia,Jasonhaven,Premium,2024-02-24,True,9.13,Gaming Console,2.0,2022-08-28 17:37:13.208622
user_00420,thomasgriffin@example.com,Brianna,Wiggins,28.0,,USA,California,Barajasfort,Standard,2025-01-20,True,26.73,Tablet,5.0,2024-02-08 06:29:07.492196
user_00425,leechristine@example.net,Susan,Christensen,21.0,Male,USA,Michigan,Lake Sharonburgh,Standard,2023-05-30,True,9.6,Laptop,1.0,2023-04-28 20:03:54.377558
user_00428,nicholas10@example.org,Karen,Vasquez,30.0,Other,USA,Ohio,West Brucemouth,Premium,2022-10-12,True,53.24,Mobile,,2023-10-23 13:40:13.833767
user_00429,adamstabitha@example.net,John,Torres,30.0,Male,USA,California,Millerhaven,Premium+,2024-12-07,True,,Tablet,3.0,2023-09-16 02:36:14.868264
user_00435,gonzalezlori@example.com,Molly,Jackson,18.0,Female,USA,Massachusetts,North Brianna,Standard,2022-12-19,False,6.47,Tablet,1.0,2025-03-25 09:40:38.076812
user_00436,melaniejohnson@example.net,Erin,Smith,28.0,Female,USA,Tennessee,Port Sheilachester,Premium,2023-05-29,True,15.23,Smart TV,2.0,2024-01-28 01:57:33.390858
user_00437,brandonhull@example.net,Leslie,Lee,19.0,Male,USA,Georgia,Lake Jeremiahchester,Basic,2025-05-03,True,2.56,Tablet,3.0,2023-01-30 07:06:36.942008
user_00446,gregorysmith@example.com,Andrew,Gray,26.0,Female,USA,Missouri,Sharonport,Standard,2023-04-22,True,13.82,Desktop,3.0,2024-07-27 05:47:37.538278
user_00449,marcbrooks@example.net,Jennifer,Wells,28.0,,USA,Missouri,East Jeffreyborough,Premium,2025-03-05,True,25.88,Desktop,2.0,2023-03-30 14:06:45.541225
user_00458,ryan72@example.net,Briana,Hill,23.0,Other,USA,Massachusetts,South Caleb,Premium,2024-05-25,True,7.84,Gaming Console,1.0,2024-03-01 06:17:16.688002
user_00460,longsonya@example.org,Joshua,Estrada,28.0,Female,USA,Washington,South Robert,Premium,2025-07-27,True,18.47,Desktop,2.0,2024-11-07 18:34:30.435503
user_00461,qhayes@example.org,Steven,Fowler,25.0,,USA,Arizona,Cooperfurt,Standard,2023-10-10,True,26.39,Gaming Console,2.0,2023-05-04 15:56:28.874497
user_00462,ellen77@example.com,Christopher,Reeves,28.0,Female,USA,Ohio,South Lori,Premium,2023-02-04,False,,Smart TV,3.0,2024-05-29 03:50:24.985703
user_00463,david62@example.org,Erica,Alexander,30.0,Female,USA,New York,Lake Austin,Premium,2023-11-29,True,12.71,Tablet,4.0,2025-02-04 15:23:49.025070
user_00465,erinbrown@example.org,Jennifer,Perry,23.0,,USA,Tennessee,Marcusborough,Premium,2025-05-22,True,33.78,Gaming Console,2.0,2025-05-27 20:49:09.290294
user_00466,jasonkelly@example.org,Richard,Smith,30.0,Female,USA,Massachusetts,Robinsonview,Premium,2022-09-19,False,,Desktop,1.0,2023-10-27 12:25:14.962123
user_00469,james63@example.net,John,Stevenson,30.0,Male,Canada,Ontario,West Lonnie,Premium+,2024-02-23,True,7.45,Smart TV,,2024-07-13 03:33:01.855945
user_00470,perezjessica@example.com,Jamie,Knox,25.0,,USA,Wisconsin,New Monique,Basic,2023-02-19,True,63.65,Gaming Console,4.0,2022-10-12 20:56:25.502229
user_00472,kevinray@example.net,Joseph,Miller,28.0,Male,USA,California,Grayfort,Premium+,2023-11-08,True,17.03,Mobile,,2024-11-13 04:09:27.193149
user_00479,nbradley@example.org,Brian,Lamb,27.0,Male,Canada,Ontario,Tonyachester,Standard,2024-06-19,True,6.09,Tablet,4.0,2025-03-11 13:15:02.393921
user_00481,vkennedy@example.net,Matthew,Key,30.0,Male,USA,California,Elizabethfurt,Standard,2025-07-05,False,12.1,Mobile,1.0,2025-01-02 12:24:20.033406
user_00491,scottolson@example.org,Jeffery,Moss,28.0,Male,Canada,Ontario,Jessicashire,Premium,2024-08-14,True,2.2,Laptop,4.0,2023-09-19 16:05:07.210731
user_00493,denisebennett@example.net,Kimberly,Hill,21.0,Female,USA,Illinois,Alexanderville,Standard,2022-12-13,True,19.03,Mobile,1.0,2022-08-28 07:14:00.283224
user_00500,suttonrichard@example.com,Michael,Strickland,28.0,Male,USA,Michigan,West Alejandro,Standard,2025-07-10,True,17.45,Desktop,4.0,2023-09-21 22:41:35.462269
user_00505,kleinjacqueline@example.net,John,Lawson,26.0,Male,USA,California,East Charles,Premium,2024-02-15,True,12.07,Gaming Console,4.0,2023-11-09 06:08:17.115056
user_00506,nathanielwilson@example.net,Marie,Roberts,23.0,Male,USA,Michigan,Josephtown,Basic,2023-03-28,True,15.49,Smart TV,4.0,2025-05-17 02:43:54.911557
user_00509,mayodiana@example.com,Donald,Smith,24.0,Male,Canada,Saskatchewan,East Justinberg,Standard,2023-11-06,True,11.38,Tablet,2.0,2025-04-16 07:29:02.108762
user_00510,stacymoyer@example.com,Robert,Marsh,24.0,Male,Canada,Prince Edward Island,Karenfurt,Premium+,2022-12-24,True,13.69,Mobile,1.0,2024-12-18 15:53:12.506875
user_00512,johnwang@example.com,Elizabeth,Gonzalez,23.0,,USA,Arizona,East Victoria,Premium,2023-04-10,True,,Laptop,4.0,2023-10-16 18:20:52.237150
user_00516,williamstanya@example.net,James,Schaefer,20.0,Female,Canada,Alberta,Kevinfort,Premium+,2024-03-08,False,20.05,Gaming Console,2.0,2022-09-20 01:48:18.531375
user_00517,qpierce@example.net,Patricia,Soto,23.0,Male,USA,Missouri,Joneschester,Premium,2023-01-31,True,2.32,Tablet,6.0,2024-09-04 11:10:15.492765
user_00519,jackmoore@example.org,Natasha,Gordon,30.0,Male,USA,California,Melissaport,Basic,2024-03-29,True,5.22,Mobile,3.0,2023-04-05 10:25:39.633035
user_00520,benjamin24@example.org,Morgan,Day,26.0,Female,USA,New York,New Darren,Basic,2024-06-25,True,38.8,Tablet,3.0,2023-07-24 16:47:11.950845
user_00522,lisawalker@example.com,Bonnie,Moore,26.0,Female,Canada,Ontario,Richardsonfort,Standard,2024-01-27,False,12.98,Gaming Console,3.0,2023-02-21 19:25:33.389528
user_00535,boydtiffany@example.org,Richard,Robinson,29.0,Female,Canada,Nova Scotia,Port Heatherfort,Standard,2024-07-17,True,15.69,Laptop,2.0,2025-01-25 12:12:49.934073
user_00537,andrealittle@example.org,Joseph,Elliott,20.0,,Canada,Quebec,North Leonardport,Premium,2025-07-11,True,12.01,Smart TV,1.0,2025-06-18 13:55:14.715348
user_00538,karen52@example.net,Mark,Shaw,29.0,Male,Canada,Quebec,New Laurafort,Premium,2023-06-15,True,14.63,Smart TV,2.0,2024-08-19 18:16:18.776403
user_00540,jasonbishop@example.org,Ashley,Davis,27.0,Female,USA,Illinois,Port Monica,Standard,2024-01-30,True,30.08,Laptop,1.0,2023-07-12 19:38:26.599844
user_00542,nortiz@example.net,Scott,Brooks,20.0,Male,USA,New York,Bakerton,Basic,2024-10-22,True,13.8,Laptop,4.0,2024-09-07 19:05:24.728813
user_00545,huertakim@example.org,Kristine,Lewis,21.0,Female,Canada,British Columbia,Port Gabrielaview,Standard,2024-06-28,True,15.17,Mobile,2.0,2023-01-05 09:00:47.881827
user_00551,bankschristina@example.com,Tyler,Schultz,28.0,Male,USA,Ohio,Melissaborough,Standard,2024-11-30,True,14.9,Mobile,3.0,2022-12-06 12:45:35.447014
user_00555,stacyharris@example.org,Samuel,Johnson,26.0,Prefer not to say,USA,New York,Johnsonberg,Standard,2024-06-27,True,13.79,Desktop,4.0,2023-02-23 11:35:08.871283
user_00562,ljohnson@example.com,Krystal,Sanchez,29.0,Female,USA,Texas,Nathanmouth,Standard,2022-08-12,False,22.77,Gaming Console,2.0,2024-09-26 11:39:05.305287
user_00563,ubradley@example.org,Paul,Rose,29.0,Female,Canada,Nova Scotia,Jenniferland,Premium+,2024-08-18,True,7.66,Tablet,7.0,2023-07-17 06:31:42.609871
user_00566,zsalazar@example.com,Trevor,Cameron,24.0,Male,USA,Washington,East Brandontown,Basic,2022-11-25,True,8.12,Mobile,3.0,2025-03-03 21:52:26.062489
user_00575,lesliejones@example.org,Rachel,Rivers,27.0,Male,USA,Florida,Cookburgh,Standard,2025-03-24,True,6.58,Tablet,1.0,2024-08-16 06:52:55.817408
user_00577,whenry@example.net,Elizabeth,Diaz,29.0,Female,Canada,New Brunswick,Kevinmouth,Basic,2022-12-03,True,5.0,Desktop,1.0,2023-01-12 03:04:12.446543
user_00579,renee55@example.com,Sierra,Parker,26.0,Female,USA,Wisconsin,Maryville,Standard,2024-12-20,True,7.54,Smart TV,,2023-06-15 02:03:07.861069
user_00581,freemanadam@example.com,Brendan,Bell,27.0,Female,USA,Ohio,North Jennifer,Standard,2025-07-28,False,18.38,Laptop,2.0,2023-11-19 11:27:09.571004
user_00594,mhines@example.net,Sandra,Rodriguez,25.0,Female,USA,Illinois,Andersonshire,Standard,2023-03-04,True,17.45,Smart TV,1.0,2023-11-25 11:08:34.237418
user_00598,reginald08@example.net,Brandi,Delgado,28.0,Male,USA,Maryland,Robertborough,Standard,2025-04-01,True,16.54,Mobile,5.0,2023-01-02 16:36:15.397375
user_00599,youngcharles@example.net,Michael,Dodson,23.0,Female,USA,Tennessee,Pottsview,Premium,2022-11-24,True,12.05,Desktop,,2024-02-10 06:18:13.387210
user_00604,heidi81@example.org,Rachel,Ramirez,22.0,Female,USA,California,Port Theresa,Premium,2023-07-02,True,56.09,Tablet,5.0,2022-12-15 13:37:55.414486
user_00612,dixonjoel@example.com,Maria,Jones,20.0,Male,USA,Arizona,Douglasmouth,Standard,2023-08-04,True,15.89,Gaming Console,7.0,2025-04-12 08:40:00.660131
user_00614,patrickcuevas@example.org,Susan,Cunningham,30.0,Male,USA,Maryland,Port Natalieton,Premium,2024-07-24,True,19.19,Gaming Console,2.0,2023-07-16 08:20:06.751025
user_00615,rhonda53@example.com,Stephen,Steele,25.0,Male,Canada,Prince Edward Island,Coxstad,Basic,2025-04-30,True,4.29,Laptop,2.0,2024-05-27 05:17:41.192183
user_00622,elizabeththomas@example.org,Anthony,Moyer,24.0,Female,Canada,Ontario,South Marissatown,Premium,2023-03-12,True,21.52,Mobile,2.0,2024-10-13 05:39:09.524638
user_00629,cmyers@example.com,Jorge,Adams,22.0,Prefer not to say,USA,New Jersey,Daisyton,Basic,2023-12-05,True,,Mobile,2.0,2024-04-21 09:02:05.386004
user_00643,fredbaxter@example.com,Paula,Taylor,23.0,Male,Canada,Prince Edward Island,Ortegamouth,Standard,2024-02-01,False,23.24,Mobile,4.0,2023-04-23 21:21:51.788913
user_00648,ramosjennifer@example.com,Michaela,Lucero,21.0,Female,USA,Ohio,West Marymouth,Premium,2025-04-20,True,22.84,Smart TV,1.0,2024-02-19 20:02:29.758468
user_00649,qmonroe@example.org,James,Daniel,23.0,Female,Canada,Ontario,South Bradley,Basic,2024-08-25,True,,Desktop,3.0,2023-02-08 14:17:08.751628
user_00651,danastevens@example.net,Kyle,Burgess,24.0,Female,Canada,Prince Edward Island,Brianport,Basic,2023-06-03,True,40.4,Gaming Console,,2023-10-30 16:18:47.230274
user_00652,nicole24@example.com,Joseph,Kelly,25.0,Male,USA,Indiana,Kelseyhaven,Standard,2025-01-27,False,25.36,Smart TV,3.0,2022-09-12 07:37:12.285087
user_00653,amandaclark@example.net,Michael,Clark,23.0,,Canada,Newfoundland and Labrador,New Kiaraview,Standard,2023-12-27,False,,Tablet,4.0,2025-05-09 05:39:51.134102
user_00658,gailsingleton@example.com,Thomas,Garcia,29.0,,USA,Texas,South Elizabeth,Standard,2024-09-14,True,,Mobile,,2023-10-01 17:49:55.025085
user_00660,pmelendez@example.org,Vincent,Clark,19.0,Female,USA,New York,West Patrickburgh,Standard,2023-01-14,True,22.3,Tablet,1.0,2023-09-30 21:53:17.330971
user_00663,floydtina@example.net,Monica,Hernandez,27.0,Male,USA,Indiana,Jamesmouth,Standard,2022-09-24,True,23.9,Gaming Console,2.0,2022-09-15 17:29:34.065241
user_00664,mrichardson@example.net,Johnny,Leonard,25.0,Male,USA,Ohio,Guystad,Standard,2022-08-21,True,11.66,Desktop,5.0,2023-06-25 05:57:16.476110
user_00668,rbrowning@example.com,Adam,Smith,27.0,Male,USA,Virginia,West Joseph,Premium,2022-11-16,True,6.85,Mobile,4.0,2022-08-22 20:57:39.411763
user_00669,bryceroberts@example.net,Brianna,Weaver,29.0,Male,Canada,Alberta,West Matthewstad,Premium,2023-01-15,True,5.14,Gaming Console,4.0,2023-03-21 20:52:57.957377
user_00672,michellewang@example.net,Andrea,Potter,24.0,Female,Canada,Ontario,Luisstad,Basic,2024-07-30,True,11.46,Smart TV,4.0,2024-02-04 10:56:19.563187
user_00675,craneandrew@example.net,Andrea,Jefferson,28.0,,Canada,New Brunswick,Woodbury,Basic,2024-01-01,True,9.61,Desktop,2.0,2023-07-22 16:27:39.308529
user_00676,klinejamie@example.com,John,Fritz,23.0,Male,USA,Maryland,Porterville,Basic,2025-03-14,True,3.77,Gaming Console,5.0,2023-04-28 08:56:06.119027
user_00685,jessicalowery@example.org,Bruce,Sanchez,22.0,Male,USA,Missouri,Garciaton,Standard,2024-12-14,True,,Desktop,,2023-03-06 07:09:26.080528
user_00687,vwelch@example.net,Willie,Baker,26.0,Male,Canada,Alberta,Joshuaside,Premium,2024-06-18,True,45.54,Tablet,3.0,2025-07-08 20:09:24.440342
user_00703,bliu@example.com,Brandon,Thompson,23.0,Female,Canada,Nova Scotia,New Eric,Standard,2024-11-14,True,6.2,Laptop,4.0,2024-05-17 08:14:54.889223
user_00708,jeremylopez@example.net,Mark,Barnett,19.0,Female,USA,Arizona,West Robert,Standard,2024-04-27,True,26.58,Mobile,3.0,2024-10-30 14:22:23.257115
user_00709,bauertiffany@example.org,Cynthia,Martin,24.0,Female,USA,North Carolina,New Timothystad,Premium,2024-06-21,True,6.55,Tablet,,2023-12-11 10:48:02.504510
user_00711,caseyronald@example.org,Cody,Greer,23.0,Male,Canada,Alberta,Davidstad,Premium+,2023-12-11,True,13.73,Tablet,1.0,2025-06-26 20:33:28.854390
user_00713,erik29@example.org,Amber,Garrison,29.0,Female,USA,Ohio,South Kennethhaven,Basic,2025-04-07,False,8.22,Laptop,4.0,2023-07-21 19:20:46.776810
user_00714,jonesjeanette@example.net,Jason,Brown,26.0,Male,USA,Tennessee,East Timothy,Premium,2024-11-16,True,18.44,Laptop,2.0,2023-10-05 18:11:40.455073
user_00718,rebecca85@example.com,Tonya,Smith,24.0,Male,Canada,Prince Edward Island,New Troy,Standard,2024-07-31,False,7.61,Gaming Console,1.0,2025-07-30 20:02:10.712748
user_00723,matthew75@example.org,Marcus,Lopez,20.0,Male,USA,Arizona,Katherineside,Premium,2023-10-12,True,26.01,Gaming Console,2.0,2023-03-08 16:50:52.005241
user_00724,jphelps@example.net,Amanda,Anderson,27.0,Male,Canada,Nova Scotia,Port Stephanieport,Premium,2023-07-22,False,5.82,Smart TV,2.0,2023-11-30 23:11:12.350333
user_00727,amber12@example.com,Laura,Davis,21.0,Female,USA,North Carolina,Danielbury,Premium,2024-09-26,True,46.72,Desktop,1.0,2023-12-25 21:27:35.647482
user_00730,arellanobrian@example.com,Kim,Austin,27.0,Male,USA,Indiana,Lake James,Standard,2025-02-02,True,,Gaming Console,7.0,2024-07-14 15:19:49.065576
user_00738,patricia98@example.org,Jocelyn,Williams,20.0,Female,USA,Illinois,Lopezside,Premium,2025-01-20,False,3.15,Tablet,8.0,2024-10-20 07:17:15.648616
user_00740,adam35@example.org,Margaret,Lowery,30.0,Male,USA,Pennsylvania,East Donaldbury,Premium,2025-03-25,True,,Mobile,3.0,2024-08-17 14:14:56.257979
user_00744,wlopez@example.net,John,Kim,27.0,Other,USA,California,Harperton,Premium,2024-11-21,False,,Laptop,4.0,2022-09-20 00:24:21.246890
user_00750,sherifisher@example.com,Jessica,Farley,30.0,Female,USA,New York,Matthewfurt,Premium,2024-10-02,False,26.78,Smart TV,3.0,2023-04-29 15:00:36.866315
user_00753,robertmcdonald@example.net,Kathryn,Stewart,25.0,Other,USA,California,Port Camerontown,Premium,2025-05-06,True,18.16,Gaming Console,2.0,2023-08-01 07:28:03.464880
user_00757,vanessa51@example.org,Claire,Rangel,30.0,Female,USA,Indiana,Lake Malik,Standard,2023-08-25,True,,Gaming Console,3.0,2022-08-20 13:16:45.792611
user_00763,hflores@example.org,Lisa,Jacobs,29.0,Male,USA,Missouri,Robertsshire,Basic,2023-11-29,True,2.36,Desktop,1.0,2022-10-29 05:51:33.743041
user_00764,douglas89@example.org,Jacqueline,Lopez,29.0,Male,USA,Texas,East Ralph,Premium+,2024-05-22,True,17.89,Tablet,4.0,2023-03-30 05:17:24.805128
user_00768,reginaldsmith@example.net,Edward,Robinson,25.0,Female,USA,Tennessee,Kennedyview,Basic,2023-03-06,True,25.75,Gaming Console,2.0,2023-10-06 20:19:28.339419
user_00771,smithmitchell@example.org,Shirley,Kent,18.0,Female,Canada,Manitoba,Buchananside,Standard,2024-04-25,True,43.98,Tablet,,2024-09-06 05:51:36.467578
user_00772,kimberly93@example.net,Lisa,Burns,24.0,Male,Canada,Newfoundland and Labrador,West Williamville,Standard,2024-11-01,True,7.21,Laptop,,2022-10-31 03:51:46.884791
user_00774,mallory78@example.org,Sue,Galloway,19.0,Male,Canada,Quebec,New Cassie,Standard,2024-10-13,True,,Desktop,,2024-02-27 16:22:34.394931
user_00776,daniel47@example.com,Jasmine,Mitchell,24.0,Male,USA,Florida,Stephanieville,Basic,2025-03-10,True,18.12,Mobile,1.0,2023-09-11 04:42:27.936783
user_00780,dayheidi@example.com,Bobby,Dodson,29.0,Male,USA,Florida,Marcusfurt,Standard,2024-02-12,True,3.89,Tablet,2.0,2024-01-24 09:55:50.458940
user_00782,angela86@example.org,Karen,Cook,30.0,Female,USA,Tennessee,Philipport,Premium,2022-09-02,True,31.48,Smart TV,,2023-03-15 05:51:16.647963
user_00783,hughesdaniel@example.org,Kathleen,Whitaker,26.0,Male,USA,North Carolina,Michaelton,Standard,2024-04-14,True,17.41,Gaming Console,1.0,2023-03-28 15:06:07.599257
user_00784,alexander25@example.org,Stacey,Cortez,25.0,Female,Canada,Alberta,Guzmanburgh,Basic,2024-01-10,True,16.38,Desktop,7.0,2024-12-21 04:06:48.998214
user_00786,xharmon@example.org,Robert,Evans,23.0,Female,USA,Indiana,West Donaldmouth,Premium,2022-12-11,False,10.2,Laptop,1.0,2025-03-24 14:56:24.112517
user_00791,alowe@example.com,Christopher,Dyer,24.0,Female,USA,Tennessee,Debbiemouth,Premium,2025-04-03,True,5.33,Smart TV,5.0,2024-02-08 21:23:45.328830
user_00792,amber29@example.org,Makayla,Miller,25.0,Female,USA,Wisconsin,New Amyhaven,Basic,2024-04-23,True,24.29,Desktop,,2025-05-23 00:38:20.869740
user_00796,kevinharvey@example.com,Erin,Porter,30.0,Male,Canada,Prince Edward Island,West Jackiefurt,Premium,2023-11-08,True,42.07,Tablet,,2025-06-08 01:01:39.455096
user_00801,ericksonrachael@example.com,Robert,Ramirez,30.0,,USA,Illinois,North Christopherstad,Standard,2023-10-15,True,6.58,Laptop,4.0,2025-04-22 11:14:01.036139
user_00802,johnsonchristopher@example.org,Sean,Grant,20.0,Female,Canada,Newfoundland and Labrador,Port Dianashire,Premium,2022-12-06,True,18.4,Gaming Console,7.0,2023-04-14 13:11:27.194746
user_00805,xfranco@example.org,Richard,Williams,25.0,Female,USA,North Carolina,Johnsonstad,Standard,2023-12-08,True,38.63,Gaming Console,6.0,2024-10-31 08:03:36.023467
user_00809,joseph63@example.net,Leah,Lee,27.0,Prefer not to say,Canada,Manitoba,Jamesmouth,Standard,2022-12-08,True,4.58,Laptop,2.0,2024-07-02 19:00:48.500128
user_00810,isaac75@example.org,Todd,Randolph,27.0,Male,Canada,Ontario,Dustinland,Standard,2022-12-16,True,17.45,Tablet,3.0,2025-01-10 00:23:34.492687
user_00815,johnlynch@example.org,Joshua,Allen,27.0,Prefer not to say,Canada,Quebec,Rileyfurt,Basic,2023-03-23,True,6.91,Desktop,1.0,2025-02-16 10:54:35.971448
user_00821,monicaoliver@example.net,Keith,Mcmahon,29.0,Female,USA,Virginia,North Lindsey,Premium,2024-05-23,True,5.15,Laptop,3.0,2022-10-15 21:39:30.706709
user_00824,mcgrathderek@example.com,Allison,Byrd,30.0,Male,USA,Illinois,Onealmouth,Premium,2024-12-10,True,26.85,Smart TV,4.0,2024-11-03 15:33:00.893105
user_00832,qwilson@example.com,Christina,Jefferson,23.0,Male,USA,Washington,Crystalmouth,Premium,2024-08-02,True,,Gaming Console,2.0,2025-01-02 10:16:09.561516
user_00835,bsullivan@example.org,Thomas,Cook,26.0,Male,Canada,Nova Scotia,West Joefort,Basic,2024-05-07,False,5.89,Mobile,3.0,2023-11-17 08:18:02.729750
user_00841,beth76@example.com,Sarah,Pineda,18.0,Female,USA,Georgia,Douglasstad,Basic,2023-10-04,True,2.36,Desktop,2.0,2022-10-14 10:46:06.759046
user_00843,tuckervanessa@example.org,Nicole,Hunt,22.0,Male,USA,Tennessee,Rebeccaburgh,Premium,2022-09-13,True,41.55,Tablet,2.0,2024-06-25 01:25:23.190933
user_00845,vwilliams@example.org,Bridget,Wells,20.0,Male,USA,Tennessee,Sloanshire,Standard,2025-05-09,False,11.2,Desktop,1.0,2023-12-08 08:18:24.032995
user_00846,montoyaelizabeth@example.net,Ralph,Schmidt,29.0,Male,USA,Wisconsin,Port Shannon,Basic,2022-08-04,True,9.28,Mobile,4.0,2025-06-18 11:14:59.478718
user_00847,usmith@example.net,Kayla,Crawford,25.0,Female,USA,Massachusetts,Kimberlybury,Premium,2024-04-07,True,9.29,Tablet,3.0,2023-02-13 06:32:09.913809
user_00848,cohenchristopher@example.net,Stacey,Garcia,24.0,Female,USA,California,Lake Kelly,Premium,2023-10-31,True,42.16,Gaming Console,3.0,2023-03-14 16:47:30.774408
user_00850,masonmary@example.net,William,Contreras,26.0,Female,USA,Massachusetts,West Kristinastad,Premium,2023-10-01,False,16.42,Laptop,3.0,2024-03-22 13:42:59.126378
user_00851,bartlettchristine@example.org,Francis,Martin,21.0,Male,USA,Ohio,Ritterstad,Premium,2023-08-09,True,,Tablet,3.0,2024-12-18 14:38:03.325176
user_00855,heathercabrera@example.org,Matthew,Zavala,22.0,Male,USA,Michigan,South Kyleport,Premium+,2022-08-26,False,16.57,Smart TV,2.0,2023-07-28 04:43:37.513625
user_00857,rebecca41@example.com,Larry,Davis,28.0,,USA,Indiana,Joyceberg,Standard,2022-11-13,True,11.66,Gaming Console,,2022-11-28 02:59:47.891200
user_00860,derek96@example.net,Joseph,Mann,19.0,Male,Canada,British Columbia,Smithville,Standard,2024-05-10,True,9.16,Laptop,2.0,2024-08-29 13:00:04.095640
user_00863,paullopez@example.net,Tracy,Kim,29.0,Female,USA,Tennessee,South Steventon,Standard,2024-10-30,True,17.01,Desktop,4.0,2023-03-14 10:07:36.728269
user_00866,ksmith@example.org,Rachel,Pacheco,30.0,Female,USA,Michigan,Maddentown,Premium,2025-06-17,True,15.86,Laptop,2.0,2024-11-22 02:58:16.615440
user_00867,aaron32@example.org,Jennifer,King,22.0,Female,USA,Wisconsin,Lake Richard,Premium,2022-11-15,True,13.54,Mobile,3.0,2024-06-17 11:28:44.917444
user_00875,ncoleman@example.com,Leslie,Howe,21.0,Female,USA,Massachusetts,South Kenneth,Premium+,2025-05-14,True,15.55,Desktop,2.0,2024-12-22 22:09:11.083521
user_00882,donna54@example.org,Jessica,Weber,28.0,Male,Canada,Saskatchewan,Clarkchester,Premium,2024-06-09,False,23.46,Smart TV,2.0,2024-11-26 08:49:47.957938
user_00885,sanchezrobert@example.net,Micheal,Lewis,30.0,Male,USA,Massachusetts,Christopherton,Premium,2023-06-17,True,11.32,Laptop,,2023-01-21 17:44:24.867078
user_00891,loriosborn@example.org,Matthew,Rodriguez,24.0,Female,USA,Michigan,East Haleymouth,Basic,2024-06-29,True,6.4,Desktop,7.0,2023-05-19 05:12:24.384575
user_00894,qjones@example.org,David,Shepard,28.0,Female,Canada,New Brunswick,Crystalmouth,Standard,2024-01-23,True,16.79,Gaming Console,3.0,2023-11-15 18:32:05.902474
user_00896,cisneroskatrina@example.com,Michael,Hicks,22.0,Male,USA,Washington,Armstrongfort,Standard,2023-11-10,False,19.83,Mobile,,2024-06-13 17:00:06.500054
user_00897,kara01@example.org,Peggy,Leon,19.0,Female,USA,Georgia,West Kenneth,Premium,2025-03-04,True,29.72,Tablet,1.0,2023-10-23 12:42:35.392766
user_00899,lbraun@example.org,Katelyn,Wang,24.0,Male,USA,Tennessee,Mariamouth,Standard,2025-04-02,True,,Smart TV,5.0,2023-01-09 03:33:33.099313
user_00900,kwalsh@example.org,Mark,Phillips,30.0,Female,Canada,Prince Edward Island,East Pamela,Premium+,2023-02-20,True,14.85,Gaming Console,,2023-06-21 16:26:39.017212
user_00902,kylehahn@example.net,Abigail,Nguyen,30.0,Male,USA,Georgia,New Dillon,Standard,2025-02-03,True,47.13,Mobile,4.0,2025-01-26 08:11:53.343997
user_00905,raymond23@example.net,Melissa,Garrett,26.0,Female,USA,New Jersey,Port Susanfort,Premium,2022-08-03,True,21.59,Tablet,2.0,2024-05-21 22:22:50.307267
user_00907,brian62@example.net,Monica,May,22.0,Female,Canada,Newfoundland and Labrador,Lake Michealview,Basic,2022-08-20,True,14.22,Laptop,3.0,2023-11-28 21:34:37.551824
user_00914,rmueller@example.net,Jesus,Delacruz,28.0,Male,Canada,Saskatchewan,North Melanie,Premium,2024-03-19,True,5.44,Tablet,2.0,2023-10-24 14:09:48.552104
user_00915,ashleycole@example.net,Trevor,Powell,29.0,Male,USA,Arizona,Mendozaton,Premium,2025-03-02,True,24.48,Laptop,6.0,2023-04-18 14:32:00.803757
user_00919,deborah49@example.com,Deborah,Reed,29.0,Female,USA,New Jersey,Lake Dianaland,Premium,2025-05-10,True,29.59,Mobile,7.0,2025-04-09 22:54:49.676355
user_00920,mmyers@example.net,Anthony,Hill,21.0,Other,USA,Indiana,Lake Courtneymouth,Standard,2024-06-01,True,3.02,Desktop,,2023-09-28 08:19:24.489079
user_00925,oshah@example.net,Matthew,Garcia,26.0,Female,USA,Virginia,Woodtown,Standard,2024-02-21,True,38.99,Smart TV,3.0,2025-06-08 12:59:12.401709
user_00928,danieldaniel@example.com,Lisa,Luna,18.0,Female,USA,Indiana,Port Ronald,Basic,2022-09-21,True,15.08,Mobile,2.0,2025-06-11 23:54:57.294638
user_00931,tonya48@example.net,Jessica,Oconnell,25.0,Male,USA,Wisconsin,Gregoryberg,Standard,2025-06-16,True,19.69,Laptop,7.0,2025-06-28 07:50:42.478875
user_00933,timothy83@example.net,Angela,Fleming,27.0,Male,USA,Indiana,Justinhaven,Standard,2023-09-28,True,46.0,Desktop,5.0,2023-01-07 22:24:15.173496
user_00935,mclaughlinjames@example.org,James,Johns,24.0,,USA,Massachusetts,Claireton,Premium,2024-10-19,True,18.8,Gaming Console,1.0,2024-02-23 09:30:42.769571
user_00936,tracy38@example.com,Andrew,Wang,18.0,Female,USA,Georgia,Lake Stephenburgh,Basic,2024-01-10,True,25.62,Smart TV,2.0,2023-05-15 07:56:38.036557
user_00939,gkeith@example.net,Lauren,Bowman,19.0,Male,USA,Michigan,East Peggy,Standard,2024-07-18,True,24.24,Tablet,2.0,2024-12-14 23:29:41.785260
user_00941,becky79@example.net,Henry,Munoz,30.0,Male,USA,Ohio,East Ashleymouth,Basic,2023-01-26,True,1.24,Mobile,4.0,2023-04-30 03:41:31.128465
user_00944,andrespence@example.org,Deanna,Rodriguez,30.0,Female,USA,New Jersey,Maryburgh,Standard,2025-03-14,True,8.95,Gaming Console,1.0,2022-08-28 02:20:15.477175
user_00945,kimberlyblair@example.net,Elizabeth,Turner,21.0,Male,USA,Tennessee,Desireehaven,Premium+,2022-10-03,True,14.98,Gaming Console,,2025-04-27 23:43:28.703679
user_00951,tanyawilson@example.com,Rodney,Dunn,30.0,Female,Canada,Prince Edward Island,Parkerberg,Standard,2025-02-14,True,12.84,Gaming Console,1.0,2025-05-30 16:54:52.333213
user_00956,wross@example.org,Evan,Stephens,23.0,Male,Canada,Prince Edward Island,Sethberg,Premium,2025-03-10,False,5.11,Desktop,2.0,2025-07-05 12:32:00.179352
user_00959,james39@example.com,Lynn,Weeks,26.0,Female,USA,Missouri,Kimberg,Premium,2023-08-24,True,8.55,Desktop,2.0,2024-02-28 21:39:50.833088
user_00960,dsmith@example.com,Robert,Collins,28.0,Male,USA,Georgia,Port Carlosville,Basic,2023-12-04,True,8.59,Gaming Console,4.0,2024-08-02 09:47:24.780759
user_00962,deborah97@example.com,Danielle,Gonzalez,19.0,Female,USA,Washington,Port Robertside,Premium,2022-11-21,False,,Gaming Console,8.0,2025-06-14 23:28:57.121057
user_00965,mccoydonna@example.com,Melissa,Young,18.0,Female,USA,Maryland,North Christopher,Basic,2025-06-21,True,9.58,Desktop,3.0,2025-05-15 16:23:51.239195
user_00971,wallaceeric@example.com,Paul,Zavala,29.0,Female,USA,Michigan,Port Crystal,Basic,2024-03-18,True,9.73,Mobile,1.0,2022-08-03 10:43:13.674940
user_00976,collinmiller@example.com,Zachary,Cobb,24.0,Female,USA,Tennessee,South Courtney,Basic,2024-03-22,True,26.17,Mobile,3.0,2024-09-06 20:21:18.664506
user_00978,kirkkimberly@example.com,Heidi,Small,21.0,Male,Canada,Alberta,Danielfort,Basic,2023-11-08,True,5.44,Gaming Console,6.0,2023-04-08 20:59:44.011056
user_00983,melissawilson@example.org,Herbert,Patterson,25.0,Female,Canada,Quebec,Collinsberg,Standard,2024-06-04,True,68.94,Mobile,4.0,2022-09-02 11:24:46.987464
user_00992,jbush@example.org,Darlene,Allen,25.0,Female,Canada,Alberta,New Stephen,Standard,2025-03-17,True,9.73,Gaming Console,,2024-12-30 22:12:37.843759
user_00993,nicoleduran@example.net,Kevin,Olson,24.0,Male,USA,Maryland,Garciamouth,Premium,2023-05-07,True,18.05,Desktop,4.0,2022-09-11 23:40:51.779824
user_00994,lpage@example.com,Rebecca,Vargas,24.0,Other,Canada,Nova Scotia,East Ashley,Premium,2023-01-14,True,,Tablet,,2025-07-17 17:12:17.517215
user_00995,myerslisa@example.net,Tonya,Joseph,27.0,Male,Canada,Newfoundland and Labrador,East David,Premium,2022-08-18,True,,Laptop,4.0,2023-02-11 14:53:27.923013
user_00997,bryan38@example.com,Debra,Lawrence,28.0,Female,Canada,Quebec,Hillside,Standard,2023-03-03,True,1.23,Tablet,2.0,2023-10-24 20:33:01.371859
user_01003,osweeney@example.net,Omar,Levine,19.0,Female,USA,Ohio,Sarahland,Standard,2023-09-01,True,13.81,Mobile,2.0,2025-07-02 13:54:20.287225
user_01006,cbass@example.com,Kimberly,Smith,19.0,Male,USA,North Carolina,Port Molly,Basic,2025-01-28,True,8.16,Laptop,4.0,2025-05-26 23:05:25.295550
user_01008,adam17@example.net,Eugene,Love,30.0,Female,Canada,Nova Scotia,East Victorialand,Standard,2025-05-29,True,18.47,Gaming Console,5.0,2022-08-09 21:58:17.320076
user_01010,jeremy70@example.net,James,Ford,23.0,,USA,Texas,Erintown,Premium,2023-05-10,True,14.29,Tablet,,2025-03-21 07:09:14.108874
user_01014,jlee@example.org,Patricia,Payne,25.0,Male,Canada,Alberta,Laurenfurt,Standard,2023-10-20,True,8.96,Mobile,4.0,2024-03-16 23:16:33.372725
user_01018,estradaian@example.com,Monica,Smith,27.0,Male,USA,Illinois,North Luismouth,Premium,2025-03-04,True,5.25,Smart TV,6.0,2025-04-22 08:19:26.583302
user_01024,ethanbailey@example.org,Trevor,Edwards,26.0,,Canada,Ontario,Whiteville,Standard,2024-03-12,True,27.66,Smart TV,3.0,2024-05-01 21:40:47.389462
user_01025,jefferywalker@example.com,Chad,Duncan,28.0,Prefer not to say,USA,Virginia,West Johnside,Standard,2024-02-12,True,927.72,Smart TV,5.0,2022-08-18 08:23:41.040699
user_01027,gary03@example.org,Emily,Salinas,25.0,Female,Canada,Manitoba,Woodhaven,Basic,2022-10-26,True,51.57,Smart TV,6.0,2025-07-15 11:53:47.005818
user_01033,nunezjill@example.net,David,Irwin,27.0,Female,USA,Maryland,East Melissa,Standard,2024-09-25,False,,Gaming Console,2.0,2023-08-31 15:01:29.219611
user_01034,sanchezjennifer@example.org,Wesley,Rogers,23.0,Male,USA,North Carolina,Kingborough,Standard,2024-08-18,True,13.49,Smart TV,,2023-08-15 11:22:44.425009
user_01036,valenciaerik@example.net,David,Baker,27.0,Male,USA,Tennessee,New Paulburgh,Standard,2024-04-14,True,6.99,Tablet,1.0,2025-05-27 19:50:24.037358
user_01040,joseph21@example.net,Amanda,Avery,25.0,Female,USA,Virginia,Hernandezbury,Standard,2025-04-22,False,15.69,Tablet,5.0,2024-07-24 01:41:50.136388
user_01044,armstrongsara@example.net,William,Lopez,25.0,Male,USA,Maryland,West Kristin,Premium+,2024-04-23,True,,Gaming Console,3.0,2023-06-30 01:45:37.093910
user_01052,gonzalezcindy@example.com,April,Thompson,20.0,Female,Canada,Newfoundland and Labrador,New Jessica,Basic,2024-12-08,True,2.39,Gaming Console,1.0,2022-12-21 03:01:28.167780
user_01057,ann92@example.net,Gregory,Sullivan,25.0,,USA,Indiana,Port Pamela,Standard,2023-03-21,True,,Mobile,2.0,2025-04-15 10:58:55.039660
user_01058,plin@example.org,Amanda,Sanders,24.0,,Canada,Manitoba,Danbury,Premium+,2024-01-16,True,6.69,Mobile,1.0,2023-04-11 02:47:54.709076
user_01062,deandenise@example.org,Jessica,Hernandez,22.0,,USA,Maryland,New John,Standard,2025-04-20,True,2.91,Gaming Console,,2023-12-23 02:57:13.502726
user_01067,yvelasquez@example.com,Hannah,Scott,20.0,,USA,Texas,North Richardstad,Premium+,2024-09-06,True,9.35,Laptop,5.0,2023-03-09 07:34:50.199212
user_01069,martinevan@example.com,Ronald,Archer,23.0,Female,USA,Illinois,Sabrinaside,Premium+,2024-06-02,True,8.69,Gaming Console,3.0,2025-05-09 23:38:54.029705
user_01079,mooreamanda@example.com,Frank,Henderson,28.0,Male,USA,California,South Karen,Standard,2023-03-08,True,18.64,Laptop,3.0,2024-02-24 04:32:04.126129
user_01081,xlogan@example.org,Melissa,Parsons,20.0,Male,Canada,Quebec,Johnton,Basic,2023-06-02,True,18.88,Laptop,2.0,2023-03-21 20:08:46.512962
user_01083,gibsonfrank@example.org,Kelly,Brown,28.0,Female,Canada,Prince Edward Island,Donnaside,Basic,2024-10-09,True,14.53,Mobile,,2025-01-30 09:03:45.351146
user_01088,jill17@example.org,Gregory,Dougherty,25.0,Other,USA,Georgia,East Angela,Basic,2023-01-28,True,23.05,Smart TV,,2025-02-27 06:32:16.298835
user_01089,danielthompson@example.net,Gina,Garza,27.0,Male,USA,Ohio,East Jody,Premium+,2024-08-29,True,18.2,Laptop,3.0,2023-03-12 19:07:21.379853
user_01093,jonessandra@example.com,Bobby,Stewart,21.0,Male,USA,Missouri,South John,Premium,2024-07-09,True,14.83,Laptop,1.0,2025-01-24 20:48:57.804249
user_01095,calebday@example.org,Clinton,Casey,25.0,Male,USA,California,Williamville,Basic,2024-03-14,True,28.04,Desktop,2.0,2024-03-20 12:40:58.359914
user_01097,ashleyshaw@example.com,Danielle,Sanchez,30.0,Male,USA,Virginia,Kimberlyfurt,Basic,2023-06-06,True,0.69,Gaming Console,2.0,2024-10-31 16:37:41.881959
user_01104,dudleyjames@example.net,James,Love,21.0,Female,USA,Michigan,Lake Amberhaven,Basic,2023-08-19,True,5.29,Tablet,5.0,2023-12-21 07:00:57.944436
user_01106,kaylahowell@example.com,Sue,Murray,19.0,Male,Canada,Alberta,Tarachester,Standard,2024-03-16,True,7.0,Smart TV,2.0,2023-08-21 12:15:18.458474
user_01110,leahpham@example.com,Robert,Roberts,28.0,Other,Canada,New Brunswick,Jamieshire,Standard,2025-07-29,True,34.04,Gaming Console,4.0,2024-11-30 19:03:05.302401
user_01112,larsenharold@example.net,Michael,Carrillo,29.0,Other,USA,Georgia,Port Elizabeth,Standard,2023-07-29,True,13.17,Gaming Console,,2024-08-02 15:35:44.487509
user_01127,brittanysanders@example.org,Jeffrey,Taylor,27.0,Other,USA,Indiana,Sotochester,Premium+,2025-07-01,True,10.41,Smart TV,,2022-09-29 18:27:43.960699
user_01140,johnsondaniel@example.net,Susan,Walters,30.0,Prefer not to say,Canada,Nova Scotia,Amandaport,Standard,2025-01-25,True,6.03,Desktop,2.0,2025-07-06 17:46:07.999610
user_01143,uhubbard@example.com,Melissa,Guerra,24.0,Male,Canada,Quebec,Taylorfort,Standard,2023-12-12,True,33.9,Smart TV,7.0,2022-08-26 09:06:50.863470
user_01144,mccormickkatherine@example.com,James,Garza,28.0,Male,USA,Georgia,Harrisfort,Standard,2024-07-16,True,29.6,Mobile,2.0,2025-06-21 22:25:53.875154
user_01147,smithjasmine@example.com,Cory,Moore,28.0,Male,USA,Illinois,Port Andrea,Standard,2022-10-06,True,23.36,Mobile,,2024-09-24 01:23:12.231296
user_01160,audreyrose@example.com,Ryan,Klein,26.0,Male,USA,Virginia,North Whitney,Premium,2024-10-24,False,,Desktop,2.0,2024-08-24 02:01:17.403442
user_01163,ysmith@example.net,Kevin,Bender,26.0,Female,USA,Pennsylvania,Cookefurt,Standard,2022-09-15,True,9.92,Desktop,1.0,2025-05-08 14:56:14.990140
user_01164,johnwilson@example.org,Stephanie,Noble,28.0,Female,Canada,Prince Edward Island,Christopherside,Standard,2024-08-31,True,9.71,Tablet,4.0,2024-02-03 07:09:52.972015
user_01165,teresalopez@example.com,Casey,Nguyen,23.0,Male,USA,Washington,Roberttown,Standard,2023-07-20,False,,Smart TV,1.0,2023-06-09 13:54:32.868043
user_01169,michael04@example.net,Danny,Brown,27.0,Prefer not to say,USA,Virginia,North Joseph,Premium,2022-08-27,True,5.36,Laptop,5.0,2022-12-21 02:08:18.472909
user_01178,jenniferrice@example.com,Amanda,Sullivan,29.0,Male,USA,Pennsylvania,Melanieville,Basic,2023-02-17,False,12.97,Mobile,5.0,2025-01-12 06:38:39.946196
user_01180,dbrown@example.org,Bryan,Garcia,26.0,Female,USA,Massachusetts,North Christopherview,Standard,2025-05-26,True,12.41,Tablet,3.0,2023-06-25 09:23:28.774556
user_01184,patriciarhodes@example.net,John,Hampton,25.0,Female,Canada,Prince Edward Island,Morganbury,Basic,2023-12-05,True,11.61,Desktop,4.0,2024-04-07 07:10:51.063756
user_01185,whitejustin@example.org,Kristen,Camacho,20.0,Female,USA,North Carolina,East Deniseport,Premium,2024-12-24,False,6.07,Gaming Console,3.0,2023-03-24 18:34:03.980390
user_01189,smithroberta@example.net,Caroline,Cervantes,27.0,Male,USA,Illinois,North Dylan,Basic,2025-04-27,True,37.44,Mobile,1.0,2024-01-06 22:19:43.989560
user_01190,zwolfe@example.net,Jerry,Hall,26.0,Female,Canada,New Brunswick,North Markville,Premium,2025-04-27,True,14.25,Mobile,3.0,2023-05-14 11:51:10.961202
user_01194,wardlinda@example.net,Amanda,Olson,30.0,Female,Canada,Alberta,North Tommy,Standard,2025-07-09,False,,Gaming Console,,2024-11-30 16:42:35.407147
user_01195,lori48@example.com,Emily,Williams,18.0,Male,Canada,Ontario,Jordanfurt,Basic,2025-07-12,True,17.45,Tablet,2.0,2023-02-22 19:18:59.405208
user_01200,zclark@example.net,Stanley,White,20.0,,Canada,British Columbia,Lake Dylan,Premium,2022-11-26,True,10.45,Smart TV,2.0,2025-02-04 00:01:32.532004
user_01202,houstonstephanie@example.org,Breanna,Lopez,30.0,Female,USA,Wisconsin,Cooleyshire,Standard,2022-11-14,True,46.69,Tablet,4.0,2023-02-21 02:30:33.134606
user_01223,sjackson@example.com,Dennis,Smith,26.0,Male,USA,California,New Michaelborough,Standard,2022-10-14,True,10.47,Smart TV,2.0,2024-07-12 00:27:03.510473
user_01224,christinawilliams@example.org,John,Ryan,30.0,Female,Canada,Ontario,East Kenneth,Basic,2022-11-12,True,47.98,Smart TV,,2023-09-25 23:42:28.756209
user_01225,barnesandrew@example.net,Steven,Flores,25.0,Female,Canada,British Columbia,Rodriguezchester,Standard,2024-01-03,True,4.56,Smart TV,2.0,2025-03-13 16:26:09.562658
user_01226,jeffery85@example.org,Ashley,Ford,25.0,Male,Canada,Newfoundland and Labrador,Rodneymouth,Standard,2024-07-24,True,4.58,Smart TV,2.0,2024-08-09 19:33:49.354624
user_01227,kristinwilson@example.net,Justin,Hanna,20.0,Other,Canada,Manitoba,East Jennifer,Premium,2023-08-19,False,16.03,Desktop,5.0,2022-12-08 12:10:36.111772
user_01235,donna18@example.com,Shawna,Chavez,25.0,Male,Canada,Saskatchewan,North Kimberlyport,Standard,2022-09-15,True,9.13,Tablet,4.0,2024-07-15 01:58:57.659332
user_01242,susanturner@example.net,Daniel,Hampton,22.0,Male,USA,Arizona,Johnsonfurt,Premium,2022-10-10,True,40.0,Gaming Console,1.0,2025-01-17 00:59:52.548809
user_01249,dawncook@example.net,Rachel,White,25.0,Female,Canada,New Brunswick,West Francis,Standard,2023-03-25,True,,Gaming Console,2.0,2024-05-05 16:30:31.231849
user_01251,meganvance@example.com,Michael,Hale,30.0,Female,Canada,Saskatchewan,Walterland,Standard,2024-12-14,True,6.09,Desktop,3.0,2024-08-16 19:09:22.113675
user_01252,rwilcox@example.net,David,Bolton,23.0,Male,Canada,Manitoba,Joshuafurt,Premium,2023-01-15,True,7.81,Smart TV,2.0,2025-06-20 18:17:01.897233
user_01253,zjohnson@example.com,Justin,Anderson,23.0,Female,USA,Pennsylvania,Faulknerburgh,Standard,2024-10-30,True,14.0,Gaming Console,1.0,2023-02-22 20:51:42.520150
user_01254,gabrieljenkins@example.net,Alex,Sanders,26.0,Male,Canada,New Brunswick,Thompsonstad,Premium,2024-05-31,True,28.44,Smart TV,,2024-05-08 08:10:11.374547
user_01256,millsmichelle@example.com,Cody,Morrison,30.0,Other,Canada,British Columbia,East Vickiefurt,Standard,2022-09-03,True,36.84,Desktop,3.0,2023-06-16 09:11:49.702922
user_01257,jspears@example.net,Sue,Figueroa,27.0,Male,USA,Wisconsin,Port Justinshire,Premium,2023-03-28,True,282.42,Gaming Console,2.0,2022-08-21 08:24:05.642817
user_01262,melissa10@example.org,Tracy,Day,25.0,Male,USA,Missouri,Ewingstad,Standard,2023-04-06,True,17.54,Laptop,5.0,2024-11-10 03:42:19.257489
user_01266,william55@example.net,Jessica,Morris,22.0,,USA,Pennsylvania,Josephfurt,Premium,2023-05-01,True,15.22,Laptop,3.0,2025-05-09 03:11:44.948780
user_01268,gregorybrock@example.org,Brianna,Mack,18.0,Female,Canada,Saskatchewan,New Nathan,Standard,2024-08-21,True,13.84,Mobile,1.0,2024-06-21 13:22:43.885855
user_01271,greenechristina@example.net,Michelle,Davis,18.0,Female,USA,Washington,Grayville,Premium,2024-03-12,True,24.7,Tablet,3.0,2024-04-08 15:14:15.298117
user_01274,barbarafisher@example.com,Whitney,Salas,30.0,Male,USA,Washington,West Jacqueline,Premium,2025-05-09,True,,Tablet,1.0,2023-04-14 09:00:21.506931
user_01277,brianyang@example.net,Douglas,Johnson,20.0,Male,USA,Maryland,Ericborough,Premium+,2024-11-08,True,,Desktop,4.0,2024-09-03 19:35:31.895061
user_01283,alisha90@example.com,Harold,Jones,29.0,Other,USA,Illinois,Kyleshire,Premium,2022-10-03,True,18.6,Laptop,,2025-06-29 10:00:17.852259
user_01286,ingramtara@example.net,Melanie,Weaver,21.0,Female,USA,Missouri,Port Dawnshire,Standard,2023-01-28,False,12.21,Desktop,2.0,2023-11-19 22:54:54.067255
user_01287,jakeroth@example.net,Jason,Clark,25.0,Female,USA,Ohio,Jonathonburgh,Premium+,2023-07-21,False,8.98,Gaming Console,3.0,2025-01-12 14:31:24.470314
user_01292,perryjessica@example.net,Stephanie,Mcfarland,20.0,Female,USA,North Carolina,Port Scottborough,Premium,2022-09-28,True,,Mobile,4.0,2024-12-23 23:37:33.618773
user_01294,ronniefisher@example.com,Meagan,Greer,29.0,Male,USA,Ohio,East Jasmineborough,Basic,2024-06-27,True,0.8,Smart TV,3.0,2025-03-27 15:11:40.959769
user_01302,michael57@example.net,Stephanie,Porter,28.0,Female,USA,Michigan,Markstad,Standard,2023-08-22,True,9.94,Smart TV,3.0,2023-05-09 05:20:14.841252
user_01304,gregoryscott@example.com,Casey,Fitzpatrick,22.0,Prefer not to say,USA,California,Port Melanie,Premium+,2023-03-10,True,6.83,Gaming Console,3.0,2025-04-28 12:44:21.113697
user_01307,kparrish@example.com,Mary,Branch,28.0,,USA,New Jersey,East Michaelview,Premium,2023-06-25,True,6.61,Desktop,6.0,2023-12-24 12:38:52.675299
user_01312,stephenroberson@example.com,Corey,Lee,22.0,Male,Canada,Ontario,Powellshire,Premium,2024-07-22,True,23.18,Smart TV,2.0,2023-09-14 03:55:59.538974
user_01315,ljoyce@example.com,Chad,Fisher,30.0,Male,USA,Ohio,Jameshaven,Standard,2025-07-20,True,,Laptop,1.0,2025-02-11 18:06:48.085944
user_01317,bharris@example.org,Gina,Miller,23.0,,Canada,Quebec,Maldonadoburgh,Premium,2025-05-23,True,8.72,Laptop,1.0,2024-06-25 14:29:22.489608
user_01318,paynelindsay@example.org,Sarah,Boone,19.0,,Canada,Saskatchewan,Port Lindsey,Premium+,2022-08-09,False,20.71,Tablet,4.0,2023-10-02 05:40:02.985795
user_01324,michael84@example.com,Tiffany,Johnson,28.0,Female,USA,New Jersey,Swansonchester,Premium+,2025-01-10,True,11.88,Mobile,1.0,2023-11-19 10:17:09.259156
user_01325,timothy78@example.net,Misty,Aguilar,28.0,Other,USA,Maryland,Shawnburgh,Premium,2024-07-28,True,45.37,Gaming Console,,2022-11-25 12:43:18.397774
user_01326,jennifertaylor@example.org,Angie,Day,18.0,,Canada,New Brunswick,East Kevin,Standard,2025-02-23,False,18.93,Desktop,3.0,2022-10-17 15:29:00.484903
user_01330,oroberts@example.org,Kelli,Cain,20.0,Female,USA,North Carolina,Tanyatown,Standard,2024-09-14,True,34.19,Gaming Console,1.0,2022-12-08 19:17:58.081297
user_01336,sara48@example.com,Donald,Armstrong,30.0,Male,Canada,New Brunswick,Fischerbury,Premium,2023-05-05,True,14.13,Mobile,3.0,2023-06-01 11:33:58.733565
user_01338,john76@example.com,Willie,Hale,19.0,Female,USA,New York,North Coryside,Basic,2025-06-24,False,,Tablet,4.0,2023-07-10 22:57:56.992578
user_01344,wilsonjared@example.net,Jason,Lee,27.0,,USA,New Jersey,Hunterfurt,Premium,2024-12-22,True,17.91,Laptop,4.0,2023-04-26 14:41:21.581721
user_01353,kdennis@example.org,David,Werner,29.0,Male,USA,Texas,New Kayla,Standard,2023-10-10,True,4.89,Desktop,1.0,2024-07-07 00:13:46.368980
user_01358,cburke@example.org,Regina,Garcia,27.0,Female,USA,Indiana,Bethshire,Basic,2024-11-24,False,19.3,Desktop,1.0,2025-02-17 16:51:04.595598
user_01362,tarameyer@example.net,Keith,Anderson,25.0,Other,USA,Arizona,Loganfort,Premium,2024-11-25,True,20.42,Mobile,4.0,2025-06-30 15:33:13.623687
user_01363,travis46@example.org,John,Johnson,27.0,Male,USA,Washington,Christinaville,Premium+,2022-12-13,True,16.31,Tablet,1.0,2023-02-04 14:19:43.173199
user_01367,flittle@example.com,Peter,Hodges,27.0,Male,USA,Florida,Richardsonview,Premium,2025-03-16,True,6.57,Smart TV,1.0,2022-08-27 18:50:12.557579
user_01368,carteryolanda@example.com,Mary,Hatfield,25.0,Female,Canada,Ontario,Callahanview,Premium,2024-12-12,False,6.37,Mobile,2.0,2024-12-02 13:44:52.783569
user_01370,belllaura@example.org,Jerome,White,24.0,,Canada,Quebec,Alexanderview,Standard,2023-07-26,True,8.55,Desktop,6.0,2024-03-01 10:17:39.137384
user_01373,curtis45@example.org,Chris,Savage,22.0,Female,USA,Ohio,Lake Josefort,Standard,2024-12-25,True,11.29,Desktop,3.0,2024-10-13 23:23:23.873997
user_01374,thompsondarlene@example.net,Andrew,Avila,21.0,Male,Canada,Manitoba,Lake Wandamouth,Standard,2024-08-02,True,17.09,Tablet,2.0,2023-04-03 05:32:55.511629
user_01377,robert33@example.com,Nathan,Miller,26.0,Male,USA,Illinois,South Robert,Premium+,2023-11-03,True,16.58,Mobile,,2023-06-26 12:23:45.952455
user_01382,ramirezrhonda@example.org,Philip,Ramos,21.0,Female,Canada,Prince Edward Island,Phillipsburgh,Standard,2025-01-26,False,,Smart TV,2.0,2023-06-30 00:24:14.846191
user_01383,xweaver@example.org,Michael,Garza,29.0,Male,Canada,Manitoba,Munozfort,Standard,2023-10-10,False,10.77,Mobile,3.0,2025-01-16 21:51:36.976157
user_01384,davidhall@example.org,Kevin,Smith,30.0,Other,Canada,British Columbia,South Codyshire,Premium,2022-11-26,True,15.48,Tablet,3.0,2024-07-07 14:30:01.778035
user_01385,christine79@example.com,Cassandra,Brown,19.0,Male,Canada,New Brunswick,Lake Bonnie,Premium,2023-11-16,True,49.82,Mobile,2.0,2023-01-10 07:00:34.224617
user_01391,fwalker@example.org,Justin,Obrien,28.0,,Canada,Quebec,North Anthonybury,Standard,2025-01-27,True,23.65,Gaming Console,,2024-04-18 09:49:09.224010
user_01398,kristincarter@example.com,Andrea,Mitchell,25.0,Male,USA,Illinois,Sharpmouth,Standard,2023-09-15,False,26.01,Mobile,2.0,2024-09-06 00:12:16.922338
user_01401,wesley42@example.com,Kerri,Harris,29.0,Prefer not to say,USA,Washington,Sweeneyshire,Basic,2022-08-27,True,11.53,Desktop,3.0,2025-05-27 09:48:56.217278
user_01403,wilsonjacob@example.com,Kathryn,Odonnell,23.0,Male,USA,Texas,Brendantown,Basic,2022-11-28,True,28.44,Gaming Console,4.0,2023-06-18 18:32:32.436912
user_01405,gcruz@example.com,Gloria,Lee,21.0,Female,USA,Missouri,Zacharyborough,Premium,2023-07-08,False,10.25,Mobile,,2023-08-24 01:16:02.310228
user_01416,jamesmaxwell@example.org,Christina,Hernandez,29.0,Male,USA,Washington,Lake Noah,Standard,2023-03-05,True,5.09,Mobile,3.0,2024-06-16 22:57:20.485869
user_01420,patrick86@example.net,Melissa,Burnett,26.0,Female,Canada,Newfoundland and Labrador,North Sherri,Premium,2024-08-30,True,45.29,Mobile,1.0,2023-11-09 20:52:26.541756
user_01422,floresbridget@example.net,Joshua,Simpson,26.0,Prefer not to say,USA,Maryland,Bestborough,Premium,2025-03-22,False,5.12,Mobile,5.0,2025-07-21 00:39:38.418045
user_01425,kaylalong@example.net,William,Taylor,29.0,Female,Canada,Saskatchewan,Meyerstad,Premium,2024-12-03,True,7.12,Desktop,4.0,2024-11-22 19:01:26.320257
user_01426,rhonda31@example.org,Tiffany,Craig,29.0,,Canada,Nova Scotia,Port Chloefort,Premium,2024-05-25,True,26.86,Gaming Console,6.0,2025-07-10 11:40:53.449404
user_01427,burgessdonald@example.com,Thomas,Quinn,28.0,Female,USA,Ohio,Port Jessicafurt,Premium+,2023-11-13,False,4.81,Tablet,2.0,2024-02-11 21:17:55.760954
user_01429,ronaldgraham@example.net,Ashley,West,19.0,Male,USA,Indiana,South Veronicamouth,Standard,2023-02-23,True,18.22,Gaming Console,2.0,2023-12-24 06:21:33.181284
user_01431,stewartsandra@example.net,David,Rodriguez,30.0,Female,USA,North Carolina,Timothyshire,Premium,2024-04-19,True,7.3,Desktop,1.0,2024-05-10 19:10:12.852197
user_01435,cjackson@example.org,Danielle,Shepard,28.0,Female,USA,Arizona,South Denise,Premium+,2023-01-01,True,11.62,Desktop,5.0,2023-09-05 08:13:44.059116
user_01440,lauren50@example.net,Amanda,Ford,29.0,Male,USA,Maryland,South Jamesburgh,Basic,2024-04-14,False,5.86,Smart TV,2.0,2023-12-05 16:16:45.444875
user_01447,dixonkristen@example.com,Ernest,Coleman,28.0,Male,USA,Arizona,New Marisabury,Premium,2024-12-14,True,15.81,Laptop,6.0,2025-05-10 08:41:32.426264
user_01449,kimberly88@example.net,Kyle,Horn,30.0,Male,USA,Tennessee,Debraton,Premium,2023-09-10,True,17.18,Tablet,,2023-10-16 04:00:29.704270
user_01454,eringraham@example.com,Kendra,Taylor,25.0,Female,USA,Wisconsin,Smithport,Standard,2025-02-19,True,12.55,Tablet,2.0,2023-09-15 22:47:18.032771
user_01458,gardnererik@example.org,Jimmy,Ward,29.0,Male,USA,Ohio,North Kelli,Premium+,2024-08-21,True,43.11,Gaming Console,5.0,2025-03-25 22:19:11.819121
user_01462,christinacooper@example.com,Carol,Patterson,24.0,Male,USA,Maryland,South Sean,Standard,2024-08-25,True,20.41,Tablet,2.0,2024-11-01 22:50:58.872351
user_01464,madeline02@example.net,Jeff,Contreras,18.0,Female,USA,Tennessee,Kennethfurt,Standard,2023-02-10,True,11.42,Gaming Console,5.0,2023-03-15 11:12:18.674337
user_01468,ydonovan@example.com,Joshua,Velez,18.0,Male,USA,North Carolina,Newtonberg,Standard,2022-10-30,True,14.41,Desktop,1.0,2023-02-05 17:08:29.258178
user_01483,salazarbarbara@example.org,Troy,Oliver,30.0,Female,USA,Illinois,South Benjamin,Premium,2025-01-28,True,2.87,Tablet,1.0,2023-06-27 21:01:51.716257
user_01486,davenportcolleen@example.net,Chelsea,Houston,24.0,Female,USA,California,Davidberg,Basic,2022-08-04,True,14.95,Tablet,,2024-08-09 20:54:05.517670
user_01495,turnerarthur@example.org,Brian,Ryan,19.0,Male,USA,Maryland,Garnerfurt,Standard,2024-02-16,True,0.87,Laptop,2.0,2024-06-22 11:32:48.680717
user_01496,ashley68@example.org,James,Walker,28.0,Male,USA,New York,Port Christopherberg,Premium,2024-03-26,True,20.99,Gaming Console,2.0,2024-05-22 16:31:07.859388
user_01497,aaroncarter@example.net,Dylan,Stevens,20.0,Female,USA,Virginia,Williamsborough,Premium,2023-07-26,True,7.4,Mobile,4.0,2022-09-28 14:46:36.406989
user_01501,brianaallison@example.com,Kristin,Rivers,24.0,Female,USA,Massachusetts,Pricechester,Premium,2023-06-06,False,5.88,Smart TV,1.0,2025-03-15 16:03:30.760254
user_01503,joanna65@example.com,Jessica,Allen,22.0,Female,Canada,Newfoundland and Labrador,Matthewhaven,Standard,2024-07-19,True,23.47,Gaming Console,2.0,2023-09-07 12:13:02.516852
user_01510,sabrinaperez@example.net,Deanna,Gay,30.0,Female,Canada,Prince Edward Island,Collinsfort,Premium,2023-06-29,True,5.75,Desktop,2.0,2022-11-09 20:59:09.307685
user_01514,robin19@example.com,Julie,Spence,19.0,Male,USA,Arizona,East Bryanmouth,Basic,2024-01-01,True,20.42,Gaming Console,2.0,2023-06-22 12:26:22.822281
user_01544,rodriguezstephanie@example.net,Steven,Miranda,27.0,Male,USA,Ohio,Lake Charles,Standard,2024-08-31,True,6.31,Desktop,4.0,2022-12-27 08:09:56.575373
user_01546,johnthomas@example.com,Michael,Flowers,19.0,Female,USA,North Carolina,Burgessport,Basic,2023-09-02,True,9.19,Laptop,1.0,2024-07-19 06:08:59.473390
user_01551,elizabethtownsend@example.net,Sean,Gomez,18.0,Female,USA,Pennsylvania,Tuckerbury,Standard,2025-03-22,True,12.72,Smart TV,4.0,2024-09-11 14:45:14.831318
user_01552,burnsshawn@example.org,Joseph,Rasmussen,22.0,Male,USA,Tennessee,Loriborough,Standard,2022-10-22,True,20.62,Gaming Console,1.0,2022-09-23 17:02:23.374297
user_01553,frederick49@example.org,Richard,Edwards,30.0,Male,USA,Florida,Mackland,Basic,2024-02-23,False,18.87,Smart TV,2.0,2023-03-05 20:24:43.132913
user_01557,nicholas53@example.org,Glenda,Ramirez,30.0,Male,USA,Illinois,New Connorside,Premium,2022-11-03,True,14.75,Desktop,,2025-05-08 15:07:20.735277
user_01558,mcdanieldrew@example.org,Hannah,Wallace,23.0,Other,USA,California,Kimberlyside,Standard,2025-03-03,False,12.36,Laptop,6.0,2023-05-15 03:28:35.139143
user_01559,anthonyjones@example.net,James,Adams,23.0,Female,USA,Arizona,North Jackburgh,Standard,2025-04-26,True,5.28,Tablet,,2023-03-05 09:18:39.029953
user_01568,fgarcia@example.org,Holly,Johnson,29.0,Male,USA,Indiana,Solomonshire,Premium,2022-10-21,True,5.64,Smart TV,2.0,2025-04-26 06:13:09.140091
user_01573,garciabrett@example.net,Philip,Cox,18.0,Male,USA,California,Petersonberg,Standard,2023-01-15,True,,Laptop,1.0,2024-08-20 13:58:55.045366
user_01584,usmith@example.org,Harold,Collins,27.0,Male,Canada,Quebec,North Dylan,Premium+,2024-10-10,False,8.26,Desktop,3.0,2022-11-01 05:08:42.308016
user_01594,david79@example.com,Courtney,Bradley,29.0,Female,USA,North Carolina,South Hollyfort,Basic,2024-01-07,True,19.22,Mobile,5.0,2023-06-14 14:53:05.977184
user_01596,gaineserika@example.org,John,Goodwin,30.0,Female,Canada,Prince Edward Island,South Lance,Premium,2023-05-12,True,30.11,Tablet,2.0,2023-11-07 11:35:12.802895
user_01597,waltersaimee@example.org,Jeff,Bishop,23.0,Female,USA,Tennessee,Owenburgh,Premium,2024-04-23,True,4.28,Gaming Console,2.0,2025-02-01 23:18:35.739107
user_01603,elijahchang@example.com,Cynthia,Lee,24.0,Male,USA,Wisconsin,North John,Premium,2022-09-20,True,8.99,Gaming Console,2.0,2023-10-15 02:19:21.930223
user_01604,lorrainemurphy@example.org,Jeanne,Valentine,18.0,Female,USA,Georgia,Brownshire,Basic,2024-06-26,False,51.19,Laptop,4.0,2023-05-29 14:55:02.968747
user_01605,stacey64@example.org,Brittney,Watson,21.0,Other,Canada,Alberta,East Malikhaven,Premium,2025-05-29,True,28.61,Smart TV,2.0,2024-05-06 13:57:30.617250
user_01611,rosegina@example.com,Victoria,Guerrero,30.0,Female,USA,Indiana,Victoriaside,Standard,2023-09-22,True,24.2,Mobile,1.0,2024-02-28 05:36:33.765910
user_01612,tavery@example.com,Madison,Nunez,21.0,Female,Canada,Newfoundland and Labrador,Mooreborough,Standard,2023-03-21,True,4.62,Smart TV,3.0,2023-06-08 20:24:11.740961
user_01614,anne66@example.net,Shannon,Oneill,29.0,Female,USA,Illinois,Barryland,Basic,2023-07-01,True,8.4,Laptop,4.0,2022-09-21 20:28:41.665091
user_01624,amanda63@example.net,John,Young,29.0,Female,USA,Pennsylvania,Michaelbury,Standard,2025-02-05,False,556.19,Smart TV,2.0,2025-04-29 21:37:21.786085
user_01634,tedwards@example.net,Lisa,Wallace,25.0,Female,USA,Missouri,North Scottshire,Standard,2025-01-30,True,2.01,Desktop,1.0,2023-06-03 17:10:39.752078
user_01636,nathaniel23@example.net,Timothy,Cardenas,23.0,Female,USA,Florida,Johntown,Standard,2023-07-08,True,,Desktop,,2023-09-28 14:57:40.328749
user_01638,sarahgonzalez@example.net,Megan,Hodge,18.0,,USA,Florida,Port Timothy,Standard,2024-03-30,True,22.16,Desktop,2.0,2023-05-15 19:21:09.008650
user_01649,parkertasha@example.org,Ronald,Jacobs,27.0,Male,USA,Washington,Annafort,Premium,2025-02-08,True,,Gaming Console,3.0,2024-09-10 19:01:09.231285
user_01653,mendozajay@example.com,Alexander,Hernandez,20.0,Male,USA,Florida,Rosariomouth,Premium,2022-11-24,False,21.31,Gaming Console,,2023-09-06 18:05:44.258122
user_01654,jamiejohnson@example.org,Michael,Johnson,20.0,Female,USA,Maryland,Lake Johnny,Standard,2024-02-13,True,43.83,Smart TV,3.0,2025-06-21 15:48:18.874721
user_01656,williamsonmegan@example.net,Devin,King,26.0,Male,USA,Michigan,Maldonadoburgh,Basic,2024-06-03,True,4.43,Smart TV,2.0,2024-11-15 01:04:24.393834
user_01659,felicia43@example.com,Lindsay,Hooper,23.0,Female,USA,New Jersey,Port Catherinechester,Premium,2023-04-01,True,3.14,Gaming Console,2.0,2025-02-08 17:33:24.219329
user_01669,donna22@example.org,James,Brown,22.0,Female,Canada,Newfoundland and Labrador,Stephenland,Standard,2024-08-07,True,40.45,Desktop,4.0,2022-08-10 18:37:39.074062
user_01670,peter11@example.net,Jessica,Ray,25.0,Female,USA,Texas,Garciamouth,Basic,2025-05-22,True,13.56,Laptop,5.0,2023-03-22 12:49:36.233368
user_01671,nicole28@example.com,William,Payne,27.0,Female,Canada,Saskatchewan,New Tanner,Premium,2022-09-27,True,17.89,Mobile,1.0,2024-07-09 20:45:00.072837
user_01674,murraycatherine@example.net,Michael,Cole,29.0,Male,USA,Pennsylvania,Riveraside,Premium,2023-09-20,True,667.08,Desktop,3.0,2025-07-29 09:43:03.984722
user_01681,robert53@example.net,Sharon,Wood,29.0,Female,Canada,Quebec,Brentchester,Standard,2024-09-13,True,6.67,Mobile,,2022-08-10 07:42:02.388626
user_01684,xgarcia@example.net,Ryan,Johnson,25.0,,Canada,New Brunswick,Erikaburgh,Premium,2022-10-02,True,13.49,Laptop,3.0,2023-05-07 02:59:49.251600
user_01685,egraham@example.org,Patrick,Arnold,23.0,Male,USA,Arizona,Port Gina,Premium,2024-05-07,True,18.1,Gaming Console,4.0,2024-10-22 14:18:57.521970
user_01689,kortiz@example.com,Deborah,Gonzales,28.0,Female,USA,Tennessee,Gregorymouth,Premium,2023-12-11,True,20.07,Gaming Console,2.0,2024-09-02 11:03:50.772991
user_01696,rhodesbrent@example.org,Angela,Johnson,30.0,Other,USA,North Carolina,West Brandonstad,Premium,2024-04-12,True,,Smart TV,3.0,2024-08-23 19:39:59.610952
user_01706,lhatfield@example.org,Russell,White,26.0,Male,USA,Massachusetts,Port Josephberg,Standard,2023-11-09,True,8.52,Tablet,2.0,2024-06-12 01:25:13.593924
user_01714,peter98@example.com,Amanda,Holder,20.0,Male,USA,Michigan,Stephensonmouth,Premium,2022-09-19,True,18.44,Tablet,4.0,2024-08-06 00:53:42.878742
user_01717,fryeadrian@example.org,Madison,Little,24.0,Female,USA,Maryland,Timothymouth,Premium,2023-02-08,True,15.16,Desktop,2.0,2025-03-01 01:13:43.119619
user_01722,amanda70@example.org,Patricia,Byrd,25.0,Female,USA,Florida,Brandishire,Standard,2025-06-17,True,2.32,Tablet,3.0,2023-05-30 22:34:53.766008
user_01725,jamieramirez@example.org,Richard,Anderson,30.0,Female,Canada,Quebec,Martinmouth,Standard,2025-07-30,True,18.33,Gaming Console,,2023-09-07 21:36:52.263086
user_01727,annawelch@example.com,Kevin,Hutchinson,27.0,Female,Canada,Newfoundland and Labrador,New Jeffreystad,Basic,2024-08-26,True,12.86,Smart TV,,2024-10-20 21:11:06.815863
user_01728,lisabrown@example.com,Kimberly,Foster,21.0,Female,USA,Illinois,Port Carlosburgh,Premium+,2023-06-26,True,17.96,Smart TV,2.0,2024-01-23 12:51:38.525197
user_01730,geraldpineda@example.org,Natalie,Smith,28.0,Female,USA,Arizona,Port Samuel,Basic,2024-07-07,True,17.73,Gaming Console,1.0,2024-04-25 01:37:34.282080
user_01741,ianevans@example.org,Matthew,Carter,27.0,Other,Canada,Newfoundland and Labrador,East Taylor,Premium+,2025-02-08,False,0.81,Smart TV,6.0,2023-02-23 10:14:40.579248
user_01747,matthew46@example.com,Gregory,Mason,27.0,Male,Canada,Ontario,Hunterview,Premium,2024-01-31,True,,Desktop,4.0,2025-07-21 08:11:59.116497
user_01749,ischneider@example.org,Kimberly,Schmitt,18.0,Female,USA,Washington,Meadowsberg,Standard,2024-07-16,True,33.77,Desktop,,2024-10-26 00:09:11.707582
user_01751,stephenschad@example.com,Melissa,Allen,20.0,Female,USA,Wisconsin,Jacobfort,Premium,2022-09-08,True,11.3,Mobile,,2023-02-08 07:46:22.991127
user_01756,christopher42@example.net,Lawrence,Ayala,27.0,Female,USA,Washington,South Gary,Premium+,2024-09-21,True,17.41,Desktop,1.0,2024-07-24 12:44:25.884428
user_01761,christophersantos@example.net,Andrea,Fischer,30.0,Female,USA,New Jersey,Armstrongshire,Basic,2024-06-05,True,56.14,Laptop,3.0,2023-10-28 10:27:21.406035
user_01777,jwright@example.net,Jennifer,Zamora,28.0,Female,USA,Michigan,New Matthew,Standard,2023-01-09,True,10.83,Mobile,5.0,2023-09-24 16:28:16.345601
user_01782,roberttorres@example.com,Elizabeth,Mendez,30.0,,USA,Tennessee,South Victoriaton,Premium,2024-05-20,True,48.57,Desktop,,2022-11-17 01:21:45.580347
user_01796,santossabrina@example.com,Sherry,Stewart,26.0,Female,USA,Virginia,North David,Premium,2022-09-23,False,21.18,Laptop,5.0,2024-03-18 23:56:01.933714
user_01797,michellepage@example.org,James,Nguyen,30.0,Other,Canada,British Columbia,North Ruben,Premium+,2023-04-01,True,7.98,Desktop,2.0,2025-01-13 04:07:06.936681
user_01805,lydia72@example.org,Jennifer,Morris,30.0,Male,USA,Illinois,East Matthew,Standard,2025-01-25,True,21.62,Gaming Console,,2025-01-29 18:28:30.452224
user_01807,jenniferrobertson@example.com,Allen,Roberts,24.0,Female,USA,Illinois,East David,Premium,2022-08-09,True,14.6,Desktop,1.0,2025-03-27 19:13:42.389207
user_01809,hannahtorres@example.org,Sarah,Arias,29.0,Male,USA,New York,North Jay,Standard,2024-02-03,True,4.77,Desktop,4.0,2025-06-20 02:04:57.610257
user_01810,michellemartin@example.com,Victoria,Cochran,29.0,Male,USA,Virginia,Williammouth,Basic,2024-11-29,True,41.31,Smart TV,,2025-03-09 21:16:25.531345
user_01812,rcordova@example.net,Angela,Williams,25.0,Male,Canada,Nova Scotia,Matthewbury,Standard,2024-02-12,True,,Laptop,1.0,2023-01-24 02:41:44.647054
user_01815,adamfuentes@example.org,Christopher,Kelly,21.0,,Canada,Manitoba,Michaelmouth,Premium+,2023-05-26,True,12.2,Laptop,6.0,2023-03-25 01:02:38.984307
user_01818,darrellarmstrong@example.org,Catherine,Bryant,25.0,Male,Canada,Saskatchewan,South Rebecca,Basic,2025-06-11,True,9.84,Gaming Console,1.0,2023-03-25 23:28:10.330829
user_01819,jacobpitts@example.com,Angela,Smith,25.0,Male,USA,Ohio,Lake David,Premium,2024-10-12,True,9.2,Desktop,1.0,2024-12-23 23:14:28.159763
user_01820,steve74@example.org,Andrew,Cruz,30.0,Female,USA,Michigan,Smithmouth,Standard,2025-06-21,True,25.9,Laptop,6.0,2023-01-27 15:16:42.572279
user_01826,tracymurray@example.net,Thomas,Bradley,26.0,Male,Canada,Newfoundland and Labrador,Jonesport,Premium+,2024-01-16,True,25.74,Laptop,3.0,2024-05-04 20:58:44.027663
user_01835,april66@example.net,Lori,Compton,25.0,Female,USA,Illinois,Michaelbury,Premium,2025-02-22,True,11.26,Tablet,6.0,2025-03-06 06:17:52.513619
user_01837,angela07@example.net,Nicholas,Gonzalez,29.0,Female,USA,North Carolina,Carpenterburgh,Premium,2023-04-30,True,24.56,Gaming Console,2.0,2023-07-01 00:17:32.503217
user_01844,nicoleross@example.org,Ashley,Lopez,23.0,Other,USA,Virginia,Michaelshire,Standard,2025-06-19,True,4.68,Laptop,3.0,2024-09-07 22:42:16.107774
user_01845,tyronemcconnell@example.com,Matthew,Burns,28.0,Female,USA,Illinois,Lake Leahfurt,Basic,2022-12-10,True,7.16,Tablet,1.0,2025-01-16 02:29:00.519228
user_01846,crawfordtammy@example.net,Kathleen,Alexander,25.0,Male,USA,New Jersey,Port Alex,Basic,2024-02-20,False,16.85,Desktop,3.0,2023-12-22 18:36:37.737917
user_01849,murraypaige@example.com,Megan,Moore,30.0,Male,USA,New Jersey,Lake Michaelborough,Standard,2025-04-13,True,9.82,Laptop,,2023-09-24 15:31:04.141161
user_01850,chunglynn@example.org,Michael,Gomez,22.0,Male,USA,Maryland,North Scott,Standard,2024-12-29,True,26.01,Desktop,2.0,2025-01-01 05:28:53.214124
user_01853,ldyer@example.net,Joseph,Little,30.0,Male,USA,Georgia,New Maria,Premium,2025-02-27,True,5.4,Mobile,2.0,2024-01-17 14:41:02.632393
user_01858,rpeck@example.com,Mitchell,Martinez,29.0,Female,USA,Indiana,Port Keith,Standard,2024-01-12,False,16.94,Smart TV,4.0,2024-06-07 16:47:43.480763
user_01866,shelbyhamilton@example.com,Jackson,Wade,28.0,Female,USA,Indiana,Stoneland,Premium,2024-03-02,False,4.98,Desktop,4.0,2025-06-11 20:15:38.681987
user_01869,vegaandrea@example.com,Joseph,Collins,28.0,Male,USA,Maryland,West Sarahview,Premium,2025-01-11,True,6.9,Gaming Console,2.0,2025-07-14 21:33:24.522586
user_01870,christophermurphy@example.com,Larry,Gonzalez,26.0,,Canada,Nova Scotia,East Courtneyshire,Basic,2025-02-15,True,33.49,Laptop,5.0,2023-05-24 00:26:13.274045
user_01871,zbarnes@example.net,Susan,Stanley,28.0,Male,USA,New York,New Kimberly,Basic,2023-04-25,False,9.85,Laptop,,2023-05-21 20:23:13.072399
user_01879,christina61@example.org,Jason,Williams,24.0,Female,USA,Texas,Mendozastad,Standard,2023-04-01,True,15.43,Desktop,,2022-10-26 05:36:19.912481
user_01886,berrydouglas@example.org,Casey,Morris,29.0,Male,Canada,Saskatchewan,Port Leslieton,Premium+,2023-02-26,True,11.54,Tablet,2.0,2024-11-28 21:55:00.768358
user_01889,samanthaburton@example.net,Christopher,James,22.0,Female,Canada,Nova Scotia,Graymouth,Premium,2022-09-11,True,10.14,Mobile,1.0,2024-01-25 21:31:20.696672
user_01892,ahancock@example.net,Philip,Harrison,18.0,Prefer not to say,USA,Michigan,Thomasburgh,Basic,2022-12-01,True,2.28,Tablet,2.0,2023-10-27 01:11:40.326575
user_01894,mwilliams@example.org,Hannah,Rose,28.0,Female,USA,Virginia,Marshallfort,Basic,2024-12-09,True,2.56,Desktop,1.0,2023-06-03 03:58:57.718073
user_01921,eboyer@example.org,Debra,Leon,27.0,Male,Canada,New Brunswick,East Marissaton,Standard,2025-02-23,True,,Desktop,5.0,2024-08-25 20:11:06.287512
user_01922,justinmurray@example.org,Joshua,Reed,30.0,Female,USA,Arizona,Mcgeeside,Standard,2024-05-13,True,16.78,Laptop,1.0,2025-07-31 16:43:21.989952
user_01926,donna99@example.com,Kimberly,Gray,22.0,,USA,Pennsylvania,Martinezland,Basic,2024-03-23,True,29.9,Gaming Console,5.0,2025-01-08 15:34:37.300096
user_01927,carrmadeline@example.net,Jodi,Goodman,30.0,Male,Canada,Nova Scotia,Brandimouth,Standard,2023-03-04,True,2.73,Laptop,4.0,2024-09-16 19:41:40.395252
user_01928,bellcole@example.com,Donna,Rodriguez,28.0,Female,USA,Florida,New Robertport,Standard,2022-11-27,True,16.77,Desktop,4.0,2025-07-08 22:44:03.250754
user_01931,vharmon@example.com,Stephanie,Jones,23.0,Male,USA,Texas,Curryshire,Premium,2023-04-26,True,4.16,Tablet,,2025-04-05 12:27:19.319549
user_01940,oclayton@example.com,Amanda,Jimenez,24.0,Other,USA,Tennessee,Jessicaton,Premium+,2024-06-18,True,6.26,Mobile,3.0,2023-08-19 04:49:57.817614
user_01943,james84@example.org,Gloria,Howard,30.0,,Canada,Ontario,Katelynmouth,Premium,2023-06-07,False,6.66,Desktop,1.0,2023-12-09 08:05:10.648706
user_01947,zmiller@example.org,Wayne,Osborne,28.0,Female,USA,Missouri,East Mark,Standard,2024-08-30,True,8.39,Laptop,2.0,2023-04-05 15:40:20.089415
user_01948,tsanchez@example.com,Kendra,Sandoval,23.0,,Canada,Saskatchewan,Port Jasonton,Standard,2024-12-23,False,11.8,Gaming Console,2.0,2024-02-16 15:24:37.431343
user_01952,davidunderwood@example.com,Dana,Vargas,28.0,Male,USA,Massachusetts,North Nicholas,Basic,2022-11-22,True,14.7,Smart TV,,2024-07-14 20:48:23.182659
user_01955,amanda26@example.net,Jennifer,Brown,18.0,,USA,Texas,Melissashire,Premium,2025-06-27,True,8.92,Tablet,3.0,2024-12-25 15:07:11.023479
user_01958,lbaker@example.org,Kevin,Roman,23.0,Female,USA,Arizona,Smithshire,Basic,2023-10-03,True,7.66,Desktop,3.0,2022-12-19 00:40:35.353153
user_01959,linda37@example.com,Kristen,Leach,30.0,Male,USA,Tennessee,Smithville,Premium,2022-12-12,True,,Gaming Console,3.0,2022-08-29 18:13:26.069125
user_01962,sharon78@example.net,Eric,Simmons,25.0,Female,USA,Tennessee,Ashleyview,Standard,2025-05-13,True,12.65,Desktop,2.0,2024-05-26 10:19:05.629824
user_01965,xrogers@example.org,Frank,Hall,20.0,Male,USA,North Carolina,North Michaelberg,Standard,2024-03-06,True,2.06,Laptop,1.0,2022-09-13 13:20:07.736850
user_01970,rzhang@example.org,Zachary,English,24.0,Female,USA,Tennessee,Santiagostad,Standard,2024-02-28,True,,Tablet,4.0,2024-03-21 06:19:24.168651
user_01971,lawsonthomas@example.org,Ann,Miller,30.0,Other,USA,Missouri,New Breannaview,Basic,2023-02-15,True,24.81,Smart TV,3.0,2024-04-18 21:18:58.395842
user_01973,marshallalexander@example.net,David,Cantu,30.0,Male,USA,Florida,Palmerside,Premium,2024-01-25,True,20.61,Smart TV,3.0,2024-02-19 02:31:31.308769
user_01975,landerson@example.net,Stephanie,Fernandez,26.0,Female,Canada,Manitoba,Katieberg,Premium,2023-07-06,True,2.77,Desktop,5.0,2024-07-16 17:08:13.792910
user_01978,froberts@example.net,Colleen,Medina,25.0,Female,Canada,British Columbia,South Thomas,Premium,2025-06-26,True,32.8,Desktop,2.0,2024-04-24 02:23:31.971808
user_01980,ybrooks@example.net,Valerie,Sherman,22.0,Other,USA,Indiana,South Stephanie,Basic,2024-11-29,True,,Mobile,1.0,2023-01-04 13:10:16.675013
user_01983,destiny29@example.net,Ryan,Jensen,21.0,Female,USA,Missouri,Velasqueztown,Premium+,2024-12-27,True,7.66,Mobile,1.0,2022-09-20 06:09:28.354221
user_01991,nicole21@example.com,Bryan,Moreno,29.0,,USA,Indiana,South Michael,Premium,2023-01-04,True,1.99,Tablet,2.0,2023-11-18 11:05:59.981028
user_02004,jonathan61@example.com,Scott,Arroyo,20.0,Male,USA,Georgia,Kyleville,Premium,2023-12-28,True,28.12,Smart TV,3.0,2023-02-15 23:57:27.578108
user_02005,vpatterson@example.net,Betty,Lawson,26.0,Female,Canada,Manitoba,Zimmermanberg,Basic,2023-08-15,True,,Laptop,1.0,2023-03-18 15:28:56.704814
user_02006,danahudson@example.com,Thomas,Gordon,20.0,Male,USA,Massachusetts,Kennedyborough,Premium+,2025-01-29,False,21.97,Laptop,2.0,2023-04-02 06:38:07.208201
user_02008,ugates@example.net,Carly,Smith,18.0,Female,USA,Texas,Jakeview,Premium,2023-10-05,True,11.57,Mobile,,2023-05-05 01:47:09.742225
user_02012,ppena@example.com,Linda,Robinson,28.0,Male,Canada,British Columbia,Gomezchester,Standard,2025-05-26,True,7.78,Tablet,4.0,2023-08-04 05:50:35.499474
user_02015,elliottjack@example.org,Christopher,Morgan,18.0,Female,USA,Michigan,Maryborough,Standard,2024-07-04,True,20.28,Smart TV,2.0,2024-01-16 03:16:18.209347
user_02016,nelsonjustin@example.com,Jason,Montgomery,27.0,Female,USA,Wisconsin,New Chrisfort,Basic,2023-02-14,False,1.72,Gaming Console,4.0,2022-12-14 14:16:22.046138
user_02018,james08@example.com,Donna,Walton,24.0,Male,USA,Washington,Mcdanieltown,Premium,2025-06-09,True,6.01,Desktop,2.0,2024-02-08 06:19:38.885900
user_02023,josephking@example.com,Karen,Miller,27.0,,USA,Washington,Robertland,Premium,2024-08-02,True,,Tablet,4.0,2022-09-23 14:58:44.992393
user_02024,mistystephens@example.net,David,Adams,30.0,Female,USA,New Jersey,Port Derekborough,Standard,2025-06-25,False,30.01,Smart TV,1.0,2024-06-25 04:02:54.167848
user_02036,morganwilliam@example.com,Jennifer,Miller,22.0,Female,USA,Pennsylvania,Jacksonmouth,Basic,2025-05-17,True,1.31,Laptop,3.0,2024-03-26 01:41:44.447468
user_02046,christianrobert@example.org,Joseph,Wilson,26.0,Female,USA,Maryland,West Raymondborough,Standard,2025-03-25,False,8.18,Mobile,1.0,2023-02-13 01:41:47.003143
user_02049,hayden46@example.org,Rachel,Martin,21.0,Female,USA,Florida,South Joshuafort,Premium,2025-04-16,True,,Smart TV,2.0,2023-06-14 22:29:54.895933
user_02051,melissacastillo@example.net,Samantha,Williams,30.0,Prefer not to say,USA,Arizona,West Mark,Premium,2025-07-30,True,24.21,Desktop,1.0,2024-10-04 14:39:31.843217
user_02054,bmorgan@example.org,Samuel,Perkins,28.0,Male,Canada,Newfoundland and Labrador,East Lucasberg,Standard,2022-10-30,True,16.64,Laptop,7.0,2022-08-04 21:01:24.471231
user_02058,mpark@example.net,Brittany,Morgan,24.0,Male,USA,California,Andrewsside,Basic,2023-10-03,True,10.3,Laptop,3.0,2022-08-20 11:00:22.826459
user_02063,xmorse@example.com,Paula,Hutchinson,19.0,Female,USA,Texas,Jessicaberg,Premium,2022-10-24,True,15.24,Gaming Console,2.0,2025-06-01 12:25:55.539970
user_02065,kristinsanders@example.com,Douglas,Ortega,26.0,Female,Canada,Nova Scotia,Benjamintown,Premium,2024-04-07,True,4.13,Smart TV,1.0,2023-08-13 08:12:47.215472
user_02068,jlopez@example.net,Debra,Barajas,30.0,Female,USA,Arizona,Lake William,Premium,2022-11-22,True,,Desktop,2.0,2024-01-12 01:42:53.222151
user_02073,terri85@example.com,Steven,Bennett,29.0,Male,Canada,Manitoba,Taylorchester,Premium,2023-09-28,False,4.53,Mobile,1.0,2024-09-27 00:46:02.438938
user_02074,franciskenneth@example.net,Samuel,Cantu,21.0,Female,Canada,Newfoundland and Labrador,Annabury,Premium,2024-07-26,False,18.16,Laptop,3.0,2024-09-05 01:49:12.069156
user_02075,brianaguilar@example.org,Ashley,Hull,28.0,Male,USA,Washington,Lake Arthur,Premium+,2024-10-21,True,12.17,Laptop,,2024-02-09 20:54:58.915521
user_02084,watkinschristopher@example.org,Rebecca,Singleton,30.0,Female,USA,Pennsylvania,Rileyside,Standard,2024-02-29,True,18.33,Gaming Console,2.0,2024-10-21 09:12:34.266847
user_02089,jennatorres@example.net,Jamie,Anderson,24.0,Female,USA,California,Maryland,Standard,2024-04-03,True,10.61,Desktop,5.0,2022-08-17 04:03:06.265591
user_02090,mcdanielruben@example.net,William,Levy,24.0,Female,USA,Michigan,Jamesland,Premium,2022-11-12,True,15.8,Desktop,1.0,2024-02-04 16:30:44.641870
user_02091,mwashington@example.org,Dana,Cruz,19.0,Female,USA,North Carolina,Curtisport,Basic,2023-02-10,True,25.36,Smart TV,4.0,2024-07-15 08:04:56.428703
user_02094,dpeters@example.org,Jacqueline,Rivera,18.0,Female,USA,North Carolina,Lauraland,Premium+,2023-01-24,False,17.49,Smart TV,1.0,2024-02-10 08:15:18.733155
user_02100,bphelps@example.org,Frank,Gonzalez,30.0,Male,USA,New York,West Kim,Standard,2025-07-18,False,7.14,Laptop,,2023-09-03 06:42:59.511566
user_02104,paul59@example.com,Blake,Hendricks,30.0,Female,USA,Missouri,South Jasonhaven,Standard,2023-05-11,True,9.42,Tablet,2.0,2025-05-04 14:02:38.939620
user_02114,kathy57@example.net,Teresa,Gregory,22.0,Female,USA,Ohio,Donaldchester,Basic,2024-09-15,False,7.36,Tablet,1.0,2025-06-07 02:51:01.501667
user_02119,timothy23@example.net,Angel,Curtis,28.0,Male,USA,Washington,Castromouth,Standard,2023-10-28,True,24.11,Mobile,2.0,2024-04-19 12:07:02.908159
user_02125,zmoore@example.org,Joe,Haynes,27.0,Female,Canada,New Brunswick,Charlottehaven,Standard,2024-12-07,True,9.19,Tablet,1.0,2023-06-07 06:47:38.758335
user_02126,hamiltonyolanda@example.com,Michele,Perez,30.0,Male,USA,Wisconsin,Lake Stephanieville,Standard,2023-10-27,True,2.04,Laptop,1.0,2023-11-18 21:49:57.606473
user_02137,vguerrero@example.net,Mary,Hawkins,20.0,Prefer not to say,USA,Michigan,Freemanville,Basic,2024-06-05,True,16.59,Gaming Console,6.0,2023-05-07 10:26:52.211520
user_02141,moralesderrick@example.net,Timothy,Brooks,26.0,Prefer not to say,USA,Virginia,Castroside,Basic,2023-03-27,True,16.4,Gaming Console,1.0,2023-11-14 07:55:58.042337
user_02146,cooperjamie@example.com,Sandra,Carter,19.0,Male,USA,Ohio,Burchmouth,Premium,2024-06-16,True,21.53,Smart TV,7.0,2025-04-04 16:58:42.364702
user_02150,james30@example.net,Jason,Harris,23.0,Male,USA,Washington,Arianafort,Basic,2024-01-24,False,,Gaming Console,2.0,2023-11-22 22:27:28.142593
user_02157,judithnguyen@example.com,Gregory,Moore,19.0,Other,USA,California,Jasonside,Premium,2024-01-17,True,26.34,Mobile,4.0,2023-12-22 03:13:22.656413
user_02164,christopher35@example.net,Diana,Hoffman,21.0,Male,Canada,Newfoundland and Labrador,Wrightchester,Premium+,2022-09-09,True,18.57,Tablet,,2023-08-04 20:04:51.989166
user_02174,ricedouglas@example.net,James,Mack,28.0,Male,USA,Wisconsin,South Wendyview,Basic,2023-09-28,True,19.35,Gaming Console,,2025-05-03 16:27:38.104246
user_02175,staffordelizabeth@example.net,Lisa,Burns,19.0,Male,USA,Pennsylvania,Wilsontown,Standard,2025-02-24,True,38.37,Desktop,2.0,2024-04-25 20:56:02.093246
user_02177,stephaniegraham@example.org,John,Miller,21.0,Male,USA,Georgia,Petersonview,Premium+,2024-03-07,True,13.94,Mobile,,2025-06-25 17:11:35.935605
user_02178,martinsuzanne@example.org,Christopher,Crawford,19.0,Female,Canada,Alberta,Andersonport,Basic,2025-03-09,False,13.56,Tablet,3.0,2022-12-27 08:53:37.644147
user_02182,deanlewis@example.org,Dennis,Ward,29.0,,Canada,Newfoundland and Labrador,Hayesburgh,Standard,2023-12-14,True,2.64,Smart TV,2.0,2023-12-04 15:41:01.602596
user_02183,martindaniel@example.net,Jacob,Walls,21.0,Male,USA,New York,Ryanton,Basic,2024-09-19,True,11.43,Tablet,3.0,2024-03-07 03:59:10.534870
user_02187,mollynguyen@example.net,Kimberly,Spence,26.0,Female,Canada,Nova Scotia,North Jennifermouth,Standard,2023-02-07,True,12.79,Smart TV,6.0,2025-06-21 07:30:37.769899
user_02189,ospencer@example.org,Andrew,Johnson,30.0,Female,USA,Pennsylvania,Lake Jonathanhaven,Premium,2024-08-02,False,13.38,Desktop,4.0,2023-10-10 00:04:28.184371
user_02194,ruizthomas@example.net,Michelle,Sosa,21.0,Female,USA,Ohio,Lake Vickieton,Standard,2025-02-10,True,,Gaming Console,2.0,2023-10-07 17:29:03.207183
user_02198,wiseralph@example.com,Preston,Scott,24.0,Female,Canada,Nova Scotia,Brycemouth,Standard,2025-04-01,True,16.41,Desktop,5.0,2023-03-29 14:55:41.377930
user_02203,ryangardner@example.net,Charles,Olson,24.0,Other,USA,Michigan,New Josephstad,Standard,2024-10-01,True,16.9,Smart TV,1.0,2024-12-22 19:23:54.692341
user_02207,vstewart@example.com,Karen,Daniels,27.0,Other,Canada,Manitoba,Alyssaville,Standard,2024-04-08,False,,Tablet,2.0,2024-01-18 02:50:31.204252
user_02212,fpotter@example.net,Paul,Harris,22.0,Male,USA,New York,Alexandriaport,Premium,2025-04-17,True,15.45,Mobile,4.0,2023-12-12 02:01:56.935787
user_02216,morrisashley@example.net,Joshua,Roberts,25.0,Female,USA,New York,Garciaberg,Standard,2024-05-31,False,39.63,Desktop,4.0,2025-05-26 13:36:43.779753
user_02219,abruce@example.org,Diane,Gordon,30.0,Female,USA,Ohio,Theresaton,Premium,2023-06-02,True,30.97,Desktop,3.0,2024-07-28 04:10:19.362934
user_02220,carolinemoore@example.net,Gina,Hickman,29.0,,Canada,Alberta,Lake Stefanie,Standard,2023-08-26,True,19.45,Gaming Console,1.0,2024-02-20 07:57:41.001290
user_02221,paul05@example.net,Emily,Coleman,21.0,,USA,Washington,South Scottborough,Basic,2023-01-29,True,23.91,Desktop,6.0,2024-03-31 16:16:54.984031
user_02227,imccullough@example.com,Kelly,Murphy,29.0,Male,USA,Massachusetts,Lake Ambermouth,Standard,2024-03-03,False,8.0,Mobile,7.0,2023-03-22 12:28:22.954468
user_02228,katelyn72@example.org,Eric,Smith,26.0,Male,USA,Illinois,West Brianmouth,Premium,2024-04-28,False,5.45,Desktop,3.0,2023-10-22 00:09:26.196550
user_02232,monica24@example.com,Richard,Lambert,21.0,Female,Canada,Ontario,Lake Austinstad,Premium,2024-05-11,True,22.36,Gaming Console,1.0,2023-05-29 10:46:22.013798
user_02233,uchen@example.org,Alejandro,Rodriguez,25.0,Male,USA,Tennessee,New Bethanymouth,Premium,2022-10-21,True,3.93,Tablet,6.0,2025-06-11 15:26:26.169207
user_02242,kendra75@example.org,Richard,Dixon,22.0,Female,Canada,Newfoundland and Labrador,Lake Alexander,Standard,2023-12-31,True,11.45,Smart TV,3.0,2023-10-05 19:35:50.914248
user_02249,bethany10@example.net,Kimberly,Porter,20.0,Male,Canada,New Brunswick,Lake Norman,Premium+,2023-06-15,True,24.39,Gaming Console,1.0,2025-06-09 15:13:00.661774
user_02257,tiffany50@example.com,Amy,Ward,28.0,Female,USA,North Carolina,Adkinston,Standard,2024-10-11,True,32.48,Gaming Console,3.0,2023-12-02 08:26:40.096562
user_02267,danielsthomas@example.org,Jonathan,Banks,20.0,Male,USA,Massachusetts,Powellland,Standard,2022-09-02,True,11.5,Desktop,,2023-03-17 02:43:39.599995
user_02289,randall45@example.com,Anthony,Khan,25.0,,USA,New York,West Robinstad,Premium+,2024-07-14,True,14.96,Smart TV,1.0,2025-02-23 21:02:53.830131
user_02292,kathyhall@example.org,Jennifer,Duarte,24.0,Male,USA,Washington,Juliatown,Premium,2024-01-21,False,9.96,Gaming Console,,2025-02-09 14:19:25.670993
user_02293,halltrevor@example.org,Alan,Tucker,30.0,Male,Canada,Manitoba,South Connorside,Standard,2025-03-22,True,1.87,Mobile,2.0,2023-06-13 07:38:24.498667
user_02295,saunderssierra@example.org,Matthew,Cruz,23.0,Female,Canada,Manitoba,East Andrewmouth,Premium,2025-04-21,True,9.04,Gaming Console,3.0,2024-06-13 22:46:41.959907
user_02296,boonelee@example.net,Alex,Carroll,25.0,Male,Canada,Nova Scotia,Joshuachester,Premium,2025-06-09,False,10.26,Laptop,4.0,2025-08-01 13:59:13.517821
user_02299,krista46@example.com,April,Cherry,27.0,Female,Canada,Quebec,West Benjaminport,Premium,2023-05-08,False,,Smart TV,1.0,2023-05-06 02:29:08.320331
user_02300,nrice@example.com,Michael,Sullivan,18.0,Other,USA,Tennessee,Port Julian,Basic,2022-12-27,True,4.85,Mobile,6.0,2023-11-08 12:30:28.067123
user_02314,tbrown@example.net,Mckenzie,Moss,25.0,Male,Canada,British Columbia,Johnsonchester,Standard,2025-01-06,True,5.7,Tablet,,2024-12-13 10:52:29.050545
user_02321,rhoward@example.net,Olivia,Cruz,24.0,Male,USA,California,Allenside,Standard,2022-09-29,True,26.69,Gaming Console,3.0,2022-08-13 17:31:48.388922
user_02324,fmartin@example.com,Tyler,Calhoun,30.0,Female,USA,Georgia,West Andrewfurt,Basic,2024-05-17,True,,Laptop,,2023-07-12 13:47:10.694232
user_02328,ashley17@example.com,Stephanie,Duarte,25.0,Other,Canada,Newfoundland and Labrador,North Janice,Premium,2023-03-23,True,,Smart TV,3.0,2023-04-18 17:07:17.993435
user_02330,mcgrathrobert@example.org,Matthew,House,21.0,Male,USA,Illinois,Lake Lawrence,Standard,2025-07-06,False,344.49,Desktop,5.0,2023-05-03 12:12:41.719171
user_02331,maria11@example.net,Victoria,Frye,22.0,Female,USA,Maryland,North Patriciabury,Premium,2024-09-15,True,25.77,Gaming Console,,2024-06-02 19:49:41.245675
user_02333,ehernandez@example.com,Mary,White,23.0,Female,Canada,Nova Scotia,Katherinefurt,Premium,2024-07-28,False,16.52,Mobile,,2024-11-09 09:20:57.989353
user_02338,pattersonchristian@example.com,Ronald,Moore,26.0,Female,USA,Massachusetts,Myersville,Standard,2023-07-10,False,11.77,Mobile,1.0,2025-03-08 11:12:44.539525
user_02350,samantha01@example.net,Ruth,Evans,26.0,Female,USA,Indiana,New Justinfort,Standard,2022-08-28,False,16.77,Gaming Console,5.0,2024-02-13 11:00:43.324335
user_02356,bevans@example.com,Christopher,Santana,21.0,Male,USA,Ohio,Nathanchester,Standard,2023-09-09,True,11.07,Tablet,,2025-07-25 06:43:18.637113
user_02357,yhaynes@example.net,Amanda,Rich,25.0,Male,Canada,Newfoundland and Labrador,Lake Katherine,Basic,2023-03-07,True,10.34,Laptop,2.0,2023-01-20 14:59:00.336912
user_02358,lisaholt@example.net,Dale,Smith,24.0,Female,Canada,Prince Edward Island,Anthonyberg,Premium+,2022-08-19,False,10.37,Tablet,2.0,2022-08-29 15:25:23.338209
user_02361,steven07@example.com,Alexandra,Taylor,26.0,Female,USA,Illinois,Francofurt,Premium,2024-03-02,True,6.81,Gaming Console,2.0,2024-02-07 22:36:35.575393
user_02369,cgraham@example.net,Mallory,Meyer,29.0,Male,USA,Arizona,Pennyville,Standard,2023-11-29,True,25.73,Mobile,3.0,2023-10-22 05:48:53.537726
user_02370,darrylmendez@example.com,Megan,Welch,29.0,Female,USA,Massachusetts,Elizabethport,Premium,2023-05-17,True,8.94,Smart TV,,2023-10-17 10:35:06.720600
user_02371,ashleybrown@example.com,Derek,Kennedy,29.0,Female,USA,Missouri,South Elizabethville,Premium,2025-07-21,True,29.47,Smart TV,1.0,2022-11-25 06:13:24.921696
user_02376,benjamindavis@example.net,Melissa,Pena,20.0,Male,USA,Indiana,Michelleburgh,Standard,2025-04-26,True,6.61,Tablet,3.0,2023-02-17 06:48:59.828519
user_02381,greenchad@example.com,Frank,Farmer,30.0,Male,USA,North Carolina,South Sandraview,Premium,2022-08-24,True,2.96,Mobile,3.0,2024-06-20 06:46:32.343166
user_02383,phillipsmelissa@example.com,David,Ball,22.0,,USA,New York,Port Miranda,Standard,2024-07-26,True,12.28,Tablet,2.0,2022-11-23 16:22:56.358628
user_02384,yhayes@example.net,Andrew,Hansen,20.0,Prefer not to say,USA,Pennsylvania,New William,Basic,2022-10-13,False,,Smart TV,,2022-12-24 18:10:21.194823
user_02397,burgessmichael@example.net,Katherine,Ryan,23.0,Male,USA,Missouri,South Markborough,Premium,2023-07-08,False,7.16,Desktop,,2023-05-05 04:49:49.752765
user_02400,banderson@example.com,Beth,Ramirez,28.0,Male,Canada,Quebec,Jordanland,Premium,2025-01-01,True,9.06,Mobile,3.0,2024-08-24 01:26:04.078781
user_02406,ksandoval@example.net,Scott,Leonard,23.0,Female,Canada,Quebec,Robertton,Premium+,2024-08-08,True,34.49,Laptop,5.0,2023-05-27 04:04:15.841168
user_02411,taylorryan@example.org,Nicole,Diaz,20.0,Male,USA,New York,South Lindsay,Premium+,2022-08-30,True,33.7,Laptop,3.0,2024-05-15 01:59:41.965188
user_02420,cindyfarmer@example.com,Linda,Moore,25.0,Female,USA,Maryland,Wardhaven,Basic,2024-05-31,True,20.41,Tablet,1.0,2022-12-09 17:09:48.799275
user_02425,melinda11@example.com,Melissa,Burgess,23.0,Female,Canada,Prince Edward Island,Katieport,Premium,2024-01-06,True,,Gaming Console,1.0,2024-11-09 15:52:54.482682
user_02426,jilldavis@example.com,Alan,Hensley,18.0,Male,Canada,Prince Edward Island,New Jack,Standard,2024-12-23,True,3.08,Gaming Console,4.0,2024-07-20 10:57:54.153713
user_02427,vowen@example.com,Megan,Conner,29.0,Male,USA,Tennessee,Lindsaymouth,Standard,2023-01-22,True,24.36,Gaming Console,2.0,2025-05-14 13:00:00.408777
user_02433,kimberly43@example.com,Kimberly,Thompson,30.0,Male,USA,Massachusetts,Nashborough,Standard,2024-11-29,False,9.56,Mobile,,2024-09-24 14:57:50.301680
user_02437,patelcheryl@example.org,Robert,Vincent,29.0,Male,USA,Illinois,Coopermouth,Premium+,2025-03-19,True,12.19,Laptop,2.0,2024-03-31 06:15:41.227769
user_02439,thompsonmelissa@example.net,Marissa,Smith,29.0,Prefer not to say,Canada,Manitoba,Jensenland,Premium+,2025-01-12,True,4.75,Tablet,2.0,2025-05-24 07:18:00.309914
user_02444,bradley46@example.net,Deborah,Myers,22.0,Female,USA,Pennsylvania,East Beckystad,Standard,2024-02-12,True,3.18,Gaming Console,3.0,2023-10-02 18:27:05.930051
user_02447,victoria96@example.com,Amanda,Mueller,24.0,Male,Canada,Saskatchewan,East Pamelaview,Standard,2022-10-29,True,,Smart TV,1.0,2025-01-26 18:29:14.442507
user_02449,michael80@example.org,Courtney,Whitney,30.0,Female,USA,New Jersey,Thomasmouth,Premium,2025-04-26,True,6.69,Desktop,4.0,2022-12-29 05:54:17.993062
user_02465,jessicacollins@example.com,Sarah,Pitts,29.0,Female,USA,Indiana,North Denise,Standard,2024-02-13,True,15.4,Tablet,5.0,2024-05-13 05:36:26.873383
user_02467,stonetammy@example.net,Penny,Potter,30.0,,USA,Arizona,Justinfurt,Premium,2024-04-02,True,,Mobile,1.0,2023-11-19 16:10:26.564906
user_02470,harrisjesus@example.net,Deborah,Reid,25.0,Female,USA,Missouri,West Michaelborough,Premium,2023-09-06,True,,Gaming Console,1.0,2022-09-09 12:29:20.882675
user_02473,olynch@example.net,Rebecca,David,24.0,,USA,Florida,Port Ivan,Basic,2024-07-10,True,17.87,Mobile,2.0,2023-05-30 04:23:01.320244
user_02475,victoriaroth@example.com,Angela,Shelton,24.0,Male,USA,Michigan,Henryland,Basic,2024-09-11,True,16.46,Mobile,2.0,2025-02-18 01:48:45.984096
user_02479,michael57@example.com,Jennifer,Hart,29.0,Male,USA,Pennsylvania,Williamchester,Premium+,2024-03-11,False,4.21,Desktop,1.0,2023-11-27 23:32:33.596831
user_02484,rachel16@example.com,Michael,Wells,26.0,Male,Canada,Nova Scotia,Lake Eddie,Premium+,2025-07-02,True,4.4,Desktop,3.0,2024-08-05 19:21:31.526960
user_02486,james17@example.com,Andrew,Carter,18.0,,Canada,Prince Edward Island,Burkeshire,Basic,2024-02-12,True,1.24,Tablet,4.0,2023-03-24 08:58:01.061174
user_02488,cathy96@example.net,Nicholas,Payne,24.0,Male,USA,Illinois,Toddhaven,Standard,2023-06-14,True,24.21,Laptop,,2024-07-03 16:49:32.912848
user_02493,frobinson@example.net,Thomas,Chan,29.0,Male,Canada,Alberta,North Mary,Basic,2023-08-03,True,17.37,Laptop,3.0,2025-05-09 23:04:40.972733
user_02495,oholmes@example.net,Valerie,Martinez,28.0,Male,USA,North Carolina,Breannaport,Premium,2024-08-23,True,8.82,Desktop,,2023-05-15 09:49:16.072787
user_02508,lgibson@example.com,Kevin,Jones,27.0,Female,Canada,Manitoba,West Erinmouth,Basic,2023-08-09,True,2.6,Desktop,,2025-01-23 15:27:00.931842
user_02513,andrewssarah@example.org,Ann,Smith,20.0,Female,USA,Washington,New Anthony,Basic,2023-04-21,True,12.11,Smart TV,5.0,2024-06-27 18:39:40.653958
user_02515,uhogan@example.com,Mary,Wheeler,28.0,Male,USA,North Carolina,North Anthony,Basic,2022-10-28,True,18.43,Gaming Console,1.0,2024-11-14 20:31:11.793427
user_02519,mcowan@example.net,Blake,Soto,30.0,Male,USA,Tennessee,Alexanderfort,Standard,2024-06-28,True,3.8,Laptop,2.0,2022-10-30 12:03:20.674768
user_02520,jonesbrian@example.org,Tracy,Bishop,28.0,Male,USA,Illinois,Montgomeryview,Premium,2025-04-06,True,22.42,Smart TV,4.0,2025-07-10 13:25:38.746917
user_02531,gmartinez@example.org,Daniel,Black,30.0,Male,Canada,Alberta,Port Donnamouth,Standard,2025-04-14,True,23.53,Laptop,1.0,2025-04-29 07:24:34.197571
user_02533,carterolivia@example.com,Ronald,Lee,19.0,Female,USA,Wisconsin,Tiffanymouth,Premium,2023-07-15,True,24.42,Laptop,1.0,2025-05-13 00:45:52.933666
user_02544,darin83@example.org,Stephen,Simpson,25.0,Male,USA,Virginia,West Catherine,Premium+,2024-06-30,True,21.88,Gaming Console,1.0,2025-05-07 07:33:13.399533
user_02545,justinashley@example.net,Paul,Alvarado,27.0,Male,USA,Arizona,West Daniel,Standard,2024-09-07,True,,Smart TV,4.0,2023-07-10 06:45:03.122128
user_02549,angela40@example.org,Steven,Morris,29.0,Male,USA,Massachusetts,Angelaberg,Premium,2025-05-15,True,5.8,Gaming Console,4.0,2024-03-27 20:47:00.427622
user_02550,robert60@example.org,Michael,Caldwell,26.0,Female,USA,North Carolina,North Hollytown,Basic,2023-08-01,True,20.2,Desktop,,2023-12-15 18:57:07.733437
user_02552,jamiezimmerman@example.com,Shirley,Jackson,21.0,Male,Canada,Quebec,Cesarland,Premium,2023-12-03,True,,Laptop,,2023-12-13 21:40:39.578999
user_02556,umiller@example.net,Tina,Brown,23.0,Female,Canada,Prince Edward Island,Courtneyburgh,Standard,2023-02-23,True,8.12,Tablet,3.0,2023-05-31 05:11:55.282970
user_02560,andersonjason@example.org,Jane,Oliver,18.0,,Canada,Ontario,Gregorytown,Premium,2025-07-03,True,1.73,Smart TV,1.0,2022-12-08 06:31:24.347352
user_02563,courtney18@example.org,Pamela,Williams,28.0,Female,USA,Tennessee,East Alexis,Standard,2025-03-18,False,16.51,Tablet,5.0,2023-05-03 02:46:29.542744
user_02564,sarahsweeney@example.com,Susan,Luna,22.0,Female,USA,Ohio,West William,Standard,2025-05-29,True,18.38,Desktop,1.0,2022-08-29 21:11:19.871162
user_02565,gadams@example.com,Diane,Golden,28.0,Female,USA,Texas,East Bradyton,Standard,2023-08-13,True,11.9,Tablet,5.0,2023-10-21 01:35:57.843081
user_02567,mlewis@example.com,Ronald,Banks,20.0,,Canada,Nova Scotia,New Phillipville,Premium,2024-03-10,False,8.62,Laptop,2.0,2025-02-25 11:09:09.268750
user_02569,yalexander@example.com,Shelley,Gray,27.0,,Canada,Alberta,Port Brittanymouth,Standard,2023-11-25,True,18.26,Desktop,,2023-04-04 19:13:57.702305
user_02570,thomas93@example.net,Kimberly,Terry,30.0,Female,USA,Massachusetts,Millerland,Basic,2024-12-31,True,4.12,Laptop,2.0,2023-07-05 14:18:50.389427
user_02575,kelsey51@example.com,Willie,Harris,19.0,Female,USA,North Carolina,East Jamiemouth,Standard,2024-06-26,True,22.26,Laptop,,2022-12-23 04:44:48.312377
user_02582,murrayteresa@example.org,Crystal,Lane,18.0,Female,USA,Illinois,West Johnathanstad,Basic,2022-11-22,True,35.59,Smart TV,2.0,2022-08-20 01:48:34.694787
user_02583,ureed@example.net,Debbie,Nichols,24.0,Female,USA,Maryland,Grimesberg,Premium,2023-03-11,False,46.69,Smart TV,2.0,2023-02-18 03:25:23.845666
user_02586,georgeallen@example.org,Heather,Smith,22.0,Male,Canada,Saskatchewan,East Seth,Standard,2024-03-20,True,43.04,Desktop,4.0,2023-05-20 04:05:14.762467
user_02589,harperphilip@example.org,Brian,Fry,26.0,Male,USA,New Jersey,Rodneyburgh,Basic,2022-10-16,False,8.39,Gaming Console,4.0,2023-11-16 11:41:06.133689
user_02596,grantcarrie@example.com,Phillip,Mitchell,27.0,Male,Canada,Saskatchewan,Lake Christine,Standard,2024-03-24,True,18.2,Laptop,1.0,2025-06-13 12:58:07.516454
user_02599,cturner@example.org,Roger,Jackson,25.0,Prefer not to say,USA,Illinois,Kathleenberg,Premium,2023-11-16,True,9.14,Laptop,3.0,2025-02-19 19:28:40.351116
user_02604,ramirezbreanna@example.org,Scott,Watts,18.0,Female,Canada,New Brunswick,North Justin,Standard,2022-08-19,True,16.82,Smart TV,4.0,2023-06-15 21:53:56.229038
user_02612,laurenbaker@example.org,Jasmine,Hernandez,20.0,Female,Canada,Manitoba,Deannafort,Premium+,2024-03-07,True,28.16,Smart TV,4.0,2024-06-18 06:44:07.391043
user_02613,jshannon@example.org,Benjamin,Farley,21.0,Female,USA,New York,Lake Natalie,Standard,2025-01-15,True,,Desktop,2.0,2022-08-24 03:23:32.146978
user_02618,tsmith@example.com,Andrew,Wong,22.0,Male,USA,Arizona,Lake Charleneside,Premium,2022-09-18,True,14.5,Desktop,4.0,2023-09-02 07:18:31.616093
user_02623,nicole75@example.org,Sherri,Wright,21.0,Male,Canada,Saskatchewan,Jamesberg,Premium+,2022-08-03,True,0.51,Smart TV,,2023-02-06 04:45:00.256189
user_02624,farmerjennifer@example.org,Amber,Wilson,30.0,Female,Canada,British Columbia,Port Michelle,Basic,2025-02-15,True,,Laptop,3.0,2025-04-22 11:27:54.055282
user_02625,harperchristina@example.net,Michael,Wilson,22.0,,USA,Maryland,Millertown,Basic,2025-03-23,True,,Gaming Console,3.0,2023-07-11 09:45:08.442925
user_02627,petersonkimberly@example.org,Jennifer,Reese,22.0,Prefer not to say,USA,New York,Melissachester,Basic,2024-09-30,True,4.28,Gaming Console,2.0,2025-04-18 07:52:05.200148
user_02628,zweaver@example.com,Morgan,Horn,23.0,Male,USA,North Carolina,Michaelland,Standard,2023-02-11,True,7.94,Laptop,3.0,2024-04-03 19:01:50.025537
user_02632,bwilliams@example.com,Morgan,Shaw,30.0,Female,USA,Michigan,Davidstad,Premium+,2023-09-01,False,,Gaming Console,2.0,2024-11-07 20:15:37.644895
user_02634,millsyolanda@example.com,Wendy,Jacobs,28.0,Male,USA,California,Vanessaburgh,Premium+,2025-03-07,True,28.8,Gaming Console,2.0,2024-07-29 07:26:22.862653
user_02635,mendozasteven@example.net,Christine,Thornton,25.0,Male,USA,Missouri,Acevedoland,Standard,2022-10-09,True,4.24,Tablet,1.0,2025-04-28 09:32:32.840617
user_02638,aaron53@example.net,Timothy,Marquez,23.0,Female,Canada,Nova Scotia,Garrisonborough,Standard,2025-07-30,True,3.46,Mobile,2.0,2023-05-24 22:54:30.930650
user_02645,samuel54@example.com,Michelle,Gordon,29.0,Male,USA,Indiana,North Shirleymouth,Premium,2024-11-25,True,17.69,Laptop,,2025-02-02 19:13:05.789629
user_02667,tmcgee@example.net,Michelle,Gamble,30.0,,USA,Wisconsin,West Robertside,Premium,2023-07-21,True,29.56,Smart TV,1.0,2024-08-20 14:48:03.867987
user_02670,kim85@example.com,Chelsea,Lee,27.0,Male,USA,North Carolina,South Thomas,Premium,2023-01-17,True,29.84,Laptop,,2025-06-27 19:26:12.298371
user_02671,april30@example.com,Abigail,Lara,22.0,Female,USA,Tennessee,Lake Brittanyville,Premium,2022-08-17,True,2.62,Smart TV,3.0,2024-10-25 20:58:46.915884
user_02685,christian35@example.org,Hannah,Montgomery,24.0,Female,USA,New Jersey,Jacksonmouth,Premium,2023-02-26,True,7.39,Desktop,2.0,2024-02-08 12:53:40.238594
user_02686,gwilson@example.net,Victor,Barrett,24.0,Male,USA,New York,East Brandon,Premium,2023-01-06,True,3.75,Desktop,4.0,2025-01-11 14:23:46.682429
user_02687,douglas59@example.net,Joe,Clark,30.0,Female,USA,California,Jesseville,Standard,2025-04-08,True,11.51,Desktop,,2023-11-18 17:49:56.673809
user_02701,copelanddavid@example.com,David,Kennedy,24.0,Male,USA,Florida,Johnsonhaven,Premium,2023-08-24,True,6.85,Gaming Console,1.0,2025-06-08 06:13:26.084828
user_02702,rachel20@example.com,Rachel,Miller,29.0,Female,USA,Illinois,Ellisburgh,Premium,2024-04-08,True,,Laptop,8.0,2024-06-10 02:45:12.695955
user_02703,jessicatucker@example.com,Amber,Johnson,23.0,Male,USA,Virginia,Rollinsfort,Basic,2025-06-14,True,17.12,Gaming Console,8.0,2022-12-10 10:59:27.751219
user_02704,antoniobell@example.net,Sierra,Diaz,26.0,Other,USA,Virginia,East Steven,Standard,2022-09-19,True,15.34,Desktop,2.0,2024-12-21 21:19:19.977436
user_02705,odelgado@example.org,Joshua,Dunn,29.0,Female,USA,Georgia,West Meganburgh,Standard,2022-11-24,True,13.27,Smart TV,2.0,2023-07-25 01:13:00.819496
user_02707,pstanley@example.net,Joseph,Matthews,24.0,Female,USA,Illinois,Jamesmouth,Premium,2023-01-31,True,11.04,Smart TV,1.0,2023-12-18 08:25:11.195999
user_02709,pruittluke@example.com,Gregory,Nunez,30.0,Female,USA,Virginia,Port Darrellfort,Basic,2022-12-05,True,6.55,Laptop,,2024-05-24 13:11:53.455195
user_02714,thomas09@example.org,Jimmy,Chavez,28.0,Male,USA,Ohio,Douglasville,Standard,2024-12-30,True,4.08,Smart TV,,2023-12-08 16:16:47.038232
user_02719,ashleyvelez@example.com,Colin,Morgan,30.0,Female,Canada,Ontario,Smithfurt,Premium,2024-11-28,False,2.98,Gaming Console,3.0,2025-02-01 01:44:07.495298
user_02720,walkerbianca@example.com,Stacy,Clayton,24.0,Other,USA,New Jersey,Lake Bailey,Standard,2024-10-25,True,2.39,Gaming Console,1.0,2022-10-14 01:21:04.039358
user_02726,amber85@example.org,Joe,Garcia,27.0,Male,USA,Missouri,Jaredmouth,Premium,2025-06-24,True,10.65,Desktop,3.0,2024-07-15 11:52:50.021745
user_02728,kevin76@example.net,Hannah,Johnson,28.0,Male,USA,Wisconsin,Matthewside,Standard,2023-02-08,True,20.69,Desktop,3.0,2023-08-17 19:35:08.019897
user_02730,samanthaburch@example.org,Robert,Allison,30.0,Male,Canada,Nova Scotia,Garciatown,Standard,2023-05-27,True,984.45,Smart TV,3.0,2023-12-12 01:49:12.326706
user_02733,joneal@example.net,Lawrence,Vaughn,30.0,Male,USA,Wisconsin,Alexisville,Basic,2024-07-01,True,12.75,Laptop,1.0,2023-04-30 10:53:31.289607
user_02734,uvillegas@example.org,Peter,Hamilton,21.0,Male,Canada,Saskatchewan,New Megan,Premium,2022-09-24,True,,Smart TV,,2022-12-18 19:16:08.666909
user_02741,jthomas@example.net,Troy,Parker,28.0,Other,Canada,Saskatchewan,Lake Elizabeth,Premium,2024-06-29,True,10.59,Mobile,5.0,2025-07-24 19:44:38.155295
user_02742,michealmccall@example.com,Sarah,Williams,27.0,Female,Canada,Ontario,Hudsonfort,Standard,2022-10-25,True,2.19,Smart TV,4.0,2024-05-02 15:11:34.782454
user_02743,katie19@example.com,Tony,Ramirez,26.0,Female,USA,Indiana,West Jessicaview,Basic,2024-09-20,True,2.2,Gaming Console,6.0,2024-01-31 20:40:56.283771
user_02744,donaldmatthews@example.com,Katherine,Montgomery,27.0,Male,USA,Michigan,New Haley,Premium+,2022-10-11,True,1.85,Mobile,2.0,2023-07-02 00:07:53.524301
user_02749,christopherreyes@example.org,Elizabeth,Nixon,24.0,Female,USA,Florida,Murrayhaven,Standard,2024-08-10,True,3.91,Laptop,,2024-03-21 04:07:44.626366
user_02751,obrienerin@example.com,Renee,Benson,27.0,Prefer not to say,USA,Tennessee,New Tina,Premium,2023-01-27,True,45.81,Desktop,4.0,2024-07-30 03:34:26.696758
user_02752,tammy20@example.org,Thomas,Dean,29.0,Female,Canada,British Columbia,Alejandroton,Premium,2024-07-19,True,,Gaming Console,1.0,2024-11-20 14:27:47.444705
user_02754,trevinoheather@example.net,Peter,Young,21.0,Male,USA,Florida,Jennyburgh,Premium,2022-10-21,True,8.49,Desktop,5.0,2025-07-14 01:30:56.067554
user_02755,kevin48@example.com,Brooke,Griffin,22.0,Other,Canada,Saskatchewan,Danielside,Premium,2022-08-17,False,11.77,Mobile,2.0,2024-08-15 12:59:19.647300
user_02761,susan48@example.com,Renee,Kim,30.0,Male,USA,Michigan,Ericafort,Basic,2023-07-20,True,17.1,Mobile,2.0,2025-03-04 02:39:12.978626
user_02763,nbaker@example.com,Brandon,Glover,23.0,,USA,Pennsylvania,Russelltown,Standard,2023-03-31,True,8.91,Tablet,4.0,2024-02-06 21:28:46.327137
user_02768,cunninghamchelsey@example.org,Leonard,Campbell,29.0,Other,Canada,Manitoba,Reidville,Basic,2025-04-14,True,0.41,Smart TV,1.0,2022-10-09 13:30:25.010898
user_02770,kflores@example.org,Amy,Nguyen,29.0,Male,Canada,Quebec,Lancemouth,Basic,2024-05-27,True,8.71,Mobile,1.0,2023-12-17 22:02:48.269958
user_02771,cjarvis@example.net,Diane,Benitez,28.0,Female,USA,California,Lake Rodneyview,Premium+,2023-03-21,False,31.74,Gaming Console,4.0,2025-01-13 11:28:47.465070
user_02783,bradley11@example.org,Jonathan,Weaver,27.0,Female,Canada,Alberta,New Davidshire,Standard,2025-02-09,True,7.88,Tablet,,2024-02-11 12:01:19.846514
user_02786,loganwarner@example.net,Kenneth,Hancock,30.0,Female,USA,Texas,West Johnland,Premium,2025-05-15,True,29.62,Laptop,1.0,2023-01-20 04:29:25.906246
user_02789,eevans@example.net,Michael,Williams,29.0,Female,USA,New Jersey,Youngbury,Premium,2025-05-26,False,15.18,Tablet,3.0,2023-04-07 19:52:29.197110
user_02790,collinsmith@example.com,Tammy,Diaz,23.0,Male,USA,Texas,Raymondburgh,Premium+,2024-03-02,True,6.65,Tablet,3.0,2024-12-26 18:05:37.846353
user_02792,dianechapman@example.net,Matthew,Gonzalez,25.0,Female,Canada,Quebec,Josephmouth,Basic,2024-06-17,False,14.3,Smart TV,3.0,2022-09-27 09:20:18.374747
user_02800,stephaniecortez@example.org,Oscar,Alexander,19.0,Female,USA,North Carolina,South Kimberlyport,Premium+,2024-08-12,True,1.82,Mobile,2.0,2025-03-06 12:30:10.951487
user_02804,keith78@example.org,Joseph,Miller,18.0,Male,USA,Maryland,Lake Deborahport,Standard,2025-04-28,True,28.2,Tablet,,2022-10-17 18:41:52.702353
user_02805,martineznorman@example.com,Pamela,Lopez,27.0,Male,USA,Michigan,Port Judymouth,Premium,2025-01-07,True,4.69,Laptop,1.0,2022-08-08 08:43:52.138468
user_02806,rhodesjose@example.net,Cheryl,Padilla,22.0,Male,Canada,Newfoundland and Labrador,New Lindabury,Standard,2024-03-01,True,12.01,Tablet,1.0,2025-04-06 21:43:54.888092
user_02820,martha48@example.org,Heather,Williamson,29.0,Male,USA,New York,East Kellyview,Basic,2023-11-04,True,30.71,Gaming Console,2.0,2025-06-25 06:42:26.029603
user_02827,moorecraig@example.com,Paul,Sherman,26.0,Male,USA,Ohio,Rachelborough,Basic,2025-07-14,True,7.48,Gaming Console,4.0,2022-12-30 13:57:53.797074
user_02829,rodriguezjesse@example.net,Danielle,Sparks,30.0,Male,USA,New York,Emilyfort,Premium,2022-11-18,True,6.51,Mobile,2.0,2025-03-20 15:09:29.088156
user_02831,benjamin16@example.org,Nicole,Johnson,22.0,Male,USA,New York,North Monica,Premium+,2022-10-11,True,,Tablet,2.0,2022-10-10 03:17:36.825675
user_02832,jeffrey02@example.com,Jeffrey,Byrd,29.0,Male,Canada,Prince Edward Island,Knightberg,Standard,2024-07-06,True,6.85,Tablet,5.0,2024-03-31 16:06:04.184599
user_02839,brookevalencia@example.org,Richard,Gibson,25.0,Male,Canada,Newfoundland and Labrador,North Gregory,Premium,2023-01-22,True,,Desktop,1.0,2024-03-06 17:12:28.569516
user_02840,martinezyvonne@example.net,Bryan,Martinez,27.0,Other,USA,Wisconsin,West Angela,Premium,2023-01-04,True,16.0,Laptop,,2025-01-31 01:06:04.068390
user_02842,sloankrista@example.com,Mark,Griffith,18.0,Female,USA,Wisconsin,New Roger,Standard,2023-03-08,False,4.63,Tablet,4.0,2025-02-25 14:30:09.485432
user_02845,lorraine33@example.org,Christopher,Sherman,28.0,Male,USA,Texas,Tamaraburgh,Standard,2024-10-30,True,15.09,Tablet,3.0,2022-11-19 23:13:47.757118
user_02849,nicolewalker@example.org,James,Bryant,24.0,Female,USA,Virginia,Wattsfurt,Premium,2025-03-17,True,18.42,Laptop,2.0,2025-08-02 09:09:33.569795
user_02853,angelicachase@example.net,Nancy,Davis,23.0,Female,Canada,Ontario,North Melanieland,Standard,2024-10-17,True,,Mobile,,2023-11-07 08:24:12.314253
user_02855,vbrennan@example.net,Tony,Harris,29.0,Male,USA,New Jersey,Port Christinamouth,Standard,2024-04-17,True,15.34,Desktop,2.0,2023-04-22 06:21:14.896680
user_02858,jamesmorales@example.net,Larry,Singleton,29.0,Male,Canada,Alberta,Seanport,Premium,2024-09-07,True,20.9,Tablet,2.0,2024-09-17 18:47:19.509097
user_02861,timothy71@example.org,Christopher,Garner,28.0,Male,USA,Indiana,Michelleland,Premium,2023-11-09,False,7.18,Desktop,5.0,2025-01-25 05:47:32.696022
user_02864,jillian82@example.com,Samantha,Gonzalez,18.0,Female,USA,Wisconsin,East Christophertown,Standard,2023-10-11,True,20.21,Tablet,1.0,2025-04-16 11:08:46.232062
user_02871,joyce83@example.net,Angela,Sanchez,30.0,Male,Canada,Ontario,Port Traci,Premium+,2022-09-05,True,9.39,Laptop,2.0,2024-04-26 06:38:23.690187
user_02874,suzannemay@example.org,Austin,Simpson,26.0,Male,USA,Maryland,Amberberg,Standard,2024-09-16,True,68.52,Laptop,2.0,2025-04-18 10:00:08.125193
user_02876,fjackson@example.com,Todd,Stewart,28.0,Female,USA,New York,Martinborough,Standard,2024-02-13,True,14.56,Laptop,1.0,2023-12-22 19:55:04.032325
user_02879,joan18@example.com,Carolyn,Terry,24.0,Male,Canada,Newfoundland and Labrador,North Jason,Basic,2023-01-31,True,12.09,Gaming Console,4.0,2024-02-03 06:04:36.996055
user_02880,thomaswatson@example.net,Amanda,Murphy,22.0,Female,USA,Pennsylvania,Jasonshire,Premium,2023-05-14,True,8.47,Tablet,2.0,2023-06-14 11:52:43.231245
user_02885,vbailey@example.org,Marvin,Stokes,27.0,Female,USA,Texas,Danielsfort,Standard,2024-10-13,True,32.37,Smart TV,2.0,2022-12-26 21:03:33.060186
user_02891,hguerrero@example.com,Alex,Tran,30.0,Male,Canada,Nova Scotia,New Deborah,Standard,2024-02-28,True,35.84,Smart TV,,2022-09-01 16:08:56.684496
user_02893,obrooks@example.com,Jimmy,Randall,27.0,Male,USA,Arizona,Lake Bryanfort,Premium,2023-12-15,False,7.63,Tablet,4.0,2023-01-26 03:44:42.563795
user_02897,nmorgan@example.org,Cody,Ramirez,26.0,,USA,Wisconsin,New Laurie,Standard,2024-07-20,False,40.2,Smart TV,2.0,2023-10-17 13:53:36.188435
user_02900,hilldavid@example.com,Dennis,Smith,28.0,Female,USA,Indiana,Brianberg,Standard,2024-02-03,False,5.2,Laptop,1.0,2023-07-20 03:49:48.310065
user_02910,dcollier@example.org,Joseph,Gibson,24.0,Male,Canada,British Columbia,South Shawnview,Basic,2024-12-24,True,21.57,Laptop,2.0,2023-08-18 21:23:33.786326
user_02915,toddroberts@example.org,Kristopher,Griffin,29.0,Female,USA,New Jersey,Port Christine,Premium,2024-01-12,True,19.45,Gaming Console,3.0,2022-10-25 12:02:49.456810
user_02916,nicolereed@example.net,Elizabeth,Stanley,20.0,Female,USA,New Jersey,Lake Janet,Premium,2024-09-03,True,7.56,Laptop,1.0,2023-07-02 14:55:09.365172
user_02923,reyesamber@example.net,Mia,Werner,24.0,Male,USA,Indiana,South Sarahport,Premium,2023-05-30,True,2.64,Smart TV,7.0,2022-08-06 14:00:53.675633
user_02924,grayaaron@example.com,Emily,Hunt,25.0,Male,USA,Florida,East Brian,Premium+,2024-01-24,True,15.52,Mobile,1.0,2023-04-22 02:55:27.348248
user_02925,nwhite@example.com,Marissa,Brown,24.0,Female,Canada,New Brunswick,Lake Paul,Premium,2023-07-31,True,43.12,Smart TV,2.0,2023-05-15 08:36:36.609851
user_02932,gregory44@example.net,Makayla,Roberts,20.0,Male,Canada,Newfoundland and Labrador,Robertshaven,Premium+,2024-06-09,True,12.92,Gaming Console,3.0,2024-04-09 18:51:53.234622
user_02938,wlee@example.com,Cheryl,Clark,25.0,Female,USA,Wisconsin,North Austin,Premium+,2023-12-02,True,13.21,Tablet,7.0,2023-05-01 02:06:20.363137
user_02939,gomezmatthew@example.org,Tammy,Kim,26.0,Male,USA,Maryland,Smithburgh,Premium,2023-07-29,True,6.05,Mobile,4.0,2022-08-27 01:38:09.462575
user_02941,lutzwhitney@example.org,Anna,Nelson,28.0,Male,USA,Missouri,East Sylvia,Premium,2024-05-19,False,41.29,Mobile,5.0,2022-09-11 15:28:08.646466
user_02942,coxdaniel@example.com,Rebecca,Clark,18.0,Male,USA,New York,East Nichole,Standard,2022-12-23,True,1.32,Desktop,,2023-10-24 13:31:26.133330
user_02956,ncrawford@example.com,Robert,Murphy,30.0,Female,Canada,New Brunswick,Garyhaven,Premium,2023-03-22,True,12.63,Gaming Console,3.0,2024-08-24 18:20:47.079754
user_02958,krausepaul@example.org,Keith,Gonzalez,27.0,Female,USA,Virginia,Juanberg,Standard,2023-05-15,True,5.96,Mobile,,2024-02-05 06:11:07.959686
user_02962,lisagallegos@example.org,Danielle,Wade,26.0,Male,USA,Texas,New Ashleyland,Standard,2025-02-25,False,4.54,Desktop,1.0,2024-06-15 19:17:35.735395
user_02967,mhernandez@example.org,John,Walker,26.0,Male,Canada,Alberta,North Hollybury,Premium,2024-11-15,True,,Desktop,,2025-05-06 10:03:43.450769
user_02971,haynescynthia@example.net,John,Smith,21.0,Male,USA,Missouri,South Karenview,Standard,2022-09-28,True,19.62,Tablet,2.0,2023-06-09 00:27:39.538400
user_02972,ldavis@example.org,Douglas,Bray,23.0,Female,Canada,New Brunswick,Port Kristenland,Standard,2024-05-11,True,9.8,Mobile,3.0,2025-01-05 09:50:20.086322
user_02973,stonealicia@example.com,Sheryl,Hall,24.0,Other,USA,Missouri,East Tracymouth,Standard,2024-09-20,False,19.57,Gaming Console,1.0,2022-10-25 20:19:41.997548
user_02977,john59@example.com,William,Davis,20.0,Male,USA,Washington,New Danielberg,Premium,2023-08-05,True,34.09,Smart TV,8.0,2025-01-08 22:19:16.206820
user_02981,patrick78@example.net,Dwayne,Hart,25.0,Male,Canada,Newfoundland and Labrador,Bethanytown,Basic,2025-05-17,True,35.44,Gaming Console,4.0,2023-11-06 01:07:43.804650
user_02984,omunoz@example.com,Penny,Nguyen,22.0,Male,USA,Tennessee,Port Sandra,Basic,2024-11-07,False,17.47,Desktop,,2022-11-01 22:50:15.165479
user_02999,kevinfrank@example.com,Diana,Lara,20.0,Male,USA,Indiana,Port Bryan,Basic,2025-03-07,True,44.26,Laptop,3.0,2023-06-23 07:27:46.967679
user_03000,dgarcia@example.net,Brian,Knight,28.0,Male,USA,Virginia,Lake Monicashire,Premium,2023-10-10,False,12.09,Gaming Console,5.0,2022-10-16 17:50:29.683499
user_03003,lauriestein@example.org,Frank,Flores,29.0,Male,USA,North Carolina,New Jackie,Standard,2023-03-02,True,18.71,Tablet,5.0,2022-12-09 20:22:25.714314
user_03007,michael92@example.com,Shane,Baker,25.0,Male,USA,Missouri,Christopherstad,Premium,2023-02-19,True,1.17,Desktop,4.0,2025-07-06 19:00:21.811763
user_03009,leealexandria@example.com,Tyler,Schmitt,29.0,Male,USA,North Carolina,Kimport,Premium+,2025-06-09,False,12.89,Tablet,1.0,2024-08-23 18:53:54.899279
user_03012,xsmith@example.net,Ashley,Ford,26.0,Prefer not to say,USA,Arizona,Mikeburgh,Standard,2023-09-30,True,21.6,Desktop,3.0,2024-10-19 16:10:23.606405
user_03017,jbrown@example.com,Philip,Bailey,24.0,Female,USA,New York,South Reginaldtown,Premium,2023-12-27,True,15.66,Mobile,5.0,2025-07-04 21:58:14.868921
user_03019,stephenwillis@example.net,Brianna,Jennings,19.0,Male,Canada,British Columbia,North Hunter,Standard,2023-08-10,True,20.93,Gaming Console,,2025-07-20 08:05:14.256416
user_03031,houstonalexis@example.org,Theodore,Baker,23.0,Prefer not to say,USA,Indiana,Pennyville,Premium,2025-04-19,True,709.15,Laptop,4.0,2024-04-16 03:24:13.009513
user_03032,vnguyen@example.com,Steven,Maxwell,29.0,Male,USA,Ohio,Vaughanborough,Basic,2023-11-10,True,20.24,Desktop,2.0,2025-01-27 14:08:44.955576
user_03035,hooddaniel@example.com,James,Burns,18.0,Female,Canada,Nova Scotia,Port Thomashaven,Standard,2023-02-26,True,,Mobile,,2023-01-11 10:29:34.079354
user_03036,timothydeleon@example.org,Monica,Le,27.0,Female,Canada,Ontario,Bradleymouth,Premium,2022-12-09,True,40.27,Smart TV,2.0,2023-10-20 16:38:52.416475
user_03045,rachel49@example.com,Elizabeth,Thompson,21.0,Male,USA,Maryland,West Kim,Standard,2022-09-30,True,20.84,Smart TV,1.0,2024-12-26 09:11:42.241089
user_03046,beckjean@example.com,Richard,King,23.0,Male,USA,Florida,Lake Melissaton,Standard,2025-02-10,True,4.64,Gaming Console,2.0,2025-07-12 23:38:38.334666
user_03048,fbates@example.com,Elizabeth,Smith,18.0,Female,USA,Maryland,East Brianfort,Premium+,2023-11-23,True,7.74,Gaming Console,7.0,2023-07-09 17:36:17.029628
user_03051,marcus18@example.net,Ronald,Brooks,29.0,Female,Canada,Alberta,South Sherry,Standard,2023-07-07,False,17.2,Gaming Console,,2025-05-18 14:37:47.588344
user_03052,zachary19@example.org,Michelle,Walker,18.0,Male,Canada,Ontario,Baileyville,Premium,2024-03-10,True,17.61,Smart TV,2.0,2024-03-20 13:00:10.408519
user_03054,mwatson@example.com,Elizabeth,Burke,20.0,Female,Canada,Quebec,Hamiltonborough,Standard,2022-09-14,True,18.3,Tablet,2.0,2023-07-17 14:56:26.355747
user_03059,patricia70@example.net,Amber,Freeman,21.0,Female,USA,Indiana,Websterburgh,Standard,2024-05-31,True,11.33,Tablet,3.0,2025-01-27 02:56:23.703298
user_03060,jonathanhenderson@example.net,Tara,Garcia,24.0,,USA,Arizona,Maynardburgh,Standard,2022-08-13,False,13.65,Gaming Console,4.0,2023-01-29 17:12:20.850573
user_03064,brenda64@example.net,Michael,Sullivan,27.0,Female,USA,Ohio,South James,Basic,2024-09-23,False,2.92,Mobile,,2023-08-02 16:44:30.898226
user_03065,qpineda@example.org,Harry,Boone,28.0,Male,USA,Ohio,New Christopherstad,Standard,2023-10-11,True,,Laptop,2.0,2022-08-24 15:13:52.145603
user_03067,kelli15@example.org,Samantha,Barnett,24.0,Female,USA,Georgia,Jessicaland,Standard,2022-09-14,True,9.5,Gaming Console,3.0,2025-05-27 02:29:11.311226
user_03068,dana65@example.org,Duane,Miller,23.0,Male,Canada,Newfoundland and Labrador,Christineshire,Premium+,2025-03-07,True,13.56,Tablet,,2024-11-19 07:23:20.289464
user_03073,christopherbrooks@example.com,Gary,Ball,30.0,Male,USA,Pennsylvania,Helentown,Standard,2024-09-27,False,5.45,Tablet,3.0,2024-04-23 13:46:43.400827
user_03079,zflores@example.com,Derek,Manning,29.0,Female,Canada,Quebec,South Rodneystad,Premium,2022-11-23,True,11.91,Smart TV,3.0,2025-05-27 19:12:20.748424
user_03083,jacksonchristopher@example.org,Gary,Anthony,22.0,Male,USA,Tennessee,West Kristina,Basic,2025-05-15,False,5.82,Mobile,1.0,2023-11-18 13:20:22.906311
user_03092,htorres@example.com,Christopher,Valenzuela,20.0,Male,USA,Florida,Lake Christopherside,Premium+,2025-04-04,True,8.75,Smart TV,2.0,2022-08-08 07:55:17.502018
user_03111,nlee@example.org,Jared,Martin,18.0,Female,USA,Florida,South Aaronhaven,Premium,2025-03-11,True,5.75,Laptop,1.0,2025-01-30 12:14:44.871547
user_03113,victoria55@example.com,Jillian,Hernandez,24.0,Male,USA,Arizona,Hayesville,Basic,2024-01-16,True,20.53,Smart TV,6.0,2022-09-19 09:50:56.649113
user_03115,powellpaul@example.org,Ebony,Fitzgerald,26.0,Prefer not to say,Canada,Nova Scotia,Port Carolmouth,Premium+,2025-05-03,True,27.4,Smart TV,3.0,2022-10-17 08:35:51.453698
user_03116,scottkirk@example.net,Jessica,Cain,26.0,Female,Canada,New Brunswick,Davidville,Standard,2024-01-30,True,14.33,Smart TV,3.0,2022-10-24 10:11:50.375094
user_03122,davidrichardson@example.org,Jonathan,Robbins,27.0,Male,USA,Virginia,East Jamesshire,Standard,2023-05-24,True,13.23,Tablet,2.0,2023-11-28 22:13:13.770817
user_03128,james01@example.com,Paul,Sanchez,24.0,Female,USA,Texas,Markmouth,Standard,2022-11-07,True,6.91,Desktop,6.0,2023-01-03 05:52:30.115438
user_03141,parkertim@example.com,Jerry,Ruiz,28.0,Female,USA,Indiana,Curtismouth,Basic,2024-11-19,True,12.52,Desktop,3.0,2023-01-01 22:08:22.353901
user_03143,zphillips@example.org,Cody,Trujillo,28.0,Female,USA,Pennsylvania,Vickiberg,Premium,2022-10-18,True,27.05,Tablet,5.0,2022-12-10 00:04:11.883130
user_03144,travis25@example.com,Joshua,Thompson,20.0,Male,USA,Indiana,North Melissatown,Basic,2024-07-23,True,60.04,Desktop,3.0,2024-09-01 02:10:55.942971
user_03146,olivia38@example.org,Joanne,Scott,20.0,Female,USA,Wisconsin,Melissafort,Premium,2024-02-10,True,10.56,Tablet,1.0,2024-11-01 05:35:55.936580
user_03147,stevenschneider@example.com,Joseph,Ortiz,30.0,Prefer not to say,USA,Massachusetts,West Joshua,Premium+,2024-08-15,True,13.31,Laptop,3.0,2025-06-06 01:49:41.143966
user_03148,sotomadison@example.net,Raymond,Obrien,24.0,,USA,Wisconsin,South Kimberlyburgh,Standard,2023-01-12,True,19.18,Gaming Console,1.0,2024-09-08 22:34:19.344032
user_03151,christine41@example.net,Lindsey,Greene,27.0,Male,Canada,Ontario,Stanleyland,Standard,2023-04-15,True,3.45,Laptop,1.0,2024-06-26 15:22:29.158078
user_03158,warrenkrista@example.com,Melanie,Navarro,23.0,Male,USA,Indiana,Hopkinsside,Premium,2022-08-04,True,23.2,Desktop,4.0,2024-01-19 05:55:11.052059
user_03165,watersjerry@example.org,Karen,Harris,22.0,Prefer not to say,USA,Indiana,Fitzgeraldville,Basic,2025-05-19,True,13.17,Desktop,1.0,2024-12-22 06:13:33.227235
user_03168,amy70@example.com,Holly,Bradford,20.0,Female,Canada,New Brunswick,Marciashire,Premium,2022-12-11,True,19.45,Laptop,,2022-10-31 18:17:24.726345
user_03169,jose27@example.org,Matthew,Perez,25.0,Female,USA,Virginia,New Troymouth,Standard,2023-02-10,False,8.62,Gaming Console,1.0,2022-08-21 03:36:12.207818
user_03174,caseyandrew@example.com,Amber,Braun,27.0,Male,Canada,Newfoundland and Labrador,Harrisview,Basic,2024-05-06,True,,Tablet,4.0,2024-08-15 21:56:36.598196
user_03175,rhondalopez@example.org,Claudia,Weber,22.0,Male,USA,California,South Teresa,Premium,2024-07-12,True,14.58,Laptop,1.0,2023-05-20 12:50:57.923940
user_03186,kimberly77@example.org,Christine,Estrada,25.0,Female,USA,Virginia,South Luisland,Standard,2023-03-10,True,60.87,Gaming Console,6.0,2023-10-16 02:01:01.932289
user_03189,chad49@example.org,Amanda,Marquez,29.0,Male,USA,North Carolina,East Mary,Standard,2025-07-06,True,31.2,Tablet,1.0,2022-10-31 22:16:40.407089
user_03192,mirandarobert@example.org,Michael,Wagner,26.0,Male,USA,Texas,South Brittany,Basic,2025-07-26,False,5.95,Desktop,,2023-11-12 16:31:05.250817
user_03202,candrade@example.org,Steven,Parker,27.0,Male,USA,North Carolina,West Vicki,Premium,2023-05-19,True,3.19,Smart TV,1.0,2024-01-19 02:10:32.204312
user_03205,moorealicia@example.net,Jason,Richardson,23.0,Male,USA,Florida,North Donaldshire,Premium,2023-05-16,True,13.22,Desktop,1.0,2022-12-22 14:59:28.506402
user_03220,nsantos@example.org,Luke,Hicks,26.0,Male,USA,Georgia,Esparzaport,Premium,2025-02-25,True,28.89,Gaming Console,5.0,2023-08-16 10:08:36.550982
user_03226,shepardheidi@example.org,Matthew,Diaz,24.0,Male,Canada,Alberta,East Johnton,Standard,2025-03-02,True,18.64,Mobile,1.0,2023-07-24 18:33:08.956035
user_03230,santosmary@example.com,Crystal,Lee,28.0,Female,USA,New Jersey,North Kenneth,Standard,2025-04-19,True,10.79,Tablet,1.0,2024-11-05 21:38:34.219243
user_03231,osbornemaria@example.org,Kathy,Daniel,26.0,Female,USA,Missouri,Markport,Standard,2023-02-11,True,5.75,Smart TV,,2023-12-02 00:06:08.739574
user_03235,tmartinez@example.net,Abigail,Martin,19.0,Male,Canada,Alberta,West Anthony,Premium,2023-12-05,True,5.67,Smart TV,1.0,2023-05-16 15:56:53.629785
user_03237,johnsonkevin@example.net,Jason,Anderson,20.0,Female,Canada,Prince Edward Island,East Erica,Premium+,2024-07-04,False,5.63,Mobile,1.0,2023-09-15 16:52:28.437051
user_03238,mary02@example.org,Elizabeth,Allen,27.0,Female,USA,Missouri,Grayshire,Premium+,2024-07-03,True,8.12,Mobile,1.0,2023-10-23 03:16:06.548706
user_03240,mjimenez@example.com,Bonnie,Weaver,28.0,Male,USA,Georgia,Rodriguezchester,Standard,2023-04-10,False,25.68,Gaming Console,2.0,2023-02-21 12:41:06.759058
user_03241,davisjordan@example.org,William,Jacobs,29.0,Female,Canada,Ontario,Smithstad,Premium,2024-08-01,True,8.35,Smart TV,1.0,2022-10-19 11:45:15.427543
user_03242,acevedoroy@example.net,Vanessa,Gomez,22.0,Female,USA,Michigan,Olsonview,Premium,2023-12-16,True,,Gaming Console,,2023-08-19 20:22:58.921507
user_03247,fbrown@example.org,Christina,Hood,24.0,Female,Canada,Nova Scotia,Mullinsfort,Standard,2024-02-05,False,21.46,Tablet,3.0,2024-08-24 07:19:48.775144
user_03266,smithholly@example.net,Doris,Lindsey,30.0,Female,USA,New York,East Bryan,Standard,2024-10-24,True,25.8,Gaming Console,1.0,2024-09-23 05:32:06.297012
user_03270,smithdanielle@example.net,Kayla,Mcfarland,19.0,Male,USA,Texas,Racheltown,Premium,2025-07-14,True,29.24,Tablet,2.0,2023-01-08 05:25:22.632606
user_03277,jamesballard@example.org,Gordon,Caldwell,18.0,Male,Canada,New Brunswick,Merritthaven,Premium,2023-02-01,True,10.33,Laptop,2.0,2025-02-22 14:34:56.621538
user_03295,josecastro@example.org,Joe,Martinez,27.0,Female,USA,New Jersey,Deborahside,Basic,2025-01-14,True,20.51,Smart TV,,2023-05-07 11:02:59.297683
user_03307,john60@example.com,Benjamin,Lawrence,24.0,Male,USA,Wisconsin,Lake Javier,Standard,2024-01-03,False,833.07,Laptop,4.0,2024-11-07 02:19:49.574915
user_03316,seth42@example.com,Mary,Bean,21.0,Female,Canada,Quebec,Lake Lisamouth,Standard,2023-12-28,False,12.94,Tablet,,2024-11-04 20:05:59.412538
user_03320,michaelcooke@example.net,Barbara,Miller,28.0,Female,Canada,Nova Scotia,Cookstad,Standard,2023-07-28,True,7.34,Laptop,2.0,2022-11-17 22:41:48.770088
user_03321,robert98@example.org,Kevin,Johnson,18.0,Female,USA,Michigan,Hernandezfort,Basic,2024-08-12,True,16.46,Gaming Console,4.0,2023-01-17 06:53:09.601251
user_03332,robinsonwhitney@example.com,Tyler,Lee,24.0,Female,USA,North Carolina,New Stephen,Standard,2023-08-04,True,25.99,Mobile,3.0,2024-04-22 10:37:56.809468
user_03334,xochoa@example.com,Tiffany,Anderson,28.0,Female,USA,Wisconsin,Obrienstad,Premium,2024-12-08,True,38.02,Mobile,3.0,2025-03-27 10:05:30.879774
user_03337,shaffermarcus@example.com,Caroline,Hughes,26.0,,USA,Texas,Johnside,Standard,2024-02-17,True,24.0,Desktop,4.0,2024-06-14 03:19:08.902815
user_03340,michaelfernandez@example.org,Sharon,Matthews,28.0,Female,USA,Pennsylvania,East Nathaniel,Standard,2023-01-02,False,28.03,Desktop,1.0,2024-02-23 21:57:35.890364
user_03348,donaldbaker@example.org,Mary,York,26.0,,USA,Ohio,Byrdfort,Standard,2025-06-07,True,20.35,Laptop,3.0,2024-01-24 05:56:38.015632
user_03350,xking@example.org,Jennifer,Williamson,19.0,Male,USA,North Carolina,Millerchester,Standard,2023-03-08,True,47.81,Laptop,2.0,2024-06-21 21:00:55.969506
user_03351,kathycastro@example.org,Luke,Jackson,30.0,Female,USA,New York,Thomaston,Premium+,2024-10-12,True,1.77,Smart TV,2.0,2023-06-24 20:23:02.880780
user_03355,karenwagner@example.com,Erik,West,24.0,Female,USA,Florida,New Larryton,Premium+,2024-09-14,True,19.07,Laptop,3.0,2023-02-13 13:40:20.901401
user_03358,jose52@example.net,Jessica,Gilmore,28.0,Female,USA,Illinois,Mirandatown,Premium+,2023-11-05,True,16.19,Laptop,,2025-08-01 13:29:52.658390
user_03360,michelle51@example.org,Larry,Robinson,29.0,Female,USA,New York,Devinton,Premium,2025-02-18,True,12.45,Smart TV,3.0,2023-06-03 04:36:40.174288
user_03362,ericbrooks@example.com,Gary,Jenkins,29.0,Male,Canada,British Columbia,Arellanoton,Basic,2025-01-14,True,6.23,Smart TV,3.0,2024-02-28 22:52:59.137122
user_03363,christina96@example.com,Michelle,Serrano,21.0,Male,Canada,Quebec,Port Savannahstad,Standard,2024-08-11,True,24.47,Desktop,3.0,2025-06-26 18:52:55.145367
user_03364,stewartangela@example.org,Paul,Mitchell,27.0,Female,USA,Texas,Stevenport,Standard,2022-09-28,False,26.97,Gaming Console,2.0,2024-07-07 13:58:14.329146
user_03372,tara40@example.net,Daniel,Barton,27.0,Prefer not to say,USA,Missouri,North Lindamouth,Standard,2025-06-08,True,9.3,Smart TV,3.0,2025-01-18 16:48:49.546723
user_03373,hwilliams@example.org,Olivia,Hamilton,30.0,Male,USA,Missouri,Mcleanburgh,Basic,2024-12-12,True,33.51,Gaming Console,1.0,2023-03-26 07:23:10.252632
user_03375,esparzatammy@example.net,Danielle,Shaffer,23.0,Female,USA,Missouri,East Christineside,Premium,2025-06-10,True,3.45,Smart TV,1.0,2024-08-23 11:06:34.955499
user_03388,howardrichards@example.net,Jonathan,Johnson,27.0,Female,Canada,British Columbia,Houseland,Premium,2024-04-21,False,4.32,Laptop,,2024-08-31 20:52:40.063738
user_03394,christian26@example.org,Allen,Smith,22.0,Female,USA,Maryland,North Kathryn,Premium,2023-07-01,True,13.39,Mobile,,2024-07-01 09:35:00.406985
user_03405,ruth13@example.org,Chad,Newton,30.0,Female,USA,North Carolina,Jamesbury,Premium,2023-05-31,True,17.74,Gaming Console,,2023-08-22 09:18:15.780736
user_03406,jwilliamson@example.net,Diane,Burnett,29.0,,Canada,Prince Edward Island,Hoganton,Basic,2023-04-11,True,21.84,Tablet,1.0,2025-02-26 04:02:26.209096
user_03408,mreynolds@example.com,Joyce,Conrad,21.0,Female,USA,Maryland,South Phillipshire,Basic,2023-01-12,True,8.95,Desktop,1.0,2023-01-27 01:26:22.486408
user_03410,seth23@example.net,Elizabeth,Gross,30.0,Male,USA,Tennessee,Jonesville,Premium,2025-05-30,True,22.83,Gaming Console,3.0,2024-08-14 02:33:25.409865
user_03416,johngiles@example.org,Jessica,Bryant,25.0,Male,USA,Maryland,Burnettberg,Premium,2023-06-09,True,4.83,Mobile,3.0,2023-09-08 01:44:45.271559
user_03417,stoutcynthia@example.net,Brittany,Walton,27.0,,USA,New York,East Brianaberg,Premium,2024-01-18,True,2.96,Laptop,1.0,2024-03-11 16:47:03.715418
user_03420,lucasoscar@example.net,Nathaniel,Wood,18.0,Male,USA,Maryland,New Kristiestad,Premium+,2022-10-03,True,,Laptop,4.0,2025-06-12 23:45:39.204983
user_03427,debra44@example.net,Michael,Bradley,20.0,,USA,Wisconsin,East Kimberly,Premium+,2024-09-06,True,20.75,Mobile,2.0,2022-11-21 15:25:31.472636
user_03434,valentinejoy@example.net,Michele,Arnold,24.0,Male,USA,Wisconsin,Lake Sarafurt,Standard,2024-02-11,True,4.05,Laptop,5.0,2025-05-19 02:54:56.167520
user_03435,hamiltonantonio@example.net,Jeffrey,Beck,24.0,Female,Canada,Saskatchewan,Port Kelly,Premium,2022-11-28,False,3.21,Mobile,5.0,2022-10-01 17:59:04.008165
user_03439,fwalls@example.com,Paul,Taylor,26.0,Female,Canada,Quebec,South Troy,Standard,2025-01-24,True,28.54,Desktop,4.0,2022-11-06 04:52:34.516819
user_03443,iali@example.com,Tiffany,Stephens,25.0,Male,USA,Tennessee,Danielberg,Premium,2024-02-02,True,42.91,Smart TV,3.0,2022-11-13 11:34:31.351003
user_03445,swarren@example.net,Cynthia,Marks,27.0,Male,USA,Florida,Hobbsport,Standard,2023-07-03,True,4.41,Mobile,2.0,2022-08-06 13:31:27.323506
user_03447,kevin46@example.org,Patrick,Scott,22.0,Female,Canada,New Brunswick,Ashleybury,Premium,2022-11-01,False,22.75,Desktop,2.0,2025-06-07 20:50:15.629841
user_03451,lutzscott@example.org,Adam,Morgan,21.0,Other,USA,Illinois,Myersmouth,Premium+,2025-06-17,True,33.84,Laptop,,2024-10-18 05:59:14.377175
user_03455,ygarza@example.net,Mark,Perez,19.0,Male,USA,Georgia,Johnsonhaven,Premium,2024-02-22,True,10.62,Gaming Console,3.0,2023-08-03 11:39:42.720882
user_03457,tammychaney@example.com,Diana,Mcdonald,22.0,Male,USA,Florida,North Mollymouth,Standard,2025-05-21,False,12.67,Gaming Console,,2024-08-02 08:15:22.014117
user_03459,clin@example.com,Donna,Duncan,24.0,Female,Canada,Nova Scotia,East Jamesborough,Standard,2025-06-23,False,6.23,Tablet,2.0,2024-04-07 20:58:03.995714
user_03463,sylviaallen@example.com,Thomas,Brooks,18.0,Female,USA,Indiana,North Jennifer,Premium,2024-04-10,True,,Desktop,6.0,2025-02-25 06:05:18.833512
user_03468,anthonybryant@example.com,Nicole,Francis,30.0,Female,Canada,Ontario,Angelside,Basic,2025-05-11,True,17.87,Desktop,3.0,2024-08-23 05:43:41.125773
user_03473,trujillosamantha@example.org,Jonathan,Richards,23.0,Female,USA,Tennessee,Lake Mauricechester,Basic,2023-06-10,True,6.29,Mobile,2.0,2024-10-27 11:27:34.070240
user_03477,tracy64@example.net,David,Edwards,26.0,Female,USA,Florida,South Jenniferport,Basic,2024-12-18,True,16.75,Tablet,,2025-02-19 17:33:20.317353
user_03478,josephadams@example.net,Kristin,Patterson,22.0,Female,Canada,Saskatchewan,Robinsonfort,Basic,2025-01-09,False,0.81,Desktop,4.0,2025-02-09 05:38:58.316881
user_03480,csanders@example.com,Jeffrey,Long,23.0,,Canada,Nova Scotia,East Gabrielberg,Standard,2022-12-01,True,21.56,Tablet,2.0,2024-10-25 02:05:00.824970
user_03481,monicacampbell@example.com,David,Davis,29.0,Male,Canada,Ontario,Ashleyborough,Premium,2025-06-01,True,5.5,Desktop,5.0,2025-02-04 19:04:52.451880
user_03482,duransue@example.org,Michael,Ross,26.0,Male,USA,Florida,Caitlinland,Standard,2024-01-11,False,13.16,Laptop,4.0,2023-03-15 03:37:23.924583
user_03483,johnsonstephen@example.net,Kathy,Smith,23.0,Female,Canada,Nova Scotia,Howardshire,Basic,2022-10-05,True,19.35,Desktop,4.0,2025-08-01 15:21:18.371973
user_03484,daniel64@example.org,Jessica,Thompson,28.0,Male,USA,Texas,Lake Ericamouth,Premium,2022-08-04,True,9.97,Laptop,2.0,2025-07-23 10:36:48.235775
user_03486,hpatrick@example.net,Daniel,Wang,19.0,Female,USA,New York,New Bradley,Basic,2023-01-14,True,5.4,Mobile,2.0,2023-03-11 09:53:29.993503
user_03502,william82@example.net,Grace,Cisneros,20.0,Male,USA,North Carolina,West Michaelland,Basic,2025-05-13,True,30.3,Mobile,5.0,2022-12-08 01:14:26.053602
user_03504,fletcherjames@example.com,Diana,Cox,27.0,Male,USA,Florida,North Jessica,Premium+,2022-08-10,True,1.92,Tablet,3.0,2025-07-10 04:30:02.424059
user_03509,mnorton@example.org,Debra,Long,22.0,Female,USA,New York,North Nancy,Premium,2024-06-28,True,6.27,Mobile,4.0,2023-05-25 20:36:58.576447
user_03512,rmoore@example.com,Alex,Davis,30.0,Prefer not to say,USA,Massachusetts,Port Allison,Basic,2025-02-08,True,14.66,Tablet,4.0,2022-11-08 07:26:45.164555
user_03513,emily97@example.com,Alexis,Munoz,20.0,Female,USA,New York,Adamsview,Premium,2024-12-27,False,18.39,Mobile,3.0,2024-07-26 06:08:33.917265
user_03514,erinperez@example.com,Daniel,Singleton,24.0,Male,USA,Arizona,Ianview,Premium,2024-12-16,True,21.44,Gaming Console,1.0,2024-04-07 19:52:11.656669
user_03515,wilsonandrea@example.org,Sandy,Wheeler,25.0,Female,USA,Massachusetts,North Kaylamouth,Basic,2023-08-23,True,20.8,Smart TV,5.0,2023-01-11 00:19:50.483397
user_03516,mark08@example.net,Anthony,Glover,26.0,,USA,Texas,Hodgefurt,Basic,2025-01-03,True,20.61,Desktop,1.0,2024-07-23 06:16:49.814282
user_03517,bfarmer@example.org,Jennifer,Dawson,27.0,Female,USA,Michigan,West Codyside,Standard,2023-02-13,False,8.29,Laptop,2.0,2022-08-27 04:08:09.179881
user_03522,adampearson@example.net,Mark,King,21.0,Female,USA,Washington,Port Karen,Premium+,2024-01-10,True,21.13,Laptop,,2022-12-06 13:13:13.264437
user_03524,thomasbrown@example.org,Justin,Romero,30.0,Female,Canada,Nova Scotia,Helenview,Premium,2023-07-14,True,15.02,Tablet,4.0,2024-11-28 21:41:25.006398
user_03525,richard21@example.net,Anna,Jones,24.0,Male,USA,Massachusetts,New Josephberg,Premium,2023-08-24,True,11.27,Tablet,3.0,2022-10-19 17:00:17.978467
user_03526,christopher62@example.net,Melissa,Patel,30.0,Female,USA,Wisconsin,Evansville,Premium,2023-04-21,True,7.4,Gaming Console,2.0,2023-01-31 11:32:44.453370
user_03531,tsullivan@example.com,Jennifer,Larsen,27.0,Female,USA,California,Reyesfort,Standard,2023-02-10,True,4.38,Desktop,4.0,2023-03-26 07:58:56.764539
user_03532,jasonjohnson@example.com,Theresa,Powell,29.0,Male,Canada,Newfoundland and Labrador,New Patrick,Premium+,2024-02-25,True,34.31,Mobile,3.0,2024-01-08 08:49:44.321796
user_03538,rpatrick@example.org,Thomas,Smith,22.0,Male,Canada,Prince Edward Island,Thomasfurt,Standard,2024-11-28,True,1.67,Mobile,2.0,2025-05-18 20:48:45.455061
user_03543,cooperkristin@example.org,Heather,Hull,25.0,Female,USA,Michigan,Sandrafurt,Premium,2022-09-01,True,23.66,Mobile,4.0,2022-09-10 08:07:28.982883
user_03545,nancy37@example.com,Paul,Thompson,26.0,Male,USA,Ohio,Gabrielfurt,Standard,2025-06-23,True,20.32,Smart TV,3.0,2022-12-23 23:42:26.394797
user_03551,nlove@example.org,Julia,Landry,27.0,Female,USA,Indiana,Lake Sandra,Premium,2025-01-09,True,7.62,Tablet,3.0,2022-11-24 20:27:35.401800
user_03557,ubyrd@example.org,Brian,Davenport,25.0,Female,USA,Georgia,Sylviamouth,Basic,2023-11-06,True,26.09,Smart TV,3.0,2024-07-17 09:21:58.500818
user_03559,donna65@example.net,Sarah,Warren,24.0,Female,USA,Indiana,Martinezfort,Basic,2023-09-27,False,6.12,Smart TV,3.0,2023-05-11 11:46:37.657607
user_03561,jason04@example.net,Amanda,Cortez,24.0,Female,Canada,Newfoundland and Labrador,South Justinmouth,Standard,2023-11-28,True,13.85,Laptop,,2023-11-19 17:11:48.073330
user_03564,holdenterry@example.org,Holly,Dominguez,24.0,Female,Canada,Nova Scotia,Jimmyview,Premium,2024-11-15,False,2.08,Smart TV,5.0,2025-04-09 00:41:55.084927
user_03569,collinsheather@example.com,Shane,Larson,27.0,Male,USA,North Carolina,Lake Debraside,Basic,2023-11-29,True,7.27,Laptop,3.0,2023-05-01 13:23:01.204865
user_03576,duanenewman@example.net,Andrew,Wong,20.0,Male,Canada,Nova Scotia,Vincentside,Premium,2024-11-03,True,2.68,Laptop,,2024-04-27 12:43:56.558608
user_03579,savannahsmith@example.org,Madison,Robles,21.0,Male,Canada,Prince Edward Island,Patrickburgh,Premium,2023-01-13,True,5.07,Gaming Console,,2024-07-17 09:42:02.021987
user_03587,daniel04@example.net,Lisa,Baker,24.0,Female,USA,Wisconsin,Farleytown,Premium+,2024-06-07,True,28.35,Smart TV,4.0,2024-06-25 10:20:29.975837
user_03588,ryanrichardson@example.net,Chelsea,Brooks,26.0,Female,USA,Georgia,Lake Yolandamouth,Premium+,2023-08-21,True,2.71,Desktop,4.0,2024-06-11 03:55:59.934157
user_03591,amycooper@example.org,Alexis,Christensen,22.0,Male,Canada,Prince Edward Island,Floydhaven,Standard,2023-07-18,True,8.83,Desktop,3.0,2022-11-20 22:43:36.066996
user_03608,donnakeith@example.org,Richard,Porter,24.0,Female,Canada,Nova Scotia,South Jeffreyfurt,Premium,2025-07-10,True,29.86,Tablet,6.0,2023-12-16 20:47:25.581415
user_03610,zgomez@example.net,Courtney,Scott,25.0,Male,Canada,Quebec,South Daniel,Standard,2025-01-14,True,9.13,Laptop,2.0,2025-03-03 12:49:13.269695
user_03612,stuartjohn@example.net,Travis,Walker,27.0,Male,USA,Illinois,West Phillipchester,Standard,2022-08-12,True,1.76,Gaming Console,3.0,2025-01-22 17:34:36.516930
user_03617,petersonjessica@example.org,Suzanne,Anderson,27.0,Male,USA,Washington,Isabelmouth,Basic,2025-01-27,False,420.91,Mobile,4.0,2024-10-14 16:02:46.926171
user_03618,nperez@example.org,Daniel,Jenkins,28.0,Male,USA,Georgia,Perezland,Standard,2023-04-24,True,6.67,Smart TV,1.0,2025-07-27 01:44:59.831660
user_03619,ppierce@example.com,Seth,Leon,20.0,Male,USA,Massachusetts,Port Janiceview,Premium+,2022-12-10,True,32.9,Tablet,4.0,2023-01-18 07:59:39.221268
user_03626,wileykristine@example.net,Tyler,Rice,23.0,Male,USA,Virginia,Port Julia,Standard,2023-09-29,True,27.64,Desktop,,2023-11-15 13:47:22.197226
user_03628,emily04@example.com,Kimberly,Martin,28.0,Male,USA,New Jersey,Cynthiaside,Standard,2024-06-21,False,4.3,Smart TV,3.0,2022-11-17 21:04:18.627819
user_03631,kelly89@example.com,Evelyn,Casey,28.0,,USA,Georgia,Jaychester,Premium,2023-05-04,False,18.02,Gaming Console,2.0,2025-05-24 11:03:58.769273
user_03637,hannah18@example.net,Carl,Hunt,19.0,,USA,Maryland,Harmonberg,Premium,2024-02-13,True,7.74,Laptop,1.0,2024-01-16 11:07:00.730802
user_03644,tracylopez@example.org,Donna,Meyer,21.0,Male,USA,Indiana,Justinshire,Premium,2024-11-20,True,3.64,Laptop,3.0,2022-08-29 06:06:37.849537
user_03652,zblack@example.net,Lisa,Santana,28.0,Male,Canada,Saskatchewan,Gambleland,Basic,2023-11-08,True,1.48,Desktop,5.0,2024-05-09 12:38:34.960844
user_03654,adkinsnicole@example.net,Whitney,Powell,25.0,Male,Canada,Alberta,South Dennis,Standard,2025-07-24,True,10.11,Gaming Console,,2023-06-15 20:20:57.280755
user_03655,jennifer76@example.org,Dylan,Key,19.0,Male,USA,Arizona,New Andrewville,Standard,2024-08-24,True,26.86,Laptop,1.0,2023-03-01 13:13:06.147955
user_03660,hillkimberly@example.com,Matthew,Taylor,29.0,Female,USA,Tennessee,South Jason,Premium+,2023-01-31,True,8.76,Desktop,,2025-02-18 07:27:34.533047
user_03662,browncole@example.org,Jennifer,Young,28.0,Male,USA,New Jersey,East Carolyntown,Standard,2023-04-17,True,6.56,Laptop,1.0,2022-08-27 06:05:51.908014
user_03667,sheryl16@example.com,Julie,Stone,28.0,,USA,Washington,Richardmouth,Standard,2022-09-15,True,18.17,Mobile,2.0,2023-05-06 08:27:17.495740
user_03668,iarnold@example.net,Jessica,Pennington,29.0,Female,USA,Arizona,Lake Kim,Basic,2022-09-27,True,9.97,Smart TV,3.0,2023-08-11 16:34:59.970174
user_03677,gjensen@example.com,Trevor,Burke,18.0,Male,Canada,Prince Edward Island,Mitchellport,Premium,2023-05-09,True,10.95,Desktop,2.0,2024-12-13 03:03:26.154319
user_03679,sandra79@example.net,Michael,Vega,26.0,Female,USA,California,Morganshire,Standard,2025-04-07,True,28.5,Desktop,3.0,2023-08-28 04:51:08.472697
user_03682,annarice@example.net,Marc,Herrera,21.0,Female,USA,Washington,Galvanside,Premium,2025-04-03,True,22.67,Gaming Console,2.0,2024-05-26 21:54:37.642110
user_03685,stevenruiz@example.net,Christopher,Ferguson,28.0,Male,USA,Massachusetts,Port Philipton,Basic,2023-03-14,True,14.71,Mobile,,2023-04-25 18:48:48.499143
user_03695,heatherortiz@example.net,Timothy,Ward,26.0,,USA,Virginia,Port Steven,Basic,2025-07-08,True,18.2,Gaming Console,3.0,2022-10-16 05:55:59.761435
user_03696,andersonmichael@example.net,Patricia,Fernandez,18.0,Female,USA,Michigan,Port Elizabethside,Standard,2025-02-03,True,17.55,Gaming Console,1.0,2023-05-21 13:48:05.198547
user_03698,rgray@example.org,Tracy,Cameron,25.0,Female,USA,Indiana,Hodgesborough,Premium,2022-10-07,True,4.2,Mobile,,2025-06-21 18:21:05.335528
user_03704,brandigray@example.org,Gary,Ray,26.0,Prefer not to say,USA,Florida,Hardyburgh,Premium,2024-01-26,True,18.56,Smart TV,,2024-11-23 21:33:37.044688
user_03707,cesar28@example.org,Vincent,Davis,27.0,Male,USA,Ohio,Kyleside,Premium,2024-05-01,True,23.34,Mobile,,2025-05-29 03:48:01.792308
user_03708,trevor04@example.org,Tanya,Esparza,26.0,Female,Canada,Manitoba,East Brandonmouth,Premium,2025-07-10,True,,Gaming Console,2.0,2023-09-26 14:05:56.537299
user_03714,bmcmahon@example.org,John,Harper,29.0,Female,Canada,Prince Edward Island,Port Brenda,Standard,2025-04-23,True,,Smart TV,2.0,2024-02-04 08:36:48.357123
user_03725,christopher37@example.org,Andrew,Anderson,29.0,Female,USA,Tennessee,Perezside,Basic,2025-02-18,False,7.65,Mobile,2.0,2024-11-28 21:07:45.579924
user_03726,oryan@example.net,Robert,Brady,30.0,Male,USA,Pennsylvania,Romanside,Basic,2024-12-28,True,37.02,Mobile,,2023-07-11 18:01:18.436003
user_03727,johnstoncolleen@example.com,Christopher,Anderson,29.0,Female,USA,Indiana,New Michelle,Basic,2022-08-17,True,18.73,Desktop,2.0,2023-01-10 11:18:50.017035
user_03737,sanderssamuel@example.net,Sophia,Walker,20.0,Male,USA,Tennessee,Gonzalezburgh,Basic,2025-02-08,True,6.06,Laptop,4.0,2024-01-12 03:59:11.818882
user_03740,patriciacox@example.com,Kari,Fisher,18.0,Male,USA,Missouri,Lake Danastad,Premium,2024-01-16,True,18.17,Smart TV,2.0,2023-06-29 18:02:33.845735
user_03744,robert48@example.org,Jennifer,Mcdonald,29.0,Female,USA,Florida,Kennethmouth,Premium,2022-09-15,True,3.19,Mobile,2.0,2023-02-28 23:30:51.375032
user_03745,michaelmccullough@example.org,Jimmy,Leonard,28.0,Female,Canada,Prince Edward Island,West Robertstad,Premium+,2025-06-13,True,20.94,Desktop,2.0,2023-01-23 14:49:05.670891
user_03748,fbass@example.org,Brent,Jones,26.0,,USA,Maryland,Joshuaside,Premium+,2023-11-18,True,19.71,Laptop,2.0,2025-04-06 22:33:11.562954
user_03749,janice62@example.net,Elizabeth,Morris,20.0,Male,Canada,Quebec,Christopherfurt,Standard,2025-03-12,True,5.15,Tablet,5.0,2025-04-30 16:38:00.431976
user_03751,rhonda06@example.net,Linda,Ross,26.0,Female,USA,Virginia,East Jamesmouth,Basic,2025-06-03,True,1.62,Mobile,4.0,2025-06-30 09:38:15.469905
user_03755,sherylrogers@example.com,Pamela,Harvey,24.0,Male,USA,Georgia,Wendyton,Premium+,2023-11-20,True,10.05,Mobile,2.0,2023-04-14 10:15:02.366032
user_03761,laura70@example.net,Hannah,Bates,21.0,Male,USA,Texas,Petersonland,Premium,2023-07-08,True,3.31,Tablet,,2022-12-28 10:51:22.899657
user_03762,caleb51@example.com,Warren,Thompson,23.0,Male,Canada,Quebec,Haroldberg,Premium+,2024-01-31,True,7.35,Mobile,2.0,2024-05-06 05:21:15.011439
user_03763,clarksusan@example.org,Rachel,Davidson,27.0,Female,USA,Florida,Hallmouth,Premium,2025-01-15,True,,Gaming Console,2.0,2025-05-20 18:06:55.559263
user_03776,amyburnett@example.org,Paul,Davila,21.0,Male,USA,New Jersey,Hernandezfort,Premium+,2023-08-14,True,49.46,Tablet,2.0,2023-10-13 12:17:34.689867
user_03778,rdavis@example.org,Aaron,Odonnell,27.0,Other,USA,North Carolina,Marshallland,Standard,2025-04-07,True,8.58,Gaming Console,5.0,2023-02-01 01:13:35.306395
user_03781,nealmaria@example.net,Shelia,Simpson,29.0,Female,USA,Indiana,Port Ronald,Basic,2023-10-25,True,9.14,Gaming Console,2.0,2024-08-31 02:55:34.757924
user_03785,antonioboyd@example.net,Derek,Lee,27.0,Male,USA,New York,Lake Victoriaton,Premium,2022-09-23,True,11.82,Desktop,2.0,2024-04-20 08:47:31.331607
user_03787,garzaronald@example.net,Anthony,Eaton,27.0,Male,USA,New York,Port Robertbury,Premium,2024-09-30,True,5.02,Gaming Console,2.0,2023-12-23 16:33:35.785810
user_03791,marksnathaniel@example.com,James,Robinson,19.0,Male,Canada,Saskatchewan,New Jennifer,Premium,2025-07-11,False,,Laptop,1.0,2025-02-24 18:24:26.743310
user_03796,jamesrichard@example.com,Katherine,Hamilton,27.0,Male,Canada,Ontario,Beckstad,Premium+,2022-09-15,True,17.38,Desktop,4.0,2023-03-26 21:02:10.561225
user_03800,caitlin33@example.net,Brittany,Barnes,28.0,Female,USA,Florida,Erikmouth,Standard,2022-10-29,True,15.51,Desktop,2.0,2024-09-15 19:44:02.403902
user_03802,zperez@example.org,Karen,Cowan,27.0,Male,USA,Tennessee,Guerreromouth,Standard,2023-03-22,True,13.26,Gaming Console,3.0,2023-05-17 06:34:07.186126
user_03806,michelle50@example.org,Mary,Jordan,20.0,Female,USA,Texas,Morrismouth,Standard,2023-03-19,True,27.45,Laptop,5.0,2024-09-29 23:05:13.357062
user_03808,ruizlaura@example.org,Nicholas,Figueroa,30.0,Male,Canada,Manitoba,Davidville,Premium,2024-02-28,False,5.54,Laptop,2.0,2024-06-01 22:38:30.685814
user_03810,torreslauren@example.net,Lance,Baldwin,19.0,Female,USA,Wisconsin,Katiefurt,Standard,2023-06-16,True,1.2,Laptop,,2022-10-28 21:28:25.319306
user_03812,wukristin@example.net,Melinda,Medina,28.0,Female,USA,Wisconsin,Suzanneside,Basic,2022-11-23,True,2.87,Laptop,4.0,2024-06-04 16:34:46.273463
user_03826,browncollin@example.org,William,Allen,30.0,Prefer not to say,USA,Tennessee,West Robert,Basic,2023-11-04,True,3.9,Laptop,,2024-03-31 18:07:27.651810
user_03829,tamaraholland@example.com,John,Mitchell,29.0,Other,USA,Tennessee,South Jaredside,Standard,2023-03-18,True,17.96,Laptop,2.0,2024-02-09 22:03:07.546021
user_03830,pdonovan@example.net,Johnathan,Maddox,25.0,Male,USA,Texas,West Robert,Premium,2024-07-14,True,20.4,Tablet,1.0,2025-05-27 00:27:09.981030
user_03832,benjaminperkins@example.net,Patricia,Ramirez,26.0,Male,USA,New Jersey,South Thomasstad,Premium+,2024-09-11,True,,Mobile,4.0,2025-05-28 08:31:30.824996
user_03837,jonathan42@example.org,Mitchell,Savage,22.0,Female,USA,Arizona,New Isaactown,Standard,2023-06-29,True,4.42,Mobile,2.0,2024-08-07 01:57:04.701991
user_03840,pateljoseph@example.com,Jonathon,Brown,29.0,Prefer not to say,Canada,Alberta,Gloriabury,Premium,2025-07-04,True,22.18,Laptop,4.0,2022-12-20 06:37:48.984854
user_03846,jefferydavis@example.com,Sarah,Delgado,26.0,Male,USA,Wisconsin,North Rebeccaport,Standard,2022-10-23,True,25.06,Mobile,,2023-08-28 10:20:26.345950
user_03848,bhill@example.net,Joseph,Jordan,25.0,Female,USA,Georgia,North Michael,Premium+,2022-09-27,True,9.02,Desktop,4.0,2023-01-14 17:30:15.160910
user_03850,matthewjohnson@example.org,Derek,Smith,21.0,Female,USA,Ohio,South Michaelhaven,Basic,2022-12-22,True,10.41,Smart TV,2.0,2022-12-20 06:01:16.421782
user_03854,erica64@example.com,Joseph,Norton,25.0,Male,USA,California,Matthewshire,Standard,2022-12-13,True,34.33,Smart TV,5.0,2023-09-22 10:17:50.569251
user_03855,willisjames@example.org,Carmen,Carter,24.0,Male,Canada,Alberta,Guerrastad,Standard,2025-01-10,True,9.99,Smart TV,4.0,2024-05-22 07:16:58.378287
user_03864,christina20@example.com,Deborah,Castaneda,19.0,Male,USA,Wisconsin,Port Donna,Premium+,2023-04-24,False,4.24,Gaming Console,8.0,2025-05-29 02:21:12.893958
user_03868,margaretgiles@example.net,John,Hill,22.0,Male,USA,Arizona,Devinberg,Premium,2024-08-04,True,2.66,Desktop,3.0,2024-10-30 10:18:54.260014
user_03871,marc82@example.org,Felicia,Avila,21.0,Female,Canada,Alberta,Jonville,Premium,2022-11-16,True,29.87,Tablet,2.0,2025-01-11 07:18:29.317553
user_03872,kristasmith@example.org,Julie,Franklin,23.0,Male,USA,Illinois,Lake Jeffrey,Basic,2024-09-20,True,5.72,Mobile,4.0,2023-11-27 14:18:08.949518
user_03873,james42@example.com,Tyler,Lee,28.0,Male,Canada,Quebec,Lake Ericstad,Standard,2025-05-08,True,,Smart TV,4.0,2025-07-29 18:15:56.305819
user_03876,grahamjesse@example.net,Heather,Stephens,18.0,Female,USA,Massachusetts,Scottshire,Premium,2024-03-17,True,43.02,Laptop,3.0,2023-06-27 12:25:59.917504
user_03877,henrydaniel@example.com,Kelly,King,26.0,Male,USA,California,Lake Jose,Standard,2024-05-06,True,5.45,Mobile,4.0,2022-11-28 03:01:52.153633
user_03879,johnathanrodriguez@example.com,Chad,Fernandez,19.0,Male,USA,North Carolina,Lake Alejandramouth,Premium,2024-10-23,True,20.06,Mobile,1.0,2023-06-11 01:02:58.769914
user_03884,martinkristen@example.com,Jessica,Wood,23.0,Female,USA,Texas,East Jacquelineton,Standard,2023-03-01,True,6.46,Desktop,,2023-10-15 11:48:04.821740
user_03886,dean55@example.com,Sonya,Russell,27.0,Male,USA,Virginia,East Marytown,Premium,2025-03-12,True,21.02,Smart TV,1.0,2025-02-08 05:02:43.697251
user_03890,lambkatherine@example.com,Misty,Logan,27.0,Male,USA,Michigan,New Jamesville,Premium,2023-03-30,True,23.22,Smart TV,3.0,2024-10-21 17:16:43.904504
user_03893,bellrobert@example.com,Kevin,Ford,27.0,Male,USA,Washington,South Johnport,Premium,2022-09-12,True,9.59,Mobile,1.0,2022-10-07 16:48:11.173874
user_03894,schmittsara@example.net,Cassandra,Berger,25.0,Male,Canada,Saskatchewan,Hendersonborough,Premium+,2024-01-19,True,28.74,Desktop,4.0,2024-02-13 05:28:34.202731
user_03899,coxkelly@example.com,Phyllis,Williams,25.0,Female,Canada,Ontario,South Jessicashire,Premium,2023-05-25,True,5.1,Desktop,2.0,2023-08-29 23:16:10.209831
user_03915,ashleycarroll@example.net,Jacob,Boyle,18.0,,Canada,Prince Edward Island,East Erika,Premium,2025-04-06,True,,Desktop,4.0,2024-07-23 07:05:59.830402
user_03918,ramosmatthew@example.net,Ethan,Robertson,25.0,Male,USA,Illinois,Janetbury,Premium,2024-05-22,True,10.2,Mobile,3.0,2025-06-26 09:42:51.047831
user_03922,hjones@example.net,Dylan,Jones,25.0,Female,USA,North Carolina,North Robinside,Basic,2025-06-19,True,16.68,Mobile,2.0,2022-08-15 10:20:25.604880
user_03923,justin70@example.org,Heather,Davis,27.0,Female,Canada,British Columbia,Cartertown,Standard,2024-06-03,True,20.39,Gaming Console,2.0,2023-01-06 06:32:35.843795
user_03925,gilmorejennifer@example.net,Glen,Bentley,26.0,Male,USA,Pennsylvania,West Jeffrey,Standard,2025-05-15,True,13.22,Desktop,3.0,2024-04-30 16:09:00.479642
user_03930,fbailey@example.net,Kevin,Steele,23.0,Female,USA,North Carolina,Davenportfurt,Premium,2023-04-13,True,3.31,Tablet,3.0,2023-10-23 23:57:20.168316
user_03933,hbarnett@example.net,Richard,Maldonado,27.0,Male,Canada,Manitoba,Ryanfort,Standard,2025-04-15,True,23.15,Smart TV,1.0,2024-05-02 23:11:55.816715
user_03934,colleenford@example.com,Emma,Harris,24.0,Male,USA,Ohio,Robinbury,Standard,2024-10-24,True,34.03,Desktop,,2023-03-02 12:33:05.566596
user_03935,christopher12@example.org,Charles,Cruz,24.0,Male,Canada,Nova Scotia,Port Robert,Premium,2023-02-09,True,26.27,Smart TV,3.0,2023-12-14 09:03:05.465673
user_03936,hperry@example.com,Amanda,Silva,19.0,Female,USA,Illinois,New Morgan,Premium,2022-08-05,True,11.49,Laptop,,2022-10-24 05:19:03.122619
user_03938,zacharybryant@example.org,Brandon,Carson,20.0,Female,USA,Florida,Rossborough,Standard,2022-09-14,True,9.9,Tablet,2.0,2023-12-17 17:25:09.528908
user_03942,morenobrian@example.com,Matthew,Hancock,28.0,Male,USA,New Jersey,North Lindsaymouth,Basic,2025-04-06,True,,Smart TV,,2023-03-02 05:29:52.401212
user_03945,nholmes@example.net,Robert,Sharp,28.0,Other,Canada,Manitoba,Milesmouth,Basic,2023-09-25,False,18.43,Tablet,2.0,2024-10-11 15:43:07.214678
user_03951,carrilloandrew@example.net,Monica,Thompson,20.0,Other,USA,Arizona,North Tracy,Basic,2024-06-09,True,31.9,Gaming Console,6.0,2025-07-31 18:13:45.085811
user_03956,ebryant@example.org,Dean,Cole,29.0,Female,USA,Ohio,East Danielport,Standard,2023-07-10,True,6.0,Smart TV,6.0,2024-05-25 11:24:16.693743
user_03963,bcrosby@example.net,Daniel,Davis,20.0,Female,Canada,Saskatchewan,North Claudiaside,Basic,2023-02-03,True,32.58,Mobile,1.0,2025-03-15 11:29:59.090403
user_03969,reyesjohn@example.net,Sheila,Frost,26.0,Prefer not to say,USA,Maryland,Brewerfurt,Premium+,2025-05-25,True,12.86,Smart TV,1.0,2023-05-24 07:33:09.275132
user_03971,beckermadeline@example.com,Kelly,Schneider,23.0,Female,Canada,Saskatchewan,West Sarahfurt,Premium,2023-05-11,True,5.8,Mobile,2.0,2024-08-25 06:19:47.480776
user_03974,cummingsdennis@example.org,Kimberly,Howell,19.0,Prefer not to say,USA,Michigan,North Meganchester,Basic,2025-01-06,True,16.83,Smart TV,3.0,2023-01-27 21:24:04.451863
user_03978,hamiltonchristina@example.net,Savannah,Burton,21.0,Male,USA,Pennsylvania,Taylorstad,Premium+,2024-08-01,True,4.67,Desktop,2.0,2024-05-20 23:03:35.166408
user_03980,ebarrett@example.net,Sara,Murphy,24.0,Male,Canada,Newfoundland and Labrador,Millerton,Premium,2023-12-12,True,0.77,Smart TV,3.0,2022-11-03 08:40:35.500240
user_03981,calderondouglas@example.com,Lynn,Atkinson,30.0,Female,USA,Tennessee,Derekbury,Standard,2022-12-27,True,21.58,Tablet,4.0,2023-10-21 14:17:51.704428
user_03982,heatherbrown@example.com,David,Ramirez,27.0,Female,USA,Massachusetts,Lake Ryan,Premium+,2024-06-09,True,26.93,Smart TV,5.0,2025-07-13 05:05:29.599102
user_03992,michaelgray@example.net,Rebecca,White,26.0,Male,USA,Massachusetts,Frederickshire,Premium+,2024-01-31,True,8.89,Gaming Console,5.0,2023-04-18 20:32:46.795959
user_03998,keith05@example.org,Aaron,Henderson,27.0,Female,USA,Florida,Josetown,Premium,2024-08-20,False,15.62,Tablet,2.0,2023-12-09 09:46:30.593348
user_04001,maxwellbennett@example.com,Dustin,Pierce,25.0,Male,Canada,Ontario,Reyesberg,Standard,2024-11-19,True,37.08,Laptop,3.0,2023-09-25 02:47:29.734584
user_04003,zbrown@example.net,Nancy,Luna,25.0,Female,USA,Maryland,South Heathershire,Premium,2023-08-05,True,15.0,Laptop,5.0,2023-01-26 09:42:04.501218
user_04005,mollyhull@example.org,Samuel,Villegas,23.0,Female,USA,Missouri,Peggychester,Standard,2023-12-16,True,0.4,Smart TV,3.0,2023-01-08 15:26:16.228025
user_04010,mturner@example.org,Jesse,Jensen,23.0,Prefer not to say,USA,Arizona,Lorimouth,Premium,2022-08-17,True,7.16,Laptop,2.0,2023-03-24 01:42:02.123559
user_04013,lalexander@example.com,Cassandra,Marshall,27.0,Female,USA,Washington,New Edwardfurt,Basic,2023-08-26,True,6.27,Tablet,4.0,2024-01-15 12:11:26.355144
user_04029,msmall@example.org,Dennis,Johnson,21.0,Male,USA,New Jersey,Julietown,Standard,2023-07-30,True,829.95,Mobile,5.0,2022-08-07 02:42:02.110388
user_04035,alexisfitzgerald@example.com,Kathy,Nguyen,27.0,Male,Canada,Prince Edward Island,New Scott,Standard,2024-01-16,True,3.61,Laptop,3.0,2024-03-26 23:52:41.266850
user_04037,thale@example.org,John,Le,29.0,,USA,Illinois,New Saraview,Basic,2024-03-11,True,5.32,Mobile,5.0,2022-08-16 02:28:09.442399
user_04048,sdominguez@example.net,Alyssa,Smith,21.0,Female,USA,Georgia,East Timothy,Premium,2023-05-15,True,7.59,Laptop,1.0,2023-01-17 10:47:58.269686
user_04049,kgriffith@example.com,Jimmy,Rogers,27.0,Female,Canada,New Brunswick,Parkerfort,Standard,2022-12-26,True,,Tablet,2.0,2025-06-06 05:55:45.430690
user_04052,bruce86@example.net,Tiffany,Jones,20.0,Female,Canada,Prince Edward Island,Heatherland,Basic,2024-05-12,True,8.24,Desktop,2.0,2024-09-27 20:04:03.958121
user_04057,fneal@example.com,John,Nelson,28.0,Male,Canada,Alberta,Deborahport,Premium+,2023-09-17,True,6.02,Smart TV,3.0,2022-08-08 20:04:52.307123
user_04061,katherinemiles@example.com,Scott,Carter,28.0,Female,USA,Massachusetts,Willisberg,Standard,2022-08-26,False,8.81,Tablet,3.0,2023-06-10 11:39:19.321381
user_04066,steven39@example.net,Emily,Strong,18.0,Male,USA,Ohio,Walterstown,Premium,2022-09-09,True,,Tablet,5.0,2024-02-23 15:40:38.474238
user_04067,francesclark@example.net,Ian,Lewis,21.0,Male,USA,North Carolina,Erinberg,Premium,2024-08-29,True,10.62,Mobile,2.0,2024-06-03 20:31:20.488447
user_04071,nancyfernandez@example.org,Melissa,Gomez,28.0,Male,Canada,Ontario,Port Michaelside,Premium,2023-09-12,True,24.2,Smart TV,3.0,2023-06-30 12:17:23.974979
user_04075,lisa45@example.com,Margaret,Banks,26.0,Female,Canada,Nova Scotia,Crystalburgh,Basic,2024-04-03,True,21.62,Laptop,3.0,2023-01-06 01:54:33.699062
user_04076,dakotawilliams@example.org,Angela,Taylor,28.0,,USA,Arizona,Lake Stephenmouth,Premium+,2022-10-24,True,2.03,Gaming Console,,2024-10-13 21:38:25.248296
user_04077,wjohnson@example.com,Lauren,Norton,25.0,Female,USA,Michigan,West Karla,Premium,2023-02-18,True,23.29,Mobile,3.0,2024-06-06 08:35:41.030717
user_04079,katherine35@example.org,Stacey,Russell,24.0,Male,Canada,Ontario,Davilatown,Premium,2022-10-08,True,3.26,Desktop,3.0,2024-09-10 13:32:25.860829
user_04083,butlerteresa@example.net,Amy,Beck,28.0,Female,USA,Illinois,New Patriciabury,Standard,2024-01-31,True,,Gaming Console,5.0,2023-08-24 22:36:05.012838
user_04085,evilla@example.com,Gabrielle,Miller,27.0,Female,USA,Arizona,Olsonhaven,Basic,2024-04-11,True,24.52,Gaming Console,4.0,2025-02-15 23:43:00.945488
user_04086,cbowman@example.org,Isaac,Olsen,21.0,Male,USA,Ohio,South Lisamouth,Standard,2023-12-24,True,36.54,Laptop,5.0,2024-12-30 01:23:14.287313
user_04089,rbenton@example.com,Joseph,Foster,26.0,Male,Canada,Manitoba,East Tracybury,Basic,2022-09-03,True,8.39,Mobile,1.0,2024-05-27 17:06:53.367634
user_04091,ktaylor@example.net,Lauren,Austin,27.0,Female,USA,New York,South Ericton,Premium,2023-02-26,True,983.1,Laptop,1.0,2024-12-13 20:02:54.255118
user_04092,brentbutler@example.net,Lauren,Morris,24.0,Male,Canada,Alberta,Kristineside,Basic,2023-03-16,True,1.76,Gaming Console,,2024-02-17 19:03:39.084259
user_04093,michelle32@example.com,Christopher,Clark,21.0,Female,USA,North Carolina,North Aliceburgh,Standard,2024-11-16,True,10.88,Laptop,1.0,2024-08-08 08:38:41.011239
user_04099,stephen89@example.org,Laura,Dean,29.0,Male,USA,Tennessee,Raymondville,Premium+,2022-12-26,True,55.81,Smart TV,3.0,2024-01-29 20:55:32.721269
user_04113,tiffanydougherty@example.org,Cindy,Henry,29.0,Male,USA,Tennessee,Samanthatown,Standard,2025-02-23,True,,Tablet,5.0,2023-05-23 09:45:14.420808
user_04115,diana68@example.com,Brittany,Jones,24.0,Female,USA,Texas,Collierberg,Standard,2024-09-09,True,14.83,Gaming Console,3.0,2023-01-26 04:52:07.688018
user_04116,walkermelissa@example.com,Bob,Rodriguez,30.0,Female,Canada,Nova Scotia,South Arthurtown,Standard,2024-09-19,True,15.85,Smart TV,1.0,2024-03-21 07:17:12.911581
user_04117,thomasdixon@example.com,David,Chandler,26.0,Male,Canada,Newfoundland and Labrador,South Sabrinashire,Premium,2024-11-20,True,11.11,Tablet,6.0,2024-06-21 16:02:53.801829
user_04119,dritter@example.com,Amy,Hartman,18.0,Male,USA,Virginia,Elizabethport,Premium,2022-10-04,True,21.41,Tablet,3.0,2024-10-14 11:19:49.182877
user_04120,melissa38@example.com,Leslie,Butler,30.0,Other,USA,New Jersey,Snowchester,Premium,2025-05-29,False,12.77,Mobile,1.0,2025-06-07 02:44:58.134467
user_04124,huntercorey@example.net,Alex,Sanford,19.0,Male,USA,Maryland,Ericville,Premium,2024-06-24,False,3.1,Mobile,5.0,2023-12-28 11:59:15.841313
user_04128,dickersonadam@example.org,Laura,Woodward,20.0,Female,USA,Ohio,Brooksshire,Premium,2023-03-09,True,8.95,Mobile,1.0,2024-01-07 13:52:35.206754
user_04135,cooperjennifer@example.org,Brianna,Foster,19.0,Male,USA,Massachusetts,West Amanda,Premium,2022-08-14,True,19.01,Tablet,1.0,2023-10-31 12:12:35.501301
user_04136,lisajohnson@example.org,Rebecca,Williams,29.0,Prefer not to say,USA,Michigan,Thorntonton,Premium+,2024-12-13,True,2.31,Tablet,2.0,2024-02-19 13:12:56.144109
user_04141,david57@example.com,Michelle,White,23.0,Other,USA,Arizona,Lake Nicholasbury,Basic,2024-06-18,True,7.74,Tablet,,2024-03-02 00:27:29.726832
user_04146,owolfe@example.com,Nathan,Oneal,25.0,Male,Canada,Manitoba,West Stevenbury,Premium,2023-03-15,False,32.16,Mobile,3.0,2025-07-07 13:52:21.957353
user_04150,ywilliamson@example.org,Ryan,Duncan,19.0,Male,Canada,Saskatchewan,Lopezberg,Premium+,2023-03-15,True,15.47,Desktop,2.0,2023-01-29 03:59:06.068069
user_04159,ehenderson@example.com,Timothy,Herman,27.0,Male,USA,New Jersey,East Belinda,Premium,2023-03-12,True,1.69,Mobile,6.0,2023-07-24 14:44:43.863436
user_04162,andrew66@example.com,Ricky,Jones,28.0,Male,USA,Maryland,South Elizabethberg,Basic,2025-07-13,True,25.79,Mobile,5.0,2025-07-17 09:54:43.578368
user_04164,brownnicole@example.com,Alyssa,Wells,26.0,Male,USA,Pennsylvania,Lake Ryan,Standard,2025-04-18,True,7.98,Smart TV,5.0,2023-07-02 00:05:47.463097
user_04174,diazthomas@example.org,Christopher,Dunn,29.0,Male,USA,Michigan,Lake Lauraton,Premium+,2023-01-06,True,,Laptop,1.0,2023-04-03 05:45:49.136892
user_04178,nashchristopher@example.com,Tammy,King,29.0,Male,USA,Missouri,East Stephanie,Premium+,2025-04-27,True,4.8,Desktop,1.0,2023-01-06 21:04:14.403095
user_04184,jodimontgomery@example.com,Judy,Pittman,26.0,Prefer not to say,Canada,Quebec,East Matthew,Basic,2025-01-19,True,17.42,Smart TV,1.0,2023-10-10 04:37:52.776496
user_04187,ncastillo@example.org,Kenneth,Owens,21.0,Prefer not to say,USA,Florida,Madisonberg,Basic,2024-07-25,True,7.26,Gaming Console,4.0,2024-12-28 01:25:31.341153
user_04195,traciegonzalez@example.net,Monique,Johnston,26.0,Female,Canada,Newfoundland and Labrador,Johnhaven,Premium+,2023-01-25,True,13.23,Gaming Console,,2024-01-31 20:08:59.229458
user_04196,thomasstephens@example.com,John,Arnold,20.0,Female,USA,Missouri,Connerfurt,Premium,2023-10-12,True,36.48,Tablet,3.0,2024-09-24 19:32:56.548498
user_04213,john80@example.org,Amber,Sawyer,26.0,Male,USA,Georgia,South Teresa,Standard,2025-03-22,True,18.82,Tablet,1.0,2024-10-05 13:47:24.348207
user_04219,epope@example.com,Dillon,Turner,30.0,Male,USA,Illinois,Mooreburgh,Premium+,2023-09-03,True,10.78,Tablet,1.0,2023-08-21 03:20:09.003750
user_04230,travis86@example.org,Joshua,Griffith,29.0,Female,Canada,Alberta,Deniseton,Standard,2024-03-07,True,22.0,Smart TV,2.0,2023-08-07 21:23:49.818564
user_04232,johnsondavid@example.org,Sherry,Gibbs,22.0,Male,USA,Florida,East Elizabeth,Premium,2022-09-18,False,11.68,Mobile,4.0,2023-05-15 10:17:00.571567
user_04240,lance70@example.net,Samantha,Gentry,29.0,Male,USA,Michigan,North Eric,Basic,2024-07-18,True,6.99,Laptop,1.0,2023-03-01 18:19:30.885917
user_04245,kathrynhughes@example.net,Michael,Ramos,21.0,Female,USA,New Jersey,East Tanner,Premium,2022-09-11,True,2.68,Mobile,2.0,2024-07-05 08:57:42.360102
user_04247,christina41@example.net,Gina,Taylor,19.0,Prefer not to say,USA,Arizona,Port Veronicaland,Premium,2022-09-18,True,,Laptop,,2024-09-08 21:29:06.712144
user_04251,katherinerogers@example.org,Scott,Walker,18.0,Female,Canada,Prince Edward Island,Leemouth,Premium+,2024-07-08,True,18.49,Laptop,2.0,2024-04-02 01:10:08.131971
user_04253,glenn05@example.com,Adam,Thomas,21.0,Female,USA,Florida,Saundersfurt,Standard,2025-07-07,True,2.16,Laptop,2.0,2025-07-03 02:02:21.027453
user_04261,michaelpatterson@example.com,Melissa,Baker,26.0,,USA,Tennessee,North Joseph,Premium,2024-05-14,True,14.5,Mobile,4.0,2023-04-10 18:56:03.841745
user_04264,hlyons@example.com,Susan,Pena,27.0,Male,USA,Michigan,Saraview,Premium,2025-01-16,True,8.38,Gaming Console,1.0,2025-07-20 19:27:11.725989
user_04265,michelle85@example.net,Alec,Johnson,27.0,Female,USA,Florida,Hardinghaven,Premium,2023-04-20,False,12.64,Smart TV,3.0,2023-04-14 22:29:46.916293
user_04266,umiller@example.com,Amy,Guzman,23.0,Female,Canada,Prince Edward Island,Lorraineview,Premium,2024-05-25,True,18.51,Gaming Console,2.0,2024-03-19 18:57:33.669266
user_04272,krista07@example.com,Stephanie,Cooper,26.0,Female,USA,Indiana,West Robert,Standard,2025-05-10,True,48.04,Desktop,,2024-08-26 14:29:38.935202
user_04277,sonya53@example.com,Monica,Cole,20.0,Male,USA,Massachusetts,North Marisa,Premium,2023-08-28,True,,Laptop,2.0,2024-07-16 18:58:12.282377
user_04280,vsmith@example.com,Michael,Moore,24.0,Male,Canada,Newfoundland and Labrador,New Davidton,Standard,2025-04-17,True,8.24,Tablet,2.0,2025-07-21 00:46:45.065919
user_04281,vanessathomas@example.com,Anita,Gomez,30.0,Male,USA,Missouri,Warrenton,Standard,2024-04-23,False,10.05,Laptop,,2022-09-21 18:57:24.454096
user_04284,brandon74@example.com,David,Carter,25.0,Female,Canada,Nova Scotia,Adkinstown,Premium,2022-08-28,True,13.79,Smart TV,,2022-08-04 07:58:43.687932
user_04288,kimberly87@example.net,Chelsea,Hayes,26.0,Female,USA,Illinois,East Anthony,Premium+,2023-06-03,True,,Desktop,7.0,2023-12-24 01:31:39.961954
user_04289,vmitchell@example.net,Patrick,Gates,29.0,,USA,Ohio,Paulview,Basic,2025-04-05,True,16.26,Smart TV,1.0,2022-12-31 00:31:01.237000
user_04291,matthewsexton@example.net,Ronald,Watson,22.0,Female,Canada,Quebec,Christopherside,Premium,2025-03-29,True,39.73,Smart TV,,2025-05-21 08:46:47.260742
user_04293,cody22@example.com,Debra,Hanna,22.0,Female,Canada,Alberta,Pattersonmouth,Standard,2023-06-16,True,2.26,Gaming Console,5.0,2024-11-14 20:31:43.812030
user_04299,sarahblake@example.org,Cory,Foster,29.0,Male,Canada,British Columbia,North Gabriellemouth,Standard,2025-07-03,True,4.42,Smart TV,3.0,2023-01-29 06:07:07.097760
user_04303,quinnsamantha@example.com,Matthew,Callahan,29.0,Male,USA,Washington,East Johnville,Basic,2024-01-22,True,3.67,Gaming Console,5.0,2024-05-02 09:59:40.044635
user_04304,amy61@example.com,Anthony,Flores,28.0,,USA,Arizona,South Elizabethtown,Basic,2023-02-23,True,24.86,Mobile,1.0,2025-05-17 09:39:54.007480
user_04305,williamwallace@example.com,Rebecca,Jones,21.0,Female,Canada,Nova Scotia,Kleinville,Premium,2023-04-06,True,16.32,Gaming Console,1.0,2024-07-31 07:52:42.393320
user_04309,tiffany72@example.org,Lisa,Rocha,23.0,Female,Canada,Nova Scotia,Thomasside,Premium,2022-12-10,True,10.87,Laptop,2.0,2023-11-18 09:25:16.554907
user_04310,yphillips@example.net,Matthew,Hudson,27.0,Other,USA,California,Georgefurt,Standard,2025-06-16,True,24.03,Mobile,,2023-06-09 12:30:17.208760
user_04312,kristen65@example.com,Pamela,Brock,27.0,Male,USA,Texas,Milestown,Standard,2022-12-05,True,9.12,Gaming Console,,2024-05-31 14:21:22.589589
user_04313,josephwarren@example.com,Keith,Smith,27.0,Female,USA,Arizona,Vasquezhaven,Standard,2025-07-18,True,29.1,Laptop,4.0,2023-05-23 18:38:53.427269
user_04318,adriana87@example.com,Rose,Shea,27.0,Male,USA,California,Lake Christine,Standard,2025-04-21,True,21.01,Smart TV,2.0,2023-07-26 23:23:01.909333
user_04326,rsanchez@example.org,Caleb,Martin,24.0,Female,USA,Missouri,Lake Tara,Premium,2025-03-16,False,,Gaming Console,3.0,2022-10-18 21:04:18.694926
user_04331,owilson@example.com,Deanna,Sanders,23.0,Other,USA,Pennsylvania,Lake Christophermouth,Basic,2023-10-26,True,12.66,Mobile,5.0,2024-07-20 07:47:00.046687
user_04338,lingregory@example.com,Maria,Merritt,29.0,Male,USA,Georgia,North Mary,Basic,2024-11-27,True,4.89,Desktop,4.0,2024-10-01 21:29:44.112960
user_04346,bradleyglenn@example.net,Daniel,Gonzalez,27.0,Female,USA,New Jersey,West Dannyport,Premium+,2023-12-25,False,10.19,Mobile,2.0,2023-11-12 06:02:44.745853
user_04351,watsonmary@example.org,Kim,Campbell,30.0,Male,USA,Maryland,New Katherineville,Basic,2025-05-25,True,,Desktop,1.0,2025-06-12 21:50:10.220720
user_04354,annette29@example.com,Joseph,Rogers,26.0,Female,Canada,Alberta,Kimberlyfurt,Basic,2024-08-22,True,7.89,Laptop,6.0,2024-03-31 20:34:39.277112
user_04355,smithkathryn@example.com,Ruben,Davis,27.0,Male,USA,Pennsylvania,Kennethfort,Premium+,2025-06-25,True,17.68,Gaming Console,4.0,2025-06-30 05:14:06.983758
user_04356,abigailjimenez@example.com,Jesse,Wilkins,29.0,Prefer not to say,USA,North Carolina,Katherineside,Standard,2023-07-04,True,17.11,Mobile,2.0,2024-08-29 17:16:33.875484
user_04359,evansshannon@example.com,Kevin,Mora,24.0,,Canada,Prince Edward Island,Smithville,Premium,2025-07-01,True,25.52,Desktop,2.0,2022-12-13 09:44:21.975487
user_04368,kyle59@example.com,William,Rodriguez,30.0,,USA,Missouri,West Brittanytown,Premium,2023-02-22,True,,Mobile,2.0,2024-08-11 10:04:41.617294
user_04369,randylyons@example.com,Tracy,Terry,26.0,Female,Canada,Saskatchewan,Garciabury,Standard,2022-09-28,False,0.34,Desktop,2.0,2025-01-25 18:55:59.166118
user_04371,wrightemily@example.com,Robert,Cruz,30.0,Male,USA,Maryland,West Ian,Standard,2023-04-12,True,8.8,Mobile,3.0,2025-02-14 16:59:48.312600
user_04372,loribenson@example.com,Kyle,Anderson,29.0,Male,USA,Michigan,Christopherborough,Standard,2023-06-10,False,16.99,Tablet,,2023-06-17 14:53:04.699090
user_04380,brandonadams@example.org,Dawn,Evans,26.0,Prefer not to say,USA,Illinois,Wrightstad,Basic,2024-01-09,True,28.73,Gaming Console,2.0,2025-03-22 03:10:03.439734
user_04389,davidjohnson@example.net,William,Alvarez,26.0,,USA,Texas,Nathanmouth,Premium,2022-11-25,True,13.65,Smart TV,1.0,2023-10-24 06:01:40.626664
user_04390,robinjohnson@example.org,Donald,Smith,28.0,Male,Canada,Nova Scotia,Davisview,Premium,2025-07-19,True,5.06,Tablet,3.0,2023-05-12 23:00:35.894408
user_04392,karlathornton@example.net,Shannon,Hunter,30.0,Female,Canada,Newfoundland and Labrador,Robertton,Standard,2024-12-19,True,,Gaming Console,4.0,2024-05-02 10:56:36.594661
user_04393,walkerbrittany@example.org,Julie,Nelson,27.0,,USA,Maryland,Brownhaven,Basic,2023-10-07,True,18.85,Desktop,8.0,2025-04-02 03:57:16.405431
user_04395,erin19@example.org,Gregory,Esparza,29.0,Male,USA,Ohio,Jamesshire,Standard,2025-06-18,True,13.48,Laptop,2.0,2024-11-21 02:04:28.068129
user_04396,walter15@example.com,Gabriel,Cruz,29.0,Female,Canada,Prince Edward Island,South Nicole,Standard,2024-10-30,True,21.99,Laptop,2.0,2023-12-24 12:59:57.250278
user_04402,dfranco@example.org,Benjamin,Harris,30.0,Male,USA,California,Lake Travis,Premium,2024-03-29,False,,Mobile,1.0,2024-03-12 04:02:56.443542
user_04403,rodrigueztroy@example.org,Brian,Quinn,29.0,Female,USA,Ohio,Gregorystad,Basic,2023-12-29,True,6.76,Smart TV,1.0,2024-11-06 23:03:48.092012
user_04420,williamsjohn@example.org,Shelly,Sutton,24.0,,USA,North Carolina,Grayshire,Premium+,2025-03-23,False,6.51,Laptop,5.0,2024-06-16 15:11:53.991372
user_04424,katherine64@example.net,Jonathan,Mullins,29.0,Female,USA,Virginia,Devinland,Premium,2022-08-17,True,34.78,Laptop,2.0,2022-08-18 15:11:16.962214
user_04425,jason03@example.org,Kim,Grimes,28.0,Female,USA,Wisconsin,Garciaview,Standard,2024-08-12,True,23.23,Smart TV,2.0,2023-06-02 14:19:00.055228
user_04429,timothystrickland@example.net,Kimberly,Vaughn,24.0,Male,USA,Missouri,South Andrewshire,Standard,2023-06-08,True,10.48,Mobile,5.0,2025-03-21 07:00:22.015099
user_04430,clarkdaniel@example.org,Ryan,Bradley,19.0,Male,USA,Virginia,South Wendy,Premium,2023-10-30,True,7.9,Desktop,6.0,2023-12-29 15:07:18.980202
user_04444,dcardenas@example.net,Jillian,Davis,19.0,,Canada,Nova Scotia,Nancyport,Premium,2025-03-27,True,,Gaming Console,2.0,2024-05-16 07:03:56.436398
user_04450,ssummers@example.org,Edward,Kennedy,18.0,Female,Canada,Manitoba,South Daniel,Premium,2024-01-20,True,17.29,Laptop,4.0,2022-11-05 05:22:25.911166
user_04451,lisayoung@example.org,Michael,Wise,26.0,,USA,New Jersey,West Matthew,Standard,2022-08-06,True,16.98,Laptop,3.0,2025-04-27 21:37:46.978166
user_04452,fgarcia@example.com,Austin,Ferguson,19.0,Male,Canada,Manitoba,Hannahmouth,Premium,2024-07-14,True,4.3,Laptop,3.0,2024-03-23 09:27:13.962230
user_04457,mlopez@example.org,Rachel,Petersen,25.0,Male,USA,Ohio,Lake Williamhaven,Standard,2024-07-29,True,12.13,Tablet,5.0,2025-03-04 21:51:46.942491
user_04461,kaylee70@example.net,Joshua,Rios,20.0,Male,Canada,Nova Scotia,South Nicole,Premium,2023-11-22,True,32.16,Gaming Console,2.0,2025-06-21 17:24:55.868777
user_04471,jamesleslie@example.org,Kyle,Singleton,26.0,,Canada,Prince Edward Island,Jacobsville,Basic,2023-12-24,True,41.57,Gaming Console,,2022-10-07 16:35:39.573507
user_04477,strongjohn@example.org,Andrew,Hill,27.0,Female,Canada,Ontario,South Jenniferhaven,Standard,2024-06-05,True,10.48,Tablet,2.0,2024-10-13 18:30:01.376679
user_04480,sbarker@example.net,Aaron,Edwards,18.0,Male,USA,California,North Danielside,Basic,2023-08-05,True,0.96,Laptop,3.0,2022-11-04 06:06:37.038820
user_04482,sparksalex@example.net,Tina,Thomas,29.0,Male,USA,New Jersey,Port Alanborough,Premium,2024-08-04,True,12.88,Laptop,2.0,2024-11-24 18:45:21.000747
user_04486,davidbaker@example.org,Tanner,Marsh,21.0,Male,USA,Ohio,East Shannon,Standard,2023-07-31,False,20.03,Mobile,4.0,2022-08-12 09:53:49.673955
user_04487,regina12@example.com,Eric,Mullen,29.0,Male,USA,Ohio,North Jennifer,Standard,2024-05-31,True,30.48,Desktop,,2024-07-10 06:00:12.608595
user_04491,zporter@example.org,Julie,Cunningham,19.0,Female,USA,Florida,Palmerborough,Premium,2022-08-03,True,6.61,Desktop,4.0,2023-12-22 02:18:33.840619
user_04493,suttonrebecca@example.net,Douglas,Thompson,26.0,Male,USA,Florida,Port Christopher,Basic,2023-11-18,True,24.98,Gaming Console,2.0,2023-02-26 16:32:15.207546
user_04500,haydenmichael@example.org,Bobby,Mccarty,30.0,Female,USA,Virginia,East William,Standard,2022-09-25,True,,Smart TV,6.0,2024-04-05 11:33:32.030415
user_04504,beardrhonda@example.net,Jason,Brown,27.0,Female,USA,Wisconsin,Lake Latasha,Premium,2024-12-14,True,21.4,Tablet,1.0,2024-03-05 09:00:20.371278
user_04506,sierragonzalez@example.net,Faith,Garner,23.0,Male,USA,California,Elizabethfort,Premium,2023-09-14,True,41.65,Laptop,1.0,2024-05-29 08:24:09.778884
user_04509,petersenmary@example.org,David,Moyer,24.0,Male,USA,Missouri,South Danielview,Standard,2025-05-13,True,11.8,Desktop,2.0,2023-03-20 11:30:54.034254
user_04510,shahkimberly@example.org,Michael,Cameron,25.0,Male,USA,Ohio,Port Donna,Premium,2023-01-09,True,10.63,Mobile,2.0,2025-02-01 19:22:56.042367
user_04518,qvaldez@example.com,Joan,Roberson,25.0,Prefer not to say,Canada,Manitoba,Taylorstad,Premium,2025-07-22,True,12.48,Desktop,6.0,2023-12-13 18:44:29.738823
user_04519,bateskarla@example.net,Jerry,Lyons,22.0,Male,USA,Illinois,New Samuelhaven,Premium,2025-07-25,True,26.17,Desktop,4.0,2023-05-02 15:00:43.477074
user_04529,rschaefer@example.com,Jessica,Rogers,28.0,Male,USA,Georgia,South Christopherville,Premium,2024-02-29,True,4.97,Smart TV,4.0,2024-04-17 07:39:28.670996
user_04541,daniellegraham@example.com,Jennifer,Valencia,30.0,Female,USA,Indiana,Kylefort,Basic,2024-12-18,True,27.88,Tablet,6.0,2022-12-10 04:10:30.779173
user_04547,dixoncrystal@example.net,Angela,Zamora,29.0,Male,USA,Washington,Desireeton,Standard,2023-01-30,True,4.16,Gaming Console,1.0,2023-05-13 14:28:39.892756
user_04549,fwilkerson@example.com,Stephanie,Osborn,27.0,Female,USA,Texas,Julialand,Premium,2023-09-04,True,24.67,Tablet,1.0,2024-09-14 14:52:25.368265
user_04552,gina84@example.org,Jennifer,Knight,20.0,Male,USA,Virginia,West Seth,Basic,2023-11-26,False,16.41,Mobile,3.0,2024-02-18 05:58:39.281157
user_04553,mtorres@example.com,Jeffrey,Robinson,25.0,Female,USA,Pennsylvania,Wintersville,Standard,2024-04-26,True,27.71,Gaming Console,2.0,2022-09-13 09:59:27.875787
user_04557,vclark@example.com,James,Perry,30.0,Male,USA,Tennessee,Hernandezborough,Premium+,2022-08-28,True,18.46,Smart TV,1.0,2025-06-09 13:57:39.650094
user_04558,elizabethherrera@example.com,Margaret,Davis,28.0,Female,USA,New Jersey,West Carolton,Premium+,2023-02-23,True,21.6,Tablet,5.0,2025-04-01 05:25:49.926911
user_04560,taylormark@example.com,William,Morrison,29.0,Male,USA,Illinois,West Curtis,Premium,2024-03-11,True,30.97,Desktop,1.0,2023-11-25 08:27:32.173733
user_04561,sjackson@example.net,Gina,Huynh,29.0,Female,USA,Washington,Jerryview,Premium,2023-03-12,True,33.14,Tablet,3.0,2023-02-03 09:41:26.424143
user_04564,richard19@example.com,Barbara,Morton,23.0,Male,Canada,Quebec,South Sharonfurt,Premium,2023-12-27,True,18.76,Smart TV,3.0,2024-01-14 23:45:33.456814
user_04565,jacksonbrendan@example.org,Pamela,Bennett,26.0,Female,USA,Maryland,East Christophershire,Premium+,2022-09-01,True,8.83,Smart TV,3.0,2025-07-18 08:53:13.522834
user_04570,steven48@example.net,Laura,Holder,29.0,Other,USA,Indiana,Tracyhaven,Standard,2024-10-17,True,31.2,Desktop,3.0,2024-06-17 10:48:06.359601
user_04573,reneepeterson@example.org,Lisa,Jacobson,27.0,Female,Canada,Nova Scotia,Reesefurt,Premium,2022-11-04,False,7.87,Smart TV,2.0,2023-07-18 18:42:10.614100
user_04581,howardchapman@example.org,Michael,Greene,25.0,Male,USA,Illinois,Burkeland,Standard,2025-03-31,True,4.69,Smart TV,5.0,2024-08-06 09:05:01.717240
user_04585,anthony88@example.net,James,Wallace,29.0,Female,USA,Pennsylvania,Christinastad,Standard,2023-02-15,True,22.96,Gaming Console,6.0,2023-08-29 02:50:24.832596
user_04586,jwade@example.org,Charles,Chavez,28.0,Male,USA,New Jersey,Lake Scott,Premium,2023-07-14,True,43.5,Smart TV,4.0,2024-08-21 09:06:10.396054
user_04590,nicole40@example.com,James,Berg,25.0,Male,USA,Georgia,West Matthewhaven,Standard,2022-09-20,True,15.89,Laptop,5.0,2024-10-23 13:53:40.397608
user_04591,lisabanks@example.com,Christina,Sampson,30.0,Female,Canada,Quebec,East Mary,Standard,2025-04-03,False,,Smart TV,3.0,2023-03-17 01:00:50.986021
user_04596,bowerssamuel@example.org,Jeffrey,Suarez,19.0,Female,USA,Illinois,New Coreymouth,Premium,2023-07-30,True,4.25,Desktop,2.0,2023-11-21 22:17:02.653749
user_04604,nataliedavis@example.org,Michael,Campbell,21.0,Female,USA,Michigan,North Nicholas,Premium+,2024-07-24,True,16.53,Tablet,,2024-04-09 16:54:59.552889
user_04610,ryork@example.com,David,Woods,21.0,Male,Canada,Alberta,Taylorfort,Premium,2023-11-04,True,26.86,Smart TV,2.0,2023-01-19 15:29:58.676338
user_04619,jessicaayala@example.com,Brandy,Torres,23.0,Female,USA,Ohio,Lake Angelafort,Premium+,2024-03-16,True,12.84,Laptop,2.0,2024-02-16 17:33:47.815275
user_04622,jeremychase@example.org,Cassandra,Williams,23.0,,USA,Wisconsin,Leslieland,Premium,2022-12-28,True,2.96,Tablet,2.0,2025-02-17 02:32:09.260452
user_04623,andersenanthony@example.org,Taylor,Turner,22.0,Other,USA,Virginia,Edwardport,Premium,2022-09-29,True,13.85,Laptop,3.0,2025-04-06 05:06:12.051271
user_04625,lking@example.org,Aaron,Randolph,19.0,Male,USA,Washington,Tinamouth,Premium+,2025-06-24,True,3.21,Mobile,2.0,2025-06-09 00:56:27.372160
user_04630,cbell@example.net,Jerry,Jimenez,26.0,Male,Canada,Saskatchewan,Lauraborough,Standard,2022-11-29,True,7.59,Laptop,2.0,2024-06-25 23:18:08.949766
user_04635,joshuahall@example.net,Rachel,Miller,30.0,Male,USA,Florida,Allenfurt,Standard,2023-07-13,True,7.43,Desktop,6.0,2023-06-27 06:24:30.561791
user_04642,corey21@example.org,Andrea,Burton,25.0,,USA,Washington,Adamshire,Basic,2024-01-08,True,9.88,Gaming Console,2.0,2024-06-08 14:33:04.278248
user_04646,bgreene@example.com,Amanda,Zhang,29.0,Male,USA,North Carolina,Port Michael,Premium,2024-08-15,True,8.12,Tablet,2.0,2024-11-28 11:51:23.748448
user_04649,vwhite@example.net,Brenda,Rose,22.0,Male,USA,Ohio,Port Brian,Standard,2022-09-05,True,9.05,Desktop,3.0,2023-01-03 11:51:37.278731
user_04656,donald55@example.net,Richard,Green,30.0,Male,USA,Michigan,Roblesland,Standard,2023-10-26,True,17.17,Desktop,4.0,2025-07-24 15:26:42.936414
user_04657,jacqueline57@example.org,Brandi,Norris,27.0,Male,Canada,Ontario,Brendaberg,Premium+,2022-10-04,True,,Laptop,8.0,2022-10-29 07:33:49.205381
user_04663,qgomez@example.org,Brittany,Spencer,25.0,Male,USA,Tennessee,South Denise,Premium,2022-08-10,True,9.82,Smart TV,3.0,2023-06-13 21:47:11.817302
user_04667,josephalvarado@example.net,David,Banks,19.0,Prefer not to say,USA,Tennessee,Lake Dawn,Premium,2023-02-26,True,,Smart TV,2.0,2024-05-01 05:02:36.336947
user_04679,ycline@example.net,Daniel,Norris,30.0,Female,Canada,Newfoundland and Labrador,Millertown,Basic,2023-10-08,True,20.72,Smart TV,1.0,2023-12-07 00:01:28.078274
user_04682,johnsonsean@example.com,Michelle,Palmer,21.0,Female,Canada,New Brunswick,East Scottland,Premium,2023-09-11,False,24.04,Tablet,3.0,2024-08-07 01:28:21.404749
user_04690,jasminemorrison@example.net,Cheryl,Hunt,27.0,Female,USA,Florida,Port Joshua,Standard,2022-12-17,True,,Tablet,2.0,2023-11-21 19:17:36.044478
user_04691,david56@example.org,Craig,Lee,27.0,Male,USA,Michigan,Dodsonborough,Basic,2024-03-07,False,9.7,Smart TV,4.0,2023-06-18 10:32:37.857578
user_04701,sfrank@example.net,Briana,Rios,25.0,Female,Canada,Quebec,South Victoria,Standard,2023-09-14,True,37.58,Laptop,2.0,2025-04-06 19:18:06.423843
user_04707,tara41@example.net,Brian,Howard,18.0,,USA,Maryland,West Timothy,Premium,2024-04-28,True,29.15,Gaming Console,2.0,2023-07-19 13:56:02.559488
user_04711,gibbsjavier@example.com,Wayne,Baker,29.0,Female,USA,Virginia,East Kathleen,Standard,2024-09-30,True,16.5,Gaming Console,3.0,2024-10-29 18:02:48.828571
user_04714,georgejones@example.net,Timothy,Wiggins,22.0,Male,Canada,Alberta,Boothbury,Premium,2023-04-03,True,23.41,Desktop,2.0,2024-09-22 16:41:26.539092
user_04721,destrada@example.org,Ronald,Preston,24.0,Male,USA,Indiana,West Kimberly,Premium,2024-01-10,True,12.28,Desktop,3.0,2024-01-13 18:15:42.003004
user_04726,kendrasims@example.net,Sean,Frazier,29.0,Other,Canada,New Brunswick,Lake Pamelastad,Premium,2025-02-22,False,,Laptop,,2024-01-10 04:40:45.217702
user_04731,eray@example.org,Christopher,Adams,22.0,Female,USA,New Jersey,Corymouth,Basic,2025-04-06,True,18.56,Smart TV,,2023-03-27 16:29:16.479697
user_04732,flemingvickie@example.com,Joshua,Bailey,21.0,Female,USA,Wisconsin,South Juliefort,Premium,2023-05-02,True,19.18,Tablet,6.0,2024-08-11 04:59:56.141526
user_04739,rodriguezdaniel@example.com,Abigail,Manning,30.0,Prefer not to say,Canada,Quebec,North Alexanderburgh,Premium,2022-11-30,True,7.29,Mobile,4.0,2022-12-27 02:55:22.492106
user_04740,joseph75@example.org,Michael,Powell,25.0,,USA,Indiana,Lake David,Standard,2022-11-29,True,23.48,Desktop,3.0,2022-10-27 13:58:30.911389
user_04744,prattjennifer@example.com,Sarah,Butler,29.0,Female,USA,Florida,Lake Rebeccaton,Premium,2022-11-24,True,2.35,Laptop,4.0,2023-08-02 01:24:48.418954
user_04754,halldawn@example.net,Emily,Hernandez,26.0,Female,Canada,Quebec,New Lindsey,Premium,2022-10-09,True,2.36,Mobile,2.0,2024-08-03 17:50:22.331314
user_04757,crystalmurray@example.org,Joann,Rice,25.0,Male,Canada,Newfoundland and Labrador,Lauriefurt,Premium,2023-07-24,True,2.64,Smart TV,1.0,2024-11-26 02:44:32.897006
user_04758,georgediaz@example.net,Theresa,House,28.0,Male,Canada,Newfoundland and Labrador,East Kaitlinfort,Premium,2023-02-13,True,20.14,Tablet,2.0,2024-01-28 21:07:46.555141
user_04761,sharon51@example.net,Christopher,Costa,30.0,Other,USA,Maryland,Port Michelle,Basic,2023-06-16,False,11.7,Tablet,2.0,2024-11-20 03:09:26.418418
user_04763,deanna56@example.com,Bethany,Hickman,22.0,Prefer not to say,Canada,New Brunswick,West Vincent,Premium,2025-02-21,True,42.25,Tablet,5.0,2023-11-30 19:44:00.116526
user_04764,kevin39@example.com,Amanda,Burns,29.0,Female,USA,Massachusetts,West Ericview,Premium,2024-08-21,True,14.78,Laptop,8.0,2024-09-29 03:11:50.755898
user_04767,harveyderrick@example.com,Tyler,Wilson,24.0,Female,USA,Tennessee,Stevensbury,Basic,2025-06-06,True,17.12,Tablet,2.0,2023-11-06 01:06:50.687719
user_04768,michaelstevenson@example.org,Julie,Lynn,29.0,Male,USA,Texas,West John,Premium,2023-08-09,True,7.55,Gaming Console,2.0,2024-11-09 16:04:56.263556
user_04769,floresjulie@example.net,Matthew,Smith,26.0,Female,USA,Georgia,South Christopher,Premium+,2024-07-25,True,,Tablet,1.0,2024-01-13 01:33:15.549045
user_04771,ewingelizabeth@example.com,Cheryl,Peterson,23.0,Female,Canada,Quebec,Port Sarah,Standard,2024-09-20,True,27.75,Smart TV,,2023-03-05 06:20:00.910870
user_04772,nortonaaron@example.net,Susan,Page,23.0,Female,USA,Washington,Barrerashire,Premium,2024-04-17,True,,Smart TV,2.0,2022-12-25 00:25:13.779617
user_04773,murphynicole@example.net,Alex,Brooks,23.0,Male,Canada,British Columbia,South Elizabeth,Standard,2023-05-31,True,22.04,Smart TV,1.0,2025-01-21 21:37:15.190392
user_04789,alyssa82@example.org,Briana,Ward,23.0,Male,USA,Maryland,Michaelland,Standard,2023-07-31,True,5.05,Desktop,,2023-02-28 21:16:25.854301
user_04790,ndonovan@example.net,Jermaine,Chen,20.0,Male,USA,Florida,Port Shelbyberg,Standard,2022-11-23,True,12.17,Tablet,3.0,2024-04-08 00:16:08.411224
user_04792,patriciacole@example.com,Brian,Trevino,24.0,Male,Canada,British Columbia,Port Diana,Premium,2024-01-03,True,9.77,Gaming Console,2.0,2023-05-01 14:50:01.344633
user_04794,yhernandez@example.com,Charlene,Escobar,23.0,Female,Canada,Nova Scotia,Lake Reginaldmouth,Standard,2025-03-20,False,6.04,Desktop,5.0,2025-06-09 05:17:36.120958
user_04804,jenniferferguson@example.net,Gail,Lee,29.0,Female,USA,Illinois,Lisaborough,Basic,2024-09-13,True,5.84,Desktop,8.0,2024-11-20 12:24:44.092823
user_04805,ybrown@example.org,Mary,Smith,24.0,Other,USA,Arizona,Connortown,Premium+,2024-10-28,True,21.78,Tablet,2.0,2025-07-25 16:22:33.609285
user_04806,briangonzalez@example.com,Jessica,Park,30.0,Male,USA,Illinois,New David,Premium,2025-06-13,True,7.23,Laptop,3.0,2022-10-05 05:49:01.647242
user_04809,burnssandra@example.com,Alicia,Powell,20.0,Other,USA,Washington,Turnerborough,Premium,2022-11-06,True,19.29,Tablet,2.0,2023-07-12 11:40:54.090173
user_04815,lloydlynn@example.net,Jane,Parker,25.0,Male,USA,New York,East Kathrynberg,Standard,2024-11-20,True,9.14,Tablet,4.0,2024-08-24 13:43:59.567515
user_04819,taylor62@example.org,Christopher,Nunez,24.0,Female,Canada,Ontario,Davidfurt,Premium+,2023-02-23,True,13.82,Smart TV,2.0,2023-10-07 00:26:18.764532
user_04821,beardanna@example.com,Christian,Cooke,27.0,Female,Canada,Nova Scotia,North Lindsayview,Basic,2023-08-28,True,16.94,Gaming Console,2.0,2025-05-27 20:11:04.870087
user_04822,mikekim@example.com,Charles,Mitchell,21.0,Female,USA,Arizona,Amandaborough,Standard,2023-02-14,True,17.08,Gaming Console,,2023-08-31 19:06:29.910626
user_04832,bullockdebra@example.net,Jamie,Sandoval,29.0,Male,Canada,Nova Scotia,New Josephmouth,Basic,2023-07-23,True,5.15,Gaming Console,3.0,2022-11-06 13:30:04.536023
user_04834,marccalderon@example.org,Andrew,Walker,29.0,Female,Canada,Prince Edward Island,Vazqueztown,Premium+,2022-09-25,True,13.87,Gaming Console,5.0,2023-02-01 04:49:08.727823
user_04836,leekaylee@example.com,Amanda,Gordon,27.0,Other,USA,Georgia,Hughesmouth,Premium,2024-03-15,True,8.6,Tablet,6.0,2023-03-15 07:53:04.871251
user_04840,marcusbrown@example.org,James,Harrington,29.0,Female,USA,Virginia,Sanchezland,Premium+,2023-10-03,True,10.78,Desktop,4.0,2024-06-11 21:44:50.123434
user_04845,gmitchell@example.net,Roger,Evans,24.0,Male,Canada,Manitoba,Harriston,Premium,2024-05-10,True,5.6,Smart TV,2.0,2023-02-09 17:25:37.136308
user_04848,kellie36@example.org,Cathy,Dunlap,22.0,Female,USA,Ohio,Peckview,Standard,2024-02-10,True,31.87,Tablet,3.0,2022-12-12 21:07:03.833454
user_04850,marvinmartinez@example.net,Stephen,Green,18.0,Male,Canada,Nova Scotia,Colemanchester,Basic,2025-05-14,True,17.99,Gaming Console,1.0,2025-07-25 16:19:52.757536
user_04856,amymoore@example.com,Ashley,Lane,30.0,Male,Canada,Ontario,South Stephen,Standard,2024-09-21,True,7.72,Smart TV,4.0,2024-06-16 20:56:28.575688
user_04859,rogergomez@example.net,Ashley,Mcdowell,22.0,Male,Canada,British Columbia,North Julia,Basic,2024-10-31,True,,Laptop,3.0,2025-06-25 08:17:36.541399
user_04860,patelandrea@example.org,Nathan,Maynard,30.0,Female,USA,Florida,North Albertville,Standard,2025-05-26,True,1.99,Tablet,2.0,2025-07-29 01:22:42.670214
user_04871,fflores@example.com,Johnny,Schmidt,22.0,Male,USA,Texas,Sarahmouth,Standard,2023-01-20,True,10.44,Tablet,6.0,2024-10-25 14:06:10.279482
user_04873,dixonholly@example.org,Aimee,Thompson,25.0,Female,USA,Massachusetts,New Danielle,Standard,2022-11-04,True,13.3,Gaming Console,4.0,2022-11-08 01:37:15.296626
user_04882,nguyencarl@example.com,David,Barnes,20.0,,Canada,Manitoba,East Jeffrey,Premium,2024-10-11,True,9.15,Tablet,,2022-10-13 18:42:19.345237
user_04887,fharris@example.com,Danielle,Carson,22.0,Female,USA,Texas,Gibsonchester,Premium,2023-02-03,True,6.73,Smart TV,2.0,2025-03-19 20:13:44.667687
user_04891,joshuasalas@example.com,Jennifer,Foster,30.0,,USA,Michigan,Wallaceburgh,Basic,2022-08-07,True,4.04,Gaming Console,2.0,2023-09-01 00:43:27.200317
user_04896,ashley31@example.net,Robert,Gonzalez,29.0,Female,USA,Pennsylvania,North Danielle,Premium,2023-09-22,True,37.05,Tablet,1.0,2023-03-04 02:53:21.953134
user_04898,michael08@example.com,Benjamin,Hamilton,29.0,Female,USA,Virginia,North Sean,Standard,2024-08-05,True,,Desktop,1.0,2024-12-16 08:54:49.919036
user_04901,brandonlewis@example.net,Willie,Lloyd,28.0,Prefer not to say,USA,Virginia,West Calvintown,Premium,2025-06-09,True,27.89,Mobile,6.0,2023-01-05 16:45:24.473058
user_04908,garciamichael@example.net,Candace,Rhodes,29.0,Female,Canada,Alberta,New Williamborough,Premium,2025-05-07,True,19.16,Tablet,4.0,2023-11-13 05:55:47.651862
user_04910,mhorton@example.net,Donald,Anderson,28.0,Other,Canada,Manitoba,Gordonburgh,Basic,2024-08-08,False,10.65,Gaming Console,,2024-12-28 13:13:11.136304
user_04912,kimberlymartinez@example.org,Brenda,Bradley,25.0,Female,USA,Pennsylvania,West Debbie,Basic,2023-01-06,True,22.09,Smart TV,2.0,2025-05-17 04:22:16.352793
user_04917,juan11@example.com,Harold,Stewart,21.0,Female,USA,Ohio,East Patriciaburgh,Basic,2024-01-23,True,3.85,Smart TV,3.0,2024-04-06 03:47:43.950138
user_04921,scottbartlett@example.net,Ryan,Sweeney,20.0,Male,Canada,Saskatchewan,East Codyview,Premium+,2022-12-21,True,6.67,Gaming Console,3.0,2025-07-28 11:23:28.218084
user_04924,lauren24@example.net,Paul,Carlson,29.0,Prefer not to say,USA,Texas,North Kimberlyshire,Standard,2024-05-10,True,24.82,Desktop,2.0,2025-03-16 02:00:41.498363
user_04932,jerry23@example.net,Michael,Washington,23.0,Male,USA,Virginia,Jacksonville,Standard,2024-12-23,True,23.27,Desktop,2.0,2024-03-09 22:49:26.848325
user_04935,pamelarodriguez@example.com,Kristine,Hunter,24.0,Male,Canada,Quebec,Monicatown,Standard,2025-07-14,True,11.61,Mobile,,2023-06-26 23:31:41.531147
user_04936,mooremike@example.com,Matthew,Winters,24.0,Male,USA,North Carolina,Amberhaven,Premium,2024-04-16,True,14.88,Laptop,3.0,2024-03-03 01:16:33.110589
user_04937,scottjessica@example.org,Carol,Matthews,24.0,Female,USA,Illinois,West Anita,Premium,2024-09-24,False,19.62,Smart TV,2.0,2024-11-01 15:03:31.626812
user_04939,emma62@example.org,Heather,Robinson,22.0,Male,USA,Florida,Apriltown,Premium,2024-07-05,True,7.61,Laptop,2.0,2024-03-28 06:58:55.638478
user_04942,breannayoung@example.com,Robert,Wolfe,29.0,Female,Canada,New Brunswick,Loriville,Standard,2023-07-22,True,31.44,Smart TV,2.0,2024-03-05 01:30:31.383282
user_04944,grobinson@example.org,William,Tran,28.0,Female,Canada,British Columbia,West Jesse,Standard,2022-12-14,True,,Gaming Console,2.0,2023-04-17 22:24:16.931128
user_04953,bridget28@example.net,Angela,Snyder,23.0,Male,Canada,British Columbia,Sarahland,Standard,2024-05-04,False,16.26,Tablet,2.0,2022-11-08 05:22:24.913870
user_04957,willievaldez@example.com,Donald,Harrison,26.0,Male,Canada,Saskatchewan,Brentport,Standard,2024-03-25,True,20.38,Mobile,4.0,2024-11-13 15:12:28.503181
user_04960,tiffanysanchez@example.net,Daniel,Harris,23.0,Male,Canada,Saskatchewan,East Rebeccabury,Standard,2025-07-17,True,24.04,Desktop,4.0,2025-03-23 20:39:10.473379
user_04962,htorres@example.net,Daniel,Lozano,27.0,,USA,Washington,South Tara,Standard,2023-02-07,True,12.64,Mobile,3.0,2024-11-10 11:36:57.269232
user_04965,victoria25@example.net,Mary,Mcpherson,18.0,Female,USA,Missouri,East Charleschester,Standard,2023-09-10,True,13.07,Laptop,1.0,2023-04-28 02:59:45.055948
user_04968,scott46@example.com,Douglas,Garcia,19.0,Female,USA,Arizona,Lake Juan,Premium,2023-04-10,False,24.38,Tablet,3.0,2023-10-11 15:23:25.020670
user_04972,greertammy@example.net,Tammy,James,28.0,Female,Canada,Quebec,West Hayley,Standard,2023-08-29,True,13.84,Desktop,3.0,2024-07-25 03:35:44.266009
user_04975,joshuawelch@example.org,Gary,Brown,21.0,Other,USA,Wisconsin,South Jasonside,Basic,2025-04-24,True,10.01,Smart TV,1.0,2023-11-16 07:45:18.756826
user_04977,garymann@example.org,Christopher,Cordova,30.0,Female,USA,Missouri,New Pamela,Standard,2025-05-19,True,15.06,Laptop,4.0,2023-01-07 23:24:55.012019
user_04978,donald00@example.net,Lori,Patrick,18.0,Female,Canada,Manitoba,West Hannahfort,Standard,2024-03-25,True,21.58,Mobile,3.0,2025-03-30 05:34:36.417333
user_04988,dgarza@example.net,Caitlyn,Gibson,26.0,Male,Canada,Newfoundland and Labrador,West Anaberg,Premium,2024-12-14,True,11.8,Smart TV,3.0,2025-04-01 01:09:49.518141
user_04995,teresa21@example.com,Robert,Bradley,27.0,Male,Canada,Prince Edward Island,North Crystal,Standard,2023-05-02,True,7.95,Tablet,4.0,2025-04-03 17:30:05.792957
user_04996,jclark@example.com,Timothy,Terrell,28.0,Male,USA,Wisconsin,Lake Emilyfort,Standard,2024-05-10,True,12.15,Mobile,1.0,2023-11-29 11:48:03.400997
user_05007,dbrown@example.org,Raymond,Oliver,24.0,Male,USA,Virginia,Curryshire,Basic,2024-11-27,False,8.29,Desktop,3.0,2023-11-21 10:09:40.319926
user_05021,andersonjoseph@example.com,Alexandra,Carpenter,27.0,,USA,Florida,Lake Matthew,Standard,2025-06-09,True,15.68,Smart TV,1.0,2025-07-06 07:06:39.489972
user_05024,rchoi@example.net,Kendra,Butler,18.0,Female,Canada,Saskatchewan,Port Jacquelineshire,Premium,2023-05-09,True,8.59,Tablet,5.0,2022-12-05 15:57:35.504582
user_05027,paultownsend@example.com,Samuel,Lewis,29.0,Female,Canada,British Columbia,North Cristinaborough,Premium+,2024-08-10,True,11.48,Tablet,6.0,2024-10-31 04:53:08.201190
user_05033,daniellewise@example.net,Sandra,Mendoza,27.0,Female,USA,New York,New Kathleenburgh,Premium,2024-02-09,True,14.45,Tablet,2.0,2023-02-09 14:49:09.249272
user_05035,mpark@example.net,Rodney,Thomas,29.0,Male,USA,Tennessee,Figueroaport,Premium,2025-04-30,True,14.33,Tablet,4.0,2024-10-04 03:31:30.784149
user_05039,heidi31@example.org,Alyssa,Montgomery,21.0,Female,Canada,Nova Scotia,South Christina,Premium+,2023-04-08,True,16.41,Smart TV,2.0,2024-11-07 00:11:43.829119
user_05041,joseph40@example.com,Katherine,Horn,26.0,Female,USA,Indiana,West Brenda,Standard,2025-05-05,True,,Laptop,2.0,2025-03-02 19:07:58.737176
user_05042,ngarcia@example.net,Jennifer,Williams,24.0,Male,USA,Washington,Rangelborough,Basic,2024-04-27,True,13.81,Gaming Console,3.0,2025-05-27 19:25:46.547564
user_05050,martinnathaniel@example.org,William,Bell,25.0,Male,Canada,Manitoba,Huynhside,Standard,2025-04-01,False,24.0,Smart TV,3.0,2023-07-04 10:38:14.999255
user_05074,bruceroberto@example.net,Michael,Gomez,29.0,Female,USA,New York,Smithton,Premium+,2023-07-13,True,23.73,Gaming Console,2.0,2022-08-16 20:41:05.821702
user_05077,marc86@example.net,Philip,Coleman,28.0,Other,Canada,Ontario,North Rodney,Standard,2024-02-19,False,23.25,Smart TV,3.0,2022-09-16 04:43:50.087685
user_05079,barnesdaniel@example.org,Jacqueline,Carter,29.0,,Canada,Manitoba,New Carrieport,Premium,2022-11-17,True,34.21,Tablet,,2024-08-10 15:32:41.542466
user_05085,rachel05@example.net,Elizabeth,Hawkins,18.0,Other,USA,Illinois,Lesliefurt,Premium+,2023-10-05,True,,Gaming Console,4.0,2024-01-05 10:24:18.512755
user_05091,laura65@example.org,Cynthia,Simmons,20.0,Female,USA,Virginia,West Jason,Standard,2022-09-17,False,29.9,Laptop,,2022-12-20 14:30:01.123258
user_05099,chungbrian@example.net,Rachel,Gonzalez,26.0,Male,USA,New Jersey,New Cynthiamouth,Premium,2025-07-14,True,2.86,Tablet,1.0,2022-12-01 15:59:38.190911
user_05101,rowen@example.com,Nicole,Gonzales,26.0,,USA,New Jersey,Cynthiaport,Premium+,2025-03-09,True,8.4,Gaming Console,,2022-10-31 07:48:36.438832
user_05103,jared44@example.net,Kathryn,Cantu,29.0,Male,Canada,Prince Edward Island,Lucasville,Premium,2023-11-28,True,35.22,Laptop,7.0,2023-10-23 19:40:34.121214
user_05109,kevinsmith@example.net,Brandon,Schneider,22.0,Female,Canada,Newfoundland and Labrador,West Sandrafurt,Premium,2023-04-24,True,9.83,Gaming Console,7.0,2024-12-01 23:44:18.458109
user_05110,williamsrebecca@example.net,Trevor,Weaver,28.0,Female,Canada,Saskatchewan,Brandonfort,Standard,2024-10-19,True,16.84,Tablet,4.0,2025-07-26 16:09:39.371573
user_05123,brendaduncan@example.com,Wendy,Edwards,27.0,Female,USA,Wisconsin,North Jonathan,Standard,2024-06-22,True,15.58,Smart TV,,2025-06-04 18:15:25.964797
user_05125,dennis87@example.com,Kimberly,Montes,26.0,Female,USA,New York,Lake Craig,Premium+,2022-12-16,False,24.33,Mobile,1.0,2025-02-14 02:43:09.117802
user_05126,umoyer@example.org,Steven,Wilson,27.0,Female,Canada,Manitoba,Port Kimberlymouth,Basic,2025-07-28,True,,Gaming Console,7.0,2024-11-08 07:10:51.382495
user_05138,johnsonpatricia@example.org,Kristin,Rice,23.0,Other,USA,Maryland,West Sergio,Premium,2025-05-24,True,,Desktop,2.0,2024-07-02 23:01:13.344528
user_05139,pgonzalez@example.com,Julia,Martin,20.0,Male,Canada,Manitoba,South Andrewchester,Premium,2025-06-23,True,5.78,Mobile,3.0,2024-11-14 05:20:25.283881
user_05144,thomassmith@example.org,Patricia,Farrell,25.0,Female,USA,Washington,Freemanborough,Premium,2025-02-14,False,6.02,Smart TV,2.0,2025-05-02 07:39:22.403957
user_05150,jonathan38@example.org,Sean,Green,30.0,Male,USA,Illinois,Carlaton,Basic,2024-08-08,True,9.59,Tablet,2.0,2025-01-18 13:34:10.015013
user_05157,andrewbrady@example.org,Mark,Baker,28.0,Female,Canada,Nova Scotia,East Sarah,Premium,2022-12-12,False,20.25,Mobile,2.0,2023-12-19 23:36:40.828312
user_05160,benjaminross@example.org,Matthew,Villa,29.0,Male,USA,Maryland,Quinnmouth,Basic,2025-07-19,True,5.09,Smart TV,3.0,2025-05-24 03:56:55.318261
user_05163,nelsonjohn@example.com,Roger,Johnson,18.0,Male,USA,Michigan,Lake Meganport,Standard,2024-02-09,True,15.84,Laptop,2.0,2025-02-17 04:43:48.905589
user_05173,alandorsey@example.net,Colin,Malone,21.0,,USA,Georgia,Lake Maria,Standard,2024-03-18,False,7.56,Mobile,,2025-05-04 10:01:57.242393
user_05176,michaelgraves@example.com,Paula,Miller,22.0,Male,USA,Washington,South Sergioberg,Premium,2024-07-25,True,1.57,Tablet,7.0,2023-11-17 15:38:52.447952
user_05178,anthony03@example.com,Kathryn,Madden,23.0,Female,USA,Tennessee,West Elizabethtown,Premium,2024-04-06,True,20.88,Laptop,1.0,2023-01-30 02:59:30.409038
user_05179,dustinlowery@example.net,Alex,Bell,18.0,Prefer not to say,USA,Washington,West Lucas,Premium,2024-05-17,True,13.36,Tablet,3.0,2025-03-13 03:10:40.915924
user_05182,jerry45@example.net,Cassandra,Payne,22.0,Male,Canada,Prince Edward Island,Heatherville,Standard,2025-07-02,True,10.32,Mobile,1.0,2025-01-08 07:09:06.868905
user_05185,stevenromero@example.org,Victoria,Thomas,25.0,Other,Canada,Manitoba,New Jodiland,Premium,2023-03-06,False,8.27,Smart TV,5.0,2023-01-06 05:40:27.002154
user_05189,james10@example.org,Patricia,Miller,21.0,Female,USA,Wisconsin,Patriciafurt,Premium,2023-12-01,True,4.56,Tablet,3.0,2023-09-23 16:44:17.712846
user_05200,hgardner@example.com,Shelly,Henderson,28.0,Female,USA,Texas,West Michaelville,Standard,2023-07-31,True,8.3,Laptop,5.0,2024-07-29 08:01:33.317840
user_05201,hbrewer@example.com,Michelle,Wilson,25.0,Male,USA,California,Davidbury,Standard,2023-07-01,True,19.21,Desktop,3.0,2023-02-24 21:19:31.024277
user_05203,sarah95@example.net,Pamela,Page,24.0,Male,Canada,Newfoundland and Labrador,Katelynton,Premium,2023-11-02,True,47.49,Smart TV,,2022-12-24 19:27:08.265179
user_05207,hsantos@example.com,Jason,Thomas,27.0,Female,Canada,Manitoba,East Briantown,Standard,2024-03-27,True,15.03,Laptop,3.0,2023-04-23 15:05:36.009642
user_05209,mmccann@example.org,Nichole,Allen,23.0,Female,USA,New York,North Johnmouth,Basic,2024-04-04,False,4.96,Gaming Console,3.0,2023-06-11 07:19:47.006354
user_05210,dixonomar@example.org,Bruce,Hernandez,30.0,Prefer not to say,USA,North Carolina,Acostafort,Premium,2023-11-27,True,11.67,Desktop,3.0,2022-10-10 15:58:23.774669
user_05216,farleyandrew@example.net,Kimberly,Tyler,27.0,Male,USA,Pennsylvania,Danielchester,Premium,2024-11-04,True,,Laptop,4.0,2022-08-31 17:39:16.322444
user_05217,acook@example.com,Elizabeth,Chapman,25.0,Male,Canada,Alberta,Castilloborough,Premium,2023-02-21,False,22.45,Tablet,1.0,2022-11-27 10:26:11.719475
user_05220,jeffrey40@example.net,Anthony,Brock,30.0,,USA,Texas,Lewistown,Basic,2022-11-03,True,15.3,Laptop,1.0,2023-04-16 14:46:35.781224
user_05221,joshua92@example.org,Jonathan,Barber,27.0,Male,Canada,Manitoba,East Kennethland,Standard,2024-10-28,True,22.7,Gaming Console,1.0,2023-08-17 20:48:00.045290
user_05228,nmiller@example.net,John,Friedman,23.0,Female,Canada,New Brunswick,North Eric,Basic,2023-08-29,True,26.11,Smart TV,1.0,2025-01-07 19:32:02.223098
user_05229,ethompson@example.net,Chad,Liu,18.0,Male,USA,Michigan,Bradleymouth,Premium,2022-11-12,False,11.63,Desktop,1.0,2023-05-06 17:55:19.458961
user_05233,shirley62@example.com,Brittany,Hudson,29.0,Male,USA,Ohio,New Sandra,Premium+,2025-07-02,True,13.66,Tablet,3.0,2023-11-04 09:09:19.639258
user_05238,morgan81@example.com,Joshua,Phillips,30.0,Male,USA,Arizona,Salazarstad,Premium,2023-08-18,True,2.99,Tablet,3.0,2023-09-23 21:04:09.673306
user_05240,zschaefer@example.org,Earl,Sanders,25.0,Female,USA,Texas,Lake Robert,Standard,2023-04-30,True,7.17,Tablet,2.0,2025-07-26 01:09:44.102161
user_05244,catherine73@example.org,Sandra,Jennings,21.0,Male,USA,New York,Brittanyview,Basic,2024-04-20,True,11.21,Smart TV,3.0,2024-03-23 09:39:46.191568
user_05251,edawson@example.org,Karen,Wilcox,24.0,Female,Canada,Prince Edward Island,Reedton,Premium,2024-10-31,True,9.96,Gaming Console,,2025-07-30 10:24:33.856978
user_05252,paula90@example.com,Jennifer,Wilcox,30.0,Male,USA,Maryland,Port Ryanstad,Premium,2024-01-28,True,3.15,Mobile,6.0,2024-02-27 04:37:47.279042
user_05253,wongwilliam@example.org,Christopher,Brooks,29.0,Other,USA,Pennsylvania,New Amy,Basic,2022-10-19,True,15.69,Mobile,2.0,2022-12-14 21:36:53.251894
user_05266,roy65@example.net,Robert,Gardner,21.0,Male,USA,Tennessee,Sarahchester,Standard,2023-09-19,True,33.48,Desktop,3.0,2023-08-28 23:38:26.599281
user_05273,carlsonmark@example.org,Thomas,Allen,24.0,Prefer not to say,Canada,Manitoba,New Jean,Basic,2025-02-27,True,5.53,Gaming Console,2.0,2025-07-05 00:20:48.842345
user_05278,donnahartman@example.org,Derek,Burton,23.0,Male,USA,Texas,New Lori,Standard,2024-02-07,True,6.79,Smart TV,3.0,2023-12-05 19:56:55.449077
user_05290,hjones@example.com,Kathryn,Thompson,21.0,Female,USA,Missouri,East Rebekah,Premium+,2023-06-08,True,17.7,Mobile,3.0,2023-05-03 20:56:37.544377
user_05291,bzimmerman@example.net,Cory,Vega,28.0,Other,USA,Ohio,South Linda,Standard,2022-11-24,True,31.33,Mobile,,2022-08-27 21:17:55.860788
user_05293,seanduffy@example.com,Brett,Tucker,26.0,Male,USA,California,Willisburgh,Premium,2024-02-06,True,6.85,Gaming Console,2.0,2024-03-20 02:10:50.551354
user_05296,christinawilkins@example.net,Patrick,Cruz,26.0,Male,USA,Massachusetts,Loribury,Basic,2022-10-11,True,15.08,Smart TV,2.0,2022-08-23 02:42:42.256201
user_05298,qanderson@example.org,Sarah,Wiley,30.0,Male,USA,North Carolina,Mendezbury,Standard,2024-09-22,True,12.0,Laptop,,2024-05-17 00:36:32.497531
user_05301,daniellemartinez@example.org,Isaiah,Hammond,29.0,Male,USA,Tennessee,South Jacob,Basic,2023-10-13,True,12.85,Mobile,2.0,2023-05-16 09:59:48.728368
user_05303,cellis@example.net,Philip,Salazar,28.0,Female,USA,Michigan,South James,Standard,2023-08-19,True,9.77,Smart TV,,2024-12-03 06:25:05.511223
user_05305,thomassmith@example.net,Regina,Middleton,19.0,Other,USA,Wisconsin,Lake Jenniferchester,Premium,2024-02-02,False,12.91,Smart TV,,2022-09-21 14:04:09.237182
user_05306,oconnorthomas@example.net,Laurie,Mitchell,29.0,Female,Canada,Nova Scotia,Manningside,Standard,2024-07-16,False,,Smart TV,2.0,2023-02-04 03:22:05.152383
user_05312,jasonrobinson@example.org,Jonathan,Chen,26.0,Female,USA,Tennessee,Henrystad,Premium,2025-02-19,False,38.81,Desktop,5.0,2025-02-15 14:19:46.630951
user_05313,fedwards@example.com,Samuel,Rowe,29.0,Male,USA,Georgia,Port Alextown,Standard,2025-03-03,False,,Laptop,2.0,2024-09-03 06:09:29.279907
user_05317,ericpalmer@example.net,Denise,Martinez,29.0,Male,USA,Ohio,Harperfurt,Standard,2024-05-21,False,11.28,Desktop,2.0,2023-04-29 16:07:39.194240
user_05321,simmonsjohn@example.org,Duane,Alvarado,26.0,Male,USA,California,North Brandi,Premium,2022-12-01,False,2.62,Gaming Console,2.0,2024-02-06 02:36:19.748628
user_05324,urivera@example.com,Heather,Carter,21.0,Other,Canada,Nova Scotia,Robinsonton,Premium,2024-08-27,True,8.39,Desktop,1.0,2023-01-03 11:24:27.563644
user_05325,phillipwood@example.org,James,Anderson,24.0,,USA,Indiana,Baileyfort,Basic,2023-10-02,True,2.93,Tablet,5.0,2022-08-04 22:19:49.132853
user_05328,richardpaul@example.org,Mason,White,23.0,Female,USA,Texas,Williamton,Premium+,2023-02-24,True,47.14,Mobile,3.0,2023-05-28 21:59:42.931960
user_05334,rachaelstout@example.net,Nicole,Mitchell,20.0,Male,USA,Wisconsin,New Cassandra,Premium,2023-08-08,False,10.2,Mobile,,2024-02-19 12:03:38.935091
user_05338,timothyleonard@example.org,James,Carter,28.0,Male,USA,Washington,Lake Tylerhaven,Standard,2024-12-16,False,2.66,Smart TV,3.0,2023-10-19 23:09:35.757544
user_05340,castillojessica@example.net,Robert,Graves,24.0,Female,Canada,Prince Edward Island,Lake Alan,Premium,2024-04-21,True,8.7,Tablet,4.0,2022-08-21 02:14:57.367882
user_05350,dawn07@example.com,Drew,Reed,25.0,Male,Canada,Quebec,Jessicashire,Premium+,2024-09-17,True,12.81,Laptop,2.0,2024-12-02 14:37:38.478040
user_05355,joshuawood@example.net,Peggy,Davis,30.0,Male,USA,Georgia,North Michele,Premium+,2023-10-20,True,13.27,Laptop,2.0,2022-11-27 22:57:17.174455
user_05358,lorilewis@example.com,Christopher,Gardner,26.0,Male,USA,Wisconsin,Cheyenneland,Premium+,2024-10-22,True,12.74,Laptop,5.0,2025-05-09 07:24:38.180368
user_05361,zbeck@example.com,Carol,Bishop,23.0,Female,Canada,Prince Edward Island,Mosleystad,Premium,2023-03-18,True,16.17,Tablet,4.0,2024-03-09 23:34:33.645448
user_05362,bbailey@example.net,Holly,Wells,27.0,Male,Canada,Nova Scotia,West Seth,Premium,2025-03-18,True,17.2,Gaming Console,3.0,2025-04-11 14:12:05.640057
user_05364,brownrobert@example.net,Thomas,Powers,25.0,Female,USA,Illinois,Port Robintown,Basic,2025-03-07,True,17.33,Desktop,5.0,2024-02-18 22:10:57.178961
user_05366,helentrujillo@example.org,Robert,White,20.0,Female,Canada,Saskatchewan,Ashleytown,Premium,2024-06-17,True,10.75,Gaming Console,3.0,2023-10-02 12:07:22.173302
user_05378,jeffery89@example.net,Brian,Hill,23.0,Other,USA,Massachusetts,South Lonniemouth,Premium,2023-01-14,True,19.04,Gaming Console,4.0,2022-09-30 19:07:02.548803
user_05385,kyle35@example.com,Zachary,Shaw,25.0,Male,USA,California,South Davidshire,Standard,2022-09-20,True,38.71,Laptop,2.0,2023-12-25 21:36:24.541524
user_05389,iwalker@example.org,Samantha,Phillips,27.0,Female,USA,Missouri,North Aaron,Standard,2023-05-24,True,2.42,Desktop,5.0,2023-04-05 22:18:46.631088
user_05394,jessicasnyder@example.com,Jared,Taylor,27.0,Male,USA,North Carolina,Michelleville,Basic,2022-12-31,True,19.18,Mobile,,2025-05-28 12:16:43.775250
user_05395,julia14@example.net,Joyce,Duffy,18.0,Male,Canada,Quebec,West Bobby,Standard,2023-10-06,True,12.54,Desktop,2.0,2024-01-28 17:38:04.755082
user_05401,sparksgary@example.net,Dawn,Brown,25.0,Prefer not to say,USA,Arizona,North Jill,Standard,2023-02-04,True,5.77,Desktop,3.0,2023-07-06 17:53:37.257882
user_05402,james58@example.com,David,Lozano,28.0,Female,USA,Indiana,Lake Annton,Premium,2022-12-08,True,,Desktop,1.0,2025-07-17 09:46:49.768052
user_05404,gonzalesdawn@example.com,Calvin,Lucas,28.0,,USA,Indiana,South Edward,Premium,2024-07-08,True,11.4,Desktop,3.0,2025-05-12 05:07:50.491017
user_05405,lisa34@example.net,Frank,Mills,30.0,Female,USA,Tennessee,Blairtown,Standard,2023-06-12,True,17.56,Smart TV,3.0,2024-08-23 21:35:35.191209
user_05409,montoyaronald@example.net,Jessica,Jackson,29.0,,Canada,Quebec,Jonesmouth,Premium,2022-09-15,True,6.91,Tablet,2.0,2024-06-22 19:35:46.476619
user_05410,kellimcclain@example.org,Erika,Cruz,23.0,Male,Canada,British Columbia,Barryhaven,Premium+,2024-08-31,False,15.53,Tablet,,2024-06-20 12:49:00.822812
user_05413,maryjohnson@example.net,Jeanette,Holmes,29.0,Male,USA,Pennsylvania,Port Bethanyhaven,Basic,2023-07-24,True,33.36,Laptop,,2024-11-17 15:48:46.406379
user_05414,juliebooker@example.com,Brad,Rodriguez,23.0,Female,USA,Virginia,Jacquelineport,Basic,2024-09-29,True,23.11,Smart TV,1.0,2024-05-18 17:23:33.631267
user_05415,hernandezalan@example.com,Brittany,Owen,24.0,Female,USA,Tennessee,South Debra,Premium,2023-06-21,True,13.18,Mobile,7.0,2024-03-23 12:13:31.325045
user_05422,lthomas@example.com,Mary,Adams,27.0,Male,Canada,Ontario,Clarktown,Standard,2024-12-12,True,41.14,Desktop,2.0,2025-06-22 00:50:13.151458
user_05435,kim09@example.com,Crystal,Garcia,29.0,Female,USA,California,Port Bryanstad,Basic,2023-04-19,False,6.18,Mobile,4.0,2023-05-31 20:09:10.898634
user_05447,webercarrie@example.org,William,Rodriguez,22.0,Female,Canada,Newfoundland and Labrador,Clementsmouth,Basic,2024-02-06,True,9.52,Desktop,4.0,2023-01-29 22:47:15.700785
user_05460,nicholasyoung@example.org,Richard,Conway,18.0,Female,Canada,Ontario,South Samanthabury,Basic,2024-11-04,True,24.08,Laptop,1.0,2025-04-23 17:43:23.118505
user_05465,sanchezerin@example.net,Robert,Winters,28.0,Female,USA,Maryland,Fosterbury,Standard,2022-09-20,True,19.54,Mobile,,2023-01-29 14:33:17.226771
user_05467,johnsonamy@example.org,Charles,Goodman,22.0,Female,USA,Ohio,Ryanfurt,Premium,2023-02-13,True,,Gaming Console,3.0,2025-04-23 14:13:59.189633
user_05472,greenchristopher@example.org,Micheal,Patterson,30.0,Male,USA,Texas,Bakerton,Premium,2022-09-16,True,13.77,Laptop,4.0,2024-07-23 23:44:42.982363
user_05474,freytammy@example.net,Nicole,Poole,28.0,Prefer not to say,USA,California,New Jesusmouth,Standard,2024-09-27,False,,Smart TV,2.0,2025-02-27 12:17:20.376269
user_05476,lauren65@example.org,Melissa,Ramirez,19.0,Female,USA,Indiana,Ericburgh,Standard,2024-06-19,True,7.11,Desktop,2.0,2025-05-28 15:51:33.009535
user_05478,lawsonwilliam@example.org,Dustin,Berry,28.0,Other,USA,California,Anamouth,Standard,2025-07-11,True,18.75,Desktop,6.0,2024-05-08 04:40:24.801782
user_05485,rhodeskevin@example.org,William,Atkins,19.0,Female,USA,North Carolina,Shermanborough,Premium,2023-06-29,True,6.72,Desktop,2.0,2024-11-13 19:38:07.367267
user_05487,wdiaz@example.com,Christopher,Davis,30.0,Female,USA,New Jersey,South Kevinbury,Premium+,2025-03-30,True,19.14,Tablet,5.0,2024-04-10 05:01:34.708744
user_05491,lindsay12@example.net,Jennifer,Franklin,19.0,Female,USA,Maryland,Lake Stephanieshire,Standard,2023-06-06,True,7.81,Desktop,2.0,2023-06-21 16:47:38.026855
user_05497,cbrown@example.net,Christopher,Blair,22.0,Female,Canada,Manitoba,Mendozamouth,Premium,2023-11-04,True,14.71,Desktop,2.0,2024-04-05 17:33:28.393185
user_05500,robertspaul@example.com,Paula,Davis,20.0,Male,USA,Texas,Port Nicolechester,Premium,2022-10-22,True,,Smart TV,3.0,2023-09-09 16:36:49.874984
user_05505,walkerbryan@example.net,Linda,Dixon,24.0,Female,Canada,Saskatchewan,Dorothybury,Premium,2023-02-14,True,43.7,Desktop,3.0,2024-03-04 17:09:28.961671
user_05507,turnerbeverly@example.org,Steven,Cochran,27.0,Male,USA,New Jersey,Port Jakeshire,Premium,2022-12-25,True,20.32,Mobile,,2024-06-01 12:36:02.251688
user_05508,evelynroth@example.net,Paul,Owens,20.0,Male,USA,Washington,Hollyland,Standard,2024-10-12,True,12.51,Laptop,1.0,2022-12-27 11:24:21.667013
user_05511,matthew98@example.org,Gwendolyn,Davis,30.0,Prefer not to say,USA,Missouri,North Richard,Basic,2022-10-05,True,6.57,Desktop,,2023-08-18 01:26:46.147802
user_05512,foxnicholas@example.com,Matthew,Welch,29.0,Male,USA,Michigan,Trevinoview,Premium,2025-05-04,True,11.77,Gaming Console,4.0,2023-05-06 20:18:33.820589
user_05513,freyes@example.com,Allison,Bishop,29.0,,USA,New York,Jerryville,Basic,2023-04-28,True,11.54,Smart TV,3.0,2023-06-29 21:37:39.043807
user_05516,thomas08@example.com,Brian,Carroll,30.0,Female,Canada,Nova Scotia,North Kennethberg,Premium,2024-08-07,True,1.75,Desktop,,2024-10-17 04:09:37.274419
user_05526,imitchell@example.org,Donna,Flowers,23.0,Male,Canada,Manitoba,North Karen,Premium,2024-04-26,True,15.23,Gaming Console,3.0,2024-02-09 07:59:11.845917
user_05529,carl31@example.com,Marie,Ryan,24.0,Male,USA,Arizona,Velezside,Standard,2023-08-21,False,3.27,Gaming Console,1.0,2023-04-26 09:01:07.854280
user_05530,kennethperez@example.com,Christopher,Arnold,24.0,Female,USA,Georgia,Mullinston,Premium,2024-08-25,False,9.83,Laptop,6.0,2023-03-04 20:59:59.381295
user_05532,hwilson@example.org,Tiffany,Kelly,27.0,Prefer not to say,Canada,Prince Edward Island,Richardside,Basic,2025-02-28,True,,Mobile,2.0,2023-04-06 18:38:43.750119
user_05534,rodriguezdenise@example.net,Jeffrey,Sullivan,27.0,Other,USA,Florida,North Robinberg,Premium+,2023-07-02,True,10.33,Desktop,3.0,2022-10-17 13:14:25.761292
user_05541,herringkatherine@example.net,Alexandria,Stone,22.0,Female,Canada,Prince Edward Island,Danielborough,Standard,2024-08-25,True,8.25,Desktop,3.0,2022-08-30 19:35:20.780898
user_05544,wsilva@example.net,Justin,Fields,26.0,Female,USA,Texas,Ramirezfurt,Premium,2025-06-03,True,15.24,Laptop,4.0,2024-11-26 23:57:14.691633
user_05545,davischristina@example.com,Jose,Ingram,30.0,Female,USA,Indiana,West Amandatown,Premium,2024-08-22,True,6.61,Mobile,7.0,2024-05-16 04:40:16.783710
user_05548,kthompson@example.net,Harry,Ramirez,25.0,,USA,New Jersey,Leblancport,Premium,2023-08-28,True,25.85,Mobile,1.0,2024-07-15 13:53:28.541668
user_05551,pwilliams@example.org,Kevin,Flores,25.0,Male,USA,New Jersey,Watkinsfurt,Standard,2023-01-30,True,,Laptop,1.0,2023-01-26 14:52:26.450098
user_05553,brandonpeters@example.org,Andrew,Green,30.0,Female,Canada,British Columbia,Ericmouth,Basic,2023-03-23,False,14.55,Laptop,2.0,2024-03-15 12:35:02.077695
user_05555,gilbertamy@example.com,Samantha,Ward,26.0,Female,USA,Virginia,Richardland,Premium,2025-04-01,True,18.1,Tablet,,2023-02-21 12:55:20.630539
user_05556,tara02@example.net,Heather,Cohen,28.0,Male,USA,Florida,Jeremiahhaven,Premium+,2023-02-25,True,24.74,Mobile,3.0,2023-07-22 10:23:18.157538
user_05558,wgriffin@example.net,Rhonda,Davidson,21.0,Female,USA,Wisconsin,Allenside,Premium,2023-11-29,True,45.29,Desktop,3.0,2024-02-20 04:47:49.945176
user_05563,dpineda@example.org,Dustin,Perez,21.0,,USA,New York,North Jason,Basic,2023-12-26,True,21.38,Tablet,3.0,2022-08-28 14:29:02.847469
user_05569,ryan49@example.net,Trevor,Phillips,25.0,Male,Canada,Saskatchewan,South Thomasstad,Basic,2023-04-12,True,14.92,Desktop,,2023-08-02 13:38:06.323238
user_05570,steve02@example.com,Christopher,Kelley,18.0,Prefer not to say,USA,Georgia,Lindseyborough,Premium,2024-05-01,True,5.48,Laptop,3.0,2025-02-17 09:43:47.644233
user_05578,keithcrosby@example.org,Kyle,Patel,20.0,Male,Canada,Quebec,South Haley,Premium,2024-12-31,True,,Tablet,2.0,2023-01-28 08:59:53.527799
user_05580,wigginslinda@example.org,Ryan,White,28.0,Male,USA,New York,Williambury,Basic,2025-07-14,True,6.42,Mobile,5.0,2025-05-15 14:47:23.056941
user_05581,nicole16@example.com,Lindsay,Diaz,24.0,Female,USA,Indiana,New Susan,Premium,2023-12-17,True,8.34,Smart TV,1.0,2025-05-02 08:48:24.146469
user_05582,michael24@example.org,Julie,Newman,24.0,Female,Canada,New Brunswick,Lake Marcusborough,Standard,2023-06-08,False,7.31,Tablet,,2025-04-13 13:25:04.219844
user_05586,msanders@example.com,Pamela,Mckenzie,29.0,Female,USA,Michigan,Riddleshire,Standard,2023-06-08,True,,Tablet,6.0,2023-07-12 15:39:45.306534
user_05591,brandon33@example.com,Larry,Mills,28.0,Female,USA,Pennsylvania,Lake Susan,Premium,2024-02-05,True,,Smart TV,1.0,2022-12-13 21:42:03.515735
user_05594,laurenjensen@example.org,Michele,Rose,22.0,Male,USA,Tennessee,North Natashatown,Basic,2024-08-08,True,14.81,Mobile,4.0,2024-06-25 07:57:10.024251
user_05595,jessicalynch@example.com,Kim,Schwartz,18.0,Female,Canada,Ontario,Oscarchester,Premium,2023-07-20,True,3.97,Gaming Console,3.0,2024-06-26 22:06:53.506798
user_05599,williamscolleen@example.net,Jacob,Cook,28.0,Male,Canada,British Columbia,Joneshaven,Standard,2025-02-25,True,9.78,Gaming Console,,2023-03-25 20:33:45.923738
user_05601,autumn32@example.net,Erik,Petty,25.0,Other,Canada,New Brunswick,Kylechester,Basic,2023-09-12,True,20.19,Gaming Console,,2023-09-16 12:43:55.870555
user_05603,goldenkristopher@example.net,Amanda,Simmons,28.0,Male,USA,Ohio,Fosterview,Premium,2025-05-31,True,29.8,Mobile,6.0,2023-10-04 03:43:01.416107
user_05610,tracy68@example.org,Madison,Holland,22.0,Male,USA,Georgia,Meltonborough,Premium,2025-03-23,True,11.0,Tablet,3.0,2024-07-02 14:47:22.657253
user_05611,jamesthomas@example.com,Laura,Morrow,26.0,Other,USA,Washington,New Thomas,Basic,2024-08-10,True,12.33,Gaming Console,3.0,2024-06-21 04:38:32.967077
user_05614,qsanchez@example.net,Mark,Johnson,18.0,Male,USA,Wisconsin,Jessicafurt,Premium,2023-02-07,True,47.47,Mobile,1.0,2024-11-13 11:07:13.166016
user_05620,michelle89@example.org,Russell,Taylor,28.0,,Canada,Alberta,Anthonyside,Standard,2024-05-08,False,,Smart TV,3.0,2023-12-18 03:29:39.112900
user_05630,matthewjenkins@example.org,Paul,Smith,27.0,Male,USA,Missouri,East Davidport,Premium+,2024-10-31,True,,Laptop,2.0,2024-11-16 09:47:28.687987
user_05634,kimberlymarks@example.com,Rebekah,Hines,23.0,Female,USA,Massachusetts,North Alicialand,Basic,2024-06-15,True,41.17,Smart TV,4.0,2022-08-12 12:18:22.776496
user_05649,norrisryan@example.net,Jill,Bradley,27.0,Female,USA,Pennsylvania,Port Samantha,Premium,2025-06-25,True,36.06,Desktop,1.0,2024-09-15 15:58:45.149410
user_05651,hannah80@example.org,Robert,Freeman,28.0,Female,Canada,Quebec,North Alex,Premium+,2024-07-12,False,22.4,Mobile,5.0,2023-04-28 04:42:59.093309
user_05653,westkrista@example.net,Christopher,Brooks,30.0,Male,Canada,Newfoundland and Labrador,South Tina,Basic,2024-07-30,True,22.25,Desktop,1.0,2023-10-03 07:13:21.490687
user_05655,curtisgentry@example.net,Kelly,Mendoza,27.0,Female,USA,North Carolina,New Patriciaport,Basic,2023-08-11,True,24.31,Mobile,1.0,2024-09-05 06:01:21.231714
user_05666,kimberly25@example.org,David,Blackwell,22.0,Male,Canada,Manitoba,South Catherinestad,Premium+,2025-05-05,True,23.69,Mobile,5.0,2023-05-09 10:20:17.167040
user_05675,palmerjermaine@example.org,Arthur,Norman,18.0,Prefer not to say,USA,New York,Greenton,Basic,2023-06-15,True,17.1,Laptop,2.0,2024-06-26 01:42:40.568056
user_05679,shawntaylor@example.com,Brandon,Lawrence,27.0,Male,USA,Georgia,North Chadside,Standard,2022-10-24,True,34.45,Mobile,3.0,2023-05-08 12:56:16.263514
user_05681,doughertysharon@example.net,Elizabeth,Fischer,20.0,Female,USA,Arizona,Lake Thomasfort,Basic,2024-12-25,True,6.23,Laptop,4.0,2022-11-05 05:24:23.823667
user_05683,hamiltondavid@example.org,Brittany,Garcia,29.0,Female,Canada,Manitoba,Lake Penny,Basic,2023-04-05,True,,Gaming Console,3.0,2025-02-23 19:09:15.614588
user_05685,klong@example.org,Melissa,Hodge,30.0,Male,USA,California,Bradleyborough,Standard,2023-10-28,True,5.24,Tablet,3.0,2024-03-22 05:16:37.895048
user_05695,wgomez@example.net,Sharon,Flores,28.0,Female,USA,Tennessee,Lake Roy,Standard,2025-04-03,True,2.27,Desktop,2.0,2025-03-06 04:22:46.526107
user_05706,harrissandra@example.net,Wendy,Lopez,18.0,Prefer not to say,Canada,Prince Edward Island,Obrienchester,Standard,2024-07-26,True,,Desktop,,2023-03-05 08:57:13.775079
user_05707,lthomas@example.net,Randy,Roberts,19.0,Female,USA,Ohio,Murphyborough,Premium,2024-04-04,False,14.24,Desktop,3.0,2022-09-08 00:56:09.365779
user_05711,sowen@example.org,Christopher,Aguirre,20.0,Female,Canada,Ontario,South Marcofort,Basic,2023-08-10,True,5.76,Smart TV,5.0,2024-06-07 03:25:47.048493
user_05715,amanda61@example.org,Patrick,Thompson,21.0,,USA,Wisconsin,West Rebecca,Basic,2023-10-06,True,23.85,Laptop,2.0,2022-11-07 04:16:10.519861
user_05716,millersusan@example.org,Mary,Lawrence,19.0,Male,USA,Missouri,East Megantown,Premium,2023-07-16,True,15.49,Tablet,,2024-12-22 12:44:52.730526
user_05720,xwright@example.com,Patricia,Pace,29.0,Female,USA,Maryland,Trevorbury,Standard,2024-09-22,True,,Desktop,2.0,2024-08-31 06:21:59.200527
user_05721,uturner@example.com,Stephanie,Huff,22.0,Female,USA,Arizona,Jacobchester,Standard,2024-10-21,True,39.18,Desktop,2.0,2025-07-16 06:36:48.428757
user_05725,eugene98@example.org,Kimberly,Davis,26.0,Male,USA,New Jersey,West Jonathan,Basic,2023-01-02,True,18.17,Tablet,4.0,2023-03-02 02:07:43.575527
user_05726,scottcoleman@example.net,Seth,Choi,22.0,Male,Canada,Ontario,Charlesborough,Premium,2022-12-07,True,13.42,Mobile,5.0,2024-10-28 21:41:16.352043
user_05732,gaustin@example.com,Kathleen,Gray,27.0,Male,USA,Massachusetts,East Garrettville,Premium+,2024-12-19,True,3.92,Desktop,4.0,2024-03-07 06:15:39.946012
user_05734,ryanrivera@example.org,Jon,Potter,27.0,Female,Canada,Alberta,East Johnton,Standard,2024-11-07,False,5.64,Mobile,,2022-09-20 06:25:21.747614
user_05735,jenniferharris@example.net,Damon,Moss,29.0,Male,USA,Indiana,North Vickie,Standard,2022-12-29,True,9.91,Tablet,5.0,2024-05-23 21:32:47.502059
user_05736,trubio@example.org,Alexandra,Hernandez,27.0,Female,USA,Massachusetts,Leehaven,Premium,2023-12-30,True,8.15,Gaming Console,2.0,2023-07-14 15:08:50.335015
user_05740,romeroluis@example.org,Amanda,Adkins,27.0,Other,USA,Michigan,Port Ronald,Basic,2024-07-18,True,18.7,Desktop,8.0,2023-08-22 20:29:49.968771
user_05743,walterkathryn@example.org,Randy,Wright,29.0,Male,Canada,Alberta,Hollandmouth,Basic,2022-09-02,True,14.49,Smart TV,2.0,2024-04-07 05:30:59.848233
user_05753,evillarreal@example.org,Lorraine,Turner,29.0,,USA,Virginia,Nicholasstad,Premium+,2025-01-27,True,9.7,Laptop,4.0,2023-08-23 02:47:47.333508
user_05763,donaldbrown@example.net,Erica,Kerr,22.0,Female,USA,Pennsylvania,Port Frederick,Standard,2024-07-22,False,14.73,Laptop,4.0,2025-07-07 02:15:02.586464
user_05766,debrafranco@example.org,Samantha,Moore,30.0,,Canada,Nova Scotia,Charlesburgh,Standard,2025-01-03,True,6.78,Smart TV,,2023-03-04 11:57:46.812010
user_05767,jfitzpatrick@example.com,Carlos,Sharp,27.0,Female,USA,New Jersey,Port Stacyfort,Standard,2023-12-19,True,12.84,Mobile,2.0,2023-09-25 15:25:42.378152
user_05772,smithjamie@example.net,Candice,Smith,29.0,Prefer not to say,USA,Florida,Veronicaport,Basic,2023-02-18,True,7.39,Smart TV,4.0,2023-07-28 21:07:30.841328
user_05774,priscillachen@example.net,Jodi,Harris,28.0,Female,USA,Massachusetts,Carrillomouth,Standard,2023-11-14,True,1.78,Smart TV,,2023-05-31 04:07:41.392652
user_05775,ugordon@example.net,Elizabeth,Norton,30.0,Female,USA,Maryland,North Bethany,Basic,2023-11-13,True,3.83,Desktop,2.0,2022-09-16 22:29:37.261747
user_05787,shannonsharp@example.org,Christopher,Salinas,28.0,Male,USA,Texas,North Russell,Standard,2024-09-27,True,30.73,Laptop,3.0,2023-02-27 19:29:05.650025
user_05788,michaelbrown@example.org,Eric,Mcbride,24.0,Other,USA,Florida,New Derrick,Standard,2025-01-11,True,21.07,Mobile,6.0,2023-12-31 02:44:26.461726
user_05801,tracywilliams@example.org,Gary,Morgan,18.0,Female,USA,Washington,West Catherineland,Premium+,2022-08-25,True,20.65,Desktop,5.0,2023-06-15 15:43:05.222459
user_05805,erica13@example.org,Kayla,Harvey,28.0,Male,USA,Wisconsin,Jonesmouth,Standard,2022-10-03,True,10.29,Desktop,6.0,2025-07-12 16:04:46.284671
user_05813,timothy28@example.net,Sandra,Goodman,21.0,Female,USA,Missouri,New Michelle,Standard,2024-07-24,True,16.89,Laptop,1.0,2022-12-11 16:34:34.286915
user_05815,khill@example.com,Hannah,Hutchinson,18.0,Male,USA,Ohio,West Christineberg,Standard,2023-01-10,True,2.1,Smart TV,1.0,2024-06-20 21:46:10.304894
user_05817,rebeccasimpson@example.org,Sarah,Le,29.0,Male,USA,Georgia,East Justinborough,Premium,2022-08-22,True,36.13,Gaming Console,2.0,2022-10-16 10:10:44.574097
user_05822,beckkathryn@example.com,Kimberly,Simpson,30.0,,USA,Georgia,Hillchester,Premium,2024-11-29,True,35.0,Desktop,4.0,2024-04-18 11:22:37.019116
user_05823,conraddavid@example.net,Matthew,Pace,28.0,Female,USA,North Carolina,Toddfurt,Basic,2022-09-22,True,393.56,Mobile,3.0,2024-03-11 14:40:52.202366
user_05824,brandon84@example.com,Michael,Hawkins,27.0,Male,USA,Washington,Andreastad,Premium,2023-01-21,True,43.8,Tablet,,2023-10-31 07:37:29.213480
user_05840,uhill@example.net,Tara,Davis,25.0,,Canada,Ontario,East Melissaside,Standard,2025-06-21,True,6.35,Tablet,3.0,2025-01-10 07:33:15.755643
user_05844,hkemp@example.com,Amanda,Perez,30.0,Male,USA,New Jersey,Lake Andrew,Premium,2024-03-07,False,4.7,Desktop,4.0,2024-10-19 13:18:56.116672
user_05850,heather22@example.com,Rebecca,Morrow,20.0,Male,USA,Virginia,Robinsonport,Basic,2022-09-18,True,3.09,Gaming Console,3.0,2024-02-26 23:22:14.661926
user_05852,sherri07@example.net,Doris,Taylor,27.0,Female,USA,Washington,Catherinefort,Premium,2022-10-29,True,30.4,Gaming Console,,2025-07-27 02:25:47.431604
user_05854,anthonysims@example.net,Tonya,Rodriguez,21.0,Male,USA,Tennessee,South Margaret,Basic,2024-05-10,True,8.96,Desktop,4.0,2023-09-04 00:07:16.964279
user_05858,sfarrell@example.org,Chloe,Townsend,25.0,Male,Canada,Alberta,Lisaland,Standard,2024-04-21,True,7.55,Laptop,6.0,2024-04-17 15:13:51.974174
user_05859,khiggins@example.org,Jonathon,Solomon,18.0,Male,Canada,Nova Scotia,South Steven,Premium,2023-06-16,True,11.05,Smart TV,4.0,2024-06-26 22:36:34.432342
user_05861,danarogers@example.org,Anthony,Patterson,28.0,,Canada,Saskatchewan,Evansport,Premium+,2023-08-12,True,4.66,Laptop,5.0,2024-04-19 18:12:04.969998
user_05863,rita08@example.org,John,Clark,25.0,Male,USA,Texas,Ramosmouth,Premium+,2025-04-30,True,9.17,Gaming Console,2.0,2024-06-27 06:38:34.967517
user_05864,fletcherlaura@example.com,Rebecca,Chandler,22.0,Female,Canada,Nova Scotia,Port Megan,Basic,2022-09-25,True,15.46,Mobile,4.0,2024-08-04 05:02:35.576673
user_05872,jenniferjones@example.org,Jonathan,Nguyen,18.0,Female,Canada,Nova Scotia,New Allisonburgh,Basic,2024-06-28,True,33.18,Mobile,3.0,2023-02-22 04:53:42.639338
user_05885,msmith@example.net,Caitlyn,Spencer,18.0,Female,USA,New York,South Jesseberg,Standard,2025-05-24,True,3.12,Gaming Console,4.0,2024-07-12 00:20:38.183075
user_05888,patricia21@example.com,Julie,Romero,27.0,Female,Canada,Alberta,East Leslietown,Premium,2024-10-11,True,13.24,Desktop,4.0,2022-09-21 19:01:24.691383
user_05892,collinsgina@example.org,Latoya,Hoffman,28.0,Male,USA,Florida,Barbarahaven,Standard,2025-06-16,True,24.38,Tablet,1.0,2024-06-18 15:08:55.642276
user_05895,cbutler@example.net,Ryan,Jensen,20.0,Female,USA,Maryland,East Richardside,Premium,2023-06-26,True,48.98,Gaming Console,2.0,2023-10-24 08:59:58.539691
user_05897,carrjoshua@example.org,John,King,19.0,Male,Canada,Newfoundland and Labrador,Markberg,Premium,2022-09-27,True,27.41,Smart TV,4.0,2023-01-19 22:23:20.609889
user_05901,ayersgabriel@example.com,Gabriella,Soto,29.0,Female,USA,Wisconsin,South Sarahborough,Standard,2024-04-01,True,40.39,Desktop,,2024-06-27 02:52:03.546463
user_05906,david68@example.net,Daniel,West,24.0,Female,USA,California,South Christinafurt,Basic,2023-11-13,True,2.3,Laptop,1.0,2023-08-17 09:59:59.442735
user_05908,lucaskrista@example.com,Raymond,Gilbert,30.0,Male,Canada,New Brunswick,Port Jessicafurt,Premium,2023-01-22,True,31.12,Desktop,2.0,2023-12-26 08:42:03.067200
user_05909,anne83@example.com,Mary,Patel,27.0,Male,Canada,Alberta,Fisherburgh,Basic,2025-01-14,True,17.46,Laptop,1.0,2024-02-21 02:11:06.589762
user_05915,wvaldez@example.net,Paul,Perry,29.0,Male,Canada,Nova Scotia,Elizabethton,Premium,2024-04-12,True,19.06,Tablet,2.0,2023-10-30 15:36:23.344787
user_05916,rebekah04@example.org,Jennifer,Torres,25.0,Female,USA,New Jersey,Robertview,Standard,2023-07-11,True,9.28,Desktop,,2023-04-26 03:33:59.548312
user_05920,ortizaudrey@example.org,Wendy,Lynch,20.0,Other,USA,North Carolina,East Eric,Basic,2025-06-15,True,9.98,Laptop,2.0,2023-08-21 20:53:00.598819
user_05932,emurray@example.com,Robert,Potter,26.0,Female,USA,North Carolina,West Ryan,Basic,2024-03-27,False,9.36,Mobile,5.0,2024-11-17 11:02:34.135278
user_05939,aprilclayton@example.com,Tamara,Lawrence,30.0,Female,Canada,Nova Scotia,Stoneland,Premium,2023-01-10,True,3.55,Mobile,1.0,2025-05-29 14:37:44.495687
user_05946,charlesjackson@example.net,Lynn,Norton,18.0,Other,USA,New York,West Kelly,Premium+,2022-08-22,True,6.56,Desktop,,2023-08-10 19:31:17.995696
user_05947,millermatthew@example.org,Jennifer,Sandoval,19.0,Other,USA,Maryland,North Donna,Standard,2024-02-04,True,3.41,Gaming Console,4.0,2023-03-10 12:10:13.298417
user_05950,clarkmatthew@example.com,Jennifer,Lopez,18.0,,USA,Virginia,Rodriguezbury,Standard,2024-02-29,True,1.13,Gaming Console,,2025-05-04 22:32:02.235933
user_05953,bpetersen@example.org,John,Martinez,23.0,Male,USA,Georgia,West Davidview,Standard,2022-08-30,True,23.63,Mobile,,2025-07-17 12:34:04.981867
user_05956,aliciali@example.org,Christopher,Robinson,30.0,Prefer not to say,Canada,Manitoba,Courtneyhaven,Premium,2024-01-26,True,9.52,Laptop,7.0,2023-06-09 15:39:43.172393
user_05959,kelsey73@example.org,Kristen,Malone,28.0,Other,USA,Maryland,Hendersonville,Basic,2023-02-12,True,,Gaming Console,3.0,2023-10-20 15:11:26.636867
user_05962,andresobrien@example.com,Christopher,Bennett,25.0,Female,Canada,Nova Scotia,Port Gabrielleberg,Standard,2024-03-04,True,,Desktop,3.0,2025-03-26 10:14:12.163660
user_05966,christopherwilliams@example.com,Vincent,Wright,25.0,Male,USA,Pennsylvania,Lisaport,Standard,2024-11-29,True,6.79,Mobile,6.0,2025-01-23 17:49:04.721962
user_05976,jennifermays@example.org,Cory,Miller,30.0,Female,USA,Florida,South Reginaldshire,Premium,2025-05-30,True,6.36,Desktop,,2024-01-27 08:02:35.342166
user_05978,brianamckinney@example.com,Rodney,Robbins,23.0,Female,USA,New York,West Jasmineview,Standard,2025-02-21,True,11.43,Laptop,7.0,2025-04-26 17:21:56.456518
user_05981,aclark@example.org,Douglas,Moore,19.0,Female,USA,New Jersey,Port Angela,Premium+,2024-01-06,True,18.15,Mobile,1.0,2025-05-18 08:27:45.471778
user_05986,rodriguezgregory@example.net,Julia,Hill,18.0,Male,USA,Washington,Port Jessicastad,Basic,2024-03-06,False,6.41,Gaming Console,2.0,2024-07-27 05:46:26.183503
user_05987,jessicawilson@example.net,Andrew,Watson,25.0,Female,USA,Pennsylvania,Amandaton,Premium,2024-02-23,True,4.87,Tablet,3.0,2024-08-14 15:32:09.169899
user_05994,marybrown@example.com,Joshua,Anderson,20.0,Female,Canada,Newfoundland and Labrador,Elizabethfort,Premium,2024-10-05,True,12.67,Desktop,3.0,2024-11-01 01:11:56.298918
user_06000,hollanddarrell@example.com,Laurie,Austin,27.0,Male,USA,California,Smithbury,Standard,2023-01-14,True,,Gaming Console,5.0,2023-06-30 04:57:59.279215
user_06001,sarahgilmore@example.net,William,King,21.0,Female,USA,Texas,New Alanport,Standard,2024-06-01,True,18.9,Smart TV,7.0,2025-05-23 11:36:59.814999
user_06003,cameronhogan@example.org,Vincent,Morrison,20.0,Female,Canada,Ontario,Mitchellville,Basic,2025-06-09,True,12.4,Laptop,2.0,2024-10-31 10:58:05.195048
user_06014,dylanmcknight@example.com,Kevin,Smith,27.0,Female,USA,Pennsylvania,North Melanie,Standard,2025-03-24,True,,Laptop,6.0,2022-12-10 19:46:48.442651
user_06015,coxantonio@example.org,Jill,Reed,25.0,Male,Canada,Alberta,Josefurt,Standard,2023-07-03,False,28.18,Smart TV,6.0,2024-02-17 00:42:49.924518
user_06022,annettenorris@example.com,Justin,Pacheco,30.0,Female,Canada,Saskatchewan,Port Michealmouth,Basic,2024-03-04,True,15.1,Gaming Console,1.0,2023-01-04 21:53:41.389810
user_06025,lerickson@example.com,Brittany,Payne,29.0,Male,USA,Missouri,Mclaughlinborough,Standard,2022-10-10,True,,Tablet,1.0,2023-05-03 07:34:47.764120
user_06028,ylopez@example.com,Sarah,Little,25.0,Female,USA,Wisconsin,Millerhaven,Premium,2025-06-23,False,,Laptop,,2022-11-11 22:25:56.264882
user_06030,josephbenjamin@example.org,Kim,Drake,20.0,Male,Canada,Quebec,Port Nancystad,Basic,2024-11-17,True,25.47,Mobile,,2024-04-03 12:33:06.289597
user_06034,alan29@example.com,Tammy,Price,18.0,,USA,North Carolina,New Sandybury,Standard,2025-04-29,True,35.07,Desktop,4.0,2024-10-28 10:07:43.573616
user_06035,bryanwatson@example.net,Scott,Rodriguez,26.0,Female,USA,Michigan,Joneshaven,Premium,2024-05-28,True,9.45,Laptop,1.0,2023-03-22 20:07:26.283168
user_06036,walkerryan@example.org,Kayla,Whitney,23.0,,USA,Virginia,Wadetown,Standard,2023-05-19,True,,Desktop,1.0,2022-10-14 10:06:33.552500
user_06038,lmiller@example.com,Adrian,Cobb,22.0,Male,USA,Indiana,Duffyborough,Standard,2025-02-21,False,16.46,Desktop,3.0,2023-02-27 21:05:55.922915
user_06040,matthewthompson@example.org,Scott,Carroll,20.0,Female,Canada,New Brunswick,East Taraville,Premium,2022-12-28,True,,Desktop,6.0,2023-10-09 22:55:31.025160
user_06045,david96@example.net,Jordan,Leblanc,20.0,Male,USA,Massachusetts,Crosstown,Premium,2022-10-30,False,8.9,Mobile,6.0,2022-09-03 17:56:36.492953
user_06046,nicole63@example.com,Crystal,Rivera,28.0,Male,USA,Arizona,Port Keith,Basic,2024-12-30,False,8.57,Gaming Console,1.0,2023-05-29 20:53:52.376927
user_06048,gmurphy@example.org,Jillian,Horne,30.0,Female,USA,Illinois,South Wendyland,Premium,2023-04-29,True,20.43,Laptop,1.0,2023-01-18 03:51:55.669666
user_06051,angela34@example.net,Derek,Munoz,24.0,Male,USA,Georgia,Port Sarah,Premium,2022-08-17,False,24.07,Tablet,2.0,2024-09-05 11:11:03.332726
user_06054,emalone@example.net,Jason,Johnson,30.0,Female,USA,North Carolina,Martinhaven,Basic,2025-07-14,True,6.46,Desktop,1.0,2023-04-19 00:53:16.778915
user_06055,rhunt@example.com,Derek,Klein,19.0,Female,Canada,Nova Scotia,East Kellymouth,Standard,2023-11-07,True,16.83,Smart TV,5.0,2024-08-17 21:07:47.530690
user_06056,stevengarcia@example.com,David,Armstrong,26.0,Male,USA,Virginia,Jenkinston,Premium,2024-10-29,True,14.52,Mobile,3.0,2024-04-30 03:45:43.838323
user_06057,jerrygreen@example.net,Cole,Alvarez,20.0,Male,USA,Wisconsin,Thomastown,Premium,2023-04-20,False,24.89,Tablet,3.0,2023-01-22 14:07:35.816166
user_06060,lreese@example.net,Jeremy,Johnson,20.0,Male,USA,New York,West Sarah,Premium,2023-02-16,True,9.7,Laptop,2.0,2023-12-07 23:54:41.720153
user_06061,jameswallace@example.net,Michael,Johnson,29.0,Male,USA,Arizona,Port Bonniemouth,Standard,2023-07-15,False,12.53,Desktop,2.0,2023-11-04 15:57:34.535525
user_06068,angelica17@example.com,Jared,Warren,22.0,Other,USA,Virginia,South Stevenshire,Standard,2024-12-11,True,19.67,Mobile,2.0,2024-11-04 17:38:06.256352
user_06070,carla79@example.org,Linda,Blair,25.0,Female,USA,Georgia,Hallshire,Premium,2022-12-08,True,5.92,Smart TV,,2023-04-06 13:28:27.573519
user_06078,matthew63@example.net,Henry,Keller,22.0,Male,USA,Texas,North Aaronmouth,Standard,2024-08-23,True,18.54,Smart TV,2.0,2024-03-11 16:38:38.499749
user_06083,vanessa68@example.org,Ann,Wilson,27.0,Male,Canada,Ontario,South Margaretstad,Premium,2023-08-18,False,17.61,Desktop,3.0,2025-01-04 17:11:01.443310
user_06088,david57@example.org,Kurt,Davis,25.0,Female,Canada,Ontario,Andreaside,Premium,2025-03-03,True,7.3,Laptop,4.0,2023-01-04 19:58:58.087234
user_06092,afrost@example.org,Thomas,Hendrix,23.0,Female,Canada,Ontario,Kimbury,Standard,2024-11-17,True,9.14,Mobile,2.0,2025-07-11 14:58:25.294112
user_06095,mcclurerobert@example.net,Anthony,Webster,27.0,Male,USA,Arizona,South Ericbury,Standard,2024-04-25,True,9.49,Laptop,1.0,2024-12-24 23:37:00.172316
user_06100,michael81@example.net,James,Brooks,28.0,Female,Canada,Prince Edward Island,Atkinsshire,Standard,2023-09-09,True,10.56,Desktop,2.0,2024-01-07 22:08:54.667824
user_06103,nathan28@example.org,Renee,Wells,30.0,Male,USA,Georgia,Hansonfort,Standard,2023-08-14,True,2.31,Laptop,1.0,2024-05-23 18:45:15.174921
user_06107,ashleymiller@example.net,Jesse,Jones,30.0,Male,USA,New York,Roberttown,Standard,2024-08-02,True,4.56,Tablet,2.0,2024-12-06 09:53:23.234164
user_06109,gina97@example.net,Anne,Watson,23.0,Male,Canada,Newfoundland and Labrador,Changburgh,Basic,2023-07-27,True,9.48,Desktop,,2023-02-23 04:03:30.640586
user_06110,wgonzalez@example.net,Lisa,Li,26.0,Male,USA,Pennsylvania,South Davidside,Premium,2024-07-15,True,21.1,Laptop,3.0,2023-03-30 07:41:15.040145
user_06111,ericmay@example.org,Emily,Blair,27.0,Male,USA,Michigan,North Stevenport,Premium,2023-06-15,True,15.58,Laptop,,2023-03-22 09:22:57.048638
user_06113,thompsonmatthew@example.net,Amy,Martin,30.0,Female,USA,Washington,Tinamouth,Standard,2024-01-21,True,14.99,Laptop,2.0,2024-07-08 22:56:00.980571
user_06120,isantana@example.net,Alan,Griffin,26.0,Male,Canada,Saskatchewan,South Tamara,Standard,2023-02-15,False,23.32,Mobile,,2024-11-26 07:36:28.626426
user_06138,pamela28@example.com,Danielle,Scott,25.0,Male,USA,California,Osbornechester,Premium,2025-04-06,True,20.14,Laptop,2.0,2023-02-18 18:42:49.882246
user_06146,burgessbrooke@example.org,Michael,Stafford,29.0,Male,USA,North Carolina,Rileyfort,Premium,2023-07-31,True,2.37,Smart TV,2.0,2023-10-25 13:51:41.834378
user_06149,katelyndavis@example.org,Christopher,Mcneil,22.0,Female,Canada,New Brunswick,South Chloe,Premium,2023-01-02,True,15.91,Smart TV,4.0,2023-05-04 21:27:49.968526
user_06157,pgarcia@example.net,Francisco,Lewis,19.0,Other,USA,Tennessee,South Michelle,Standard,2022-09-05,True,11.88,Gaming Console,5.0,2023-11-22 13:55:37.231425
user_06158,dsanders@example.com,Dean,Torres,29.0,,USA,New Jersey,Randyborough,Standard,2024-03-16,True,,Laptop,,2022-09-14 20:46:06.919477
user_06167,debra31@example.com,Melissa,Johnson,22.0,,USA,Illinois,Davistown,Premium,2025-04-27,True,30.85,Laptop,2.0,2023-12-22 12:38:00.430379
user_06170,yolandaperry@example.com,Sherry,Stewart,26.0,Female,USA,Wisconsin,South Paigeton,Standard,2023-06-10,True,,Gaming Console,2.0,2022-09-24 16:38:00.713779
user_06175,hwilson@example.com,Emily,Booth,23.0,Male,USA,Illinois,Lake Christopher,Standard,2022-12-11,True,19.78,Tablet,5.0,2023-10-16 20:42:35.974449
user_06178,kevin78@example.net,Brandon,Jones,30.0,Female,USA,Wisconsin,North Meganmouth,Premium,2023-05-05,False,6.28,Gaming Console,6.0,2024-11-16 01:45:01.645117
user_06179,samanthagutierrez@example.org,Eric,Shannon,24.0,Female,USA,Massachusetts,South Tammymouth,Basic,2024-01-25,True,27.92,Tablet,,2024-05-17 18:49:00.252445
user_06180,tmiller@example.net,Megan,Hill,18.0,,USA,California,Thomasburgh,Standard,2024-03-29,True,17.22,Desktop,2.0,2024-11-05 00:59:27.814371
user_06184,coxlisa@example.com,William,Clark,23.0,Male,USA,Missouri,Williamport,Premium,2024-08-02,True,17.81,Tablet,3.0,2024-08-21 16:56:14.831626
user_06194,claire63@example.net,Leah,Fox,29.0,Female,USA,Michigan,West Shawntown,Premium+,2025-04-10,True,,Desktop,2.0,2024-02-19 12:47:28.182652
user_06196,xcameron@example.net,Benjamin,Kennedy,25.0,Prefer not to say,USA,Indiana,West Michael,Standard,2023-05-30,True,12.5,Mobile,,2023-07-17 06:38:29.087108
user_06198,vgarcia@example.net,Karen,Gonzalez,29.0,Male,USA,Ohio,Weavermouth,Standard,2025-02-16,True,11.65,Smart TV,,2023-05-10 17:04:15.056640
user_06209,kbrown@example.net,Tiffany,Graham,27.0,Female,Canada,British Columbia,Deniseview,Standard,2023-10-11,True,4.82,Smart TV,2.0,2024-12-24 06:05:39.307303
user_06210,sarah47@example.com,Tiffany,Ortiz,19.0,Male,USA,Florida,New Trevorfort,Premium+,2024-06-23,True,13.04,Gaming Console,3.0,2023-12-20 14:00:44.608405
user_06212,johnsonmorgan@example.net,Stephanie,Christian,28.0,,Canada,Nova Scotia,North Karenbury,Basic,2024-01-01,True,,Mobile,6.0,2023-11-11 00:28:52.129113
user_06220,econner@example.com,Joshua,Lane,28.0,Male,USA,Illinois,Patrickstad,Basic,2022-10-09,False,25.55,Laptop,3.0,2025-07-24 01:47:27.290791
user_06222,howelljames@example.com,Sharon,Torres,30.0,Prefer not to say,USA,California,Port Annette,Premium+,2024-11-04,True,4.46,Mobile,1.0,2024-02-06 11:15:09.670137
user_06229,johnathan10@example.net,Rachel,Warren,27.0,Male,USA,Georgia,South Joshua,Standard,2025-02-08,False,37.38,Mobile,2.0,2025-02-28 16:54:09.897193
user_06233,cschmidt@example.com,Elizabeth,Mcmahon,24.0,Male,USA,New Jersey,South Virginia,Premium,2024-07-07,True,21.85,Smart TV,1.0,2022-10-09 06:25:26.456445
user_06234,rogersjohn@example.net,Robert,Davis,23.0,Male,USA,Pennsylvania,South Sherri,Premium,2023-02-17,False,15.76,Laptop,2.0,2023-11-17 03:36:29.180861
user_06243,brewercarrie@example.net,Daniel,Rice,18.0,Female,USA,New York,Moorefort,Standard,2024-09-11,True,4.23,Gaming Console,2.0,2024-09-01 06:38:33.813422
user_06248,tgilmore@example.net,Christina,Barnes,21.0,Other,Canada,Nova Scotia,Calebbury,Standard,2023-01-12,True,25.26,Mobile,6.0,2024-10-10 19:16:21.136228
user_06250,jeffery98@example.com,Loretta,Sanchez,30.0,Prefer not to say,Canada,Newfoundland and Labrador,Port Angelica,Standard,2023-07-17,True,,Desktop,3.0,2024-02-24 07:06:21.521074
user_06256,qgreer@example.org,Carl,Malone,25.0,Male,USA,Georgia,Michellestad,Premium+,2022-10-15,False,28.69,Mobile,4.0,2023-10-31 18:21:04.066877
user_06258,tombrown@example.org,Ashley,Nguyen,19.0,Female,USA,Maryland,Jonesstad,Basic,2025-06-15,True,15.39,Desktop,3.0,2022-08-22 19:12:24.438442
user_06259,nmcneil@example.com,Steve,White,18.0,Female,Canada,Nova Scotia,New Courtneyburgh,Premium,2023-04-20,True,20.96,Desktop,,2022-12-14 22:06:04.130173
user_06262,kimberlybailey@example.net,Shannon,Camacho,23.0,Female,USA,New Jersey,South John,Standard,2023-04-02,False,,Mobile,2.0,2025-05-24 20:30:12.668382
user_06265,jenniferanderson@example.org,Jacqueline,Jacobs,28.0,Female,Canada,Manitoba,North Kristin,Premium+,2025-07-14,True,23.64,Desktop,4.0,2024-05-09 19:10:57.682323
user_06266,andersonjoseph@example.net,Latasha,Lucas,22.0,Female,Canada,British Columbia,West Lukebury,Standard,2023-07-09,True,12.92,Mobile,1.0,2022-10-07 02:50:05.637208
user_06271,elopez@example.com,Laura,Wilson,28.0,Male,USA,Arizona,Andrewville,Premium+,2025-03-03,True,15.23,Smart TV,3.0,2024-09-07 11:45:50.987427
user_06281,shawntyler@example.com,Thomas,Savage,27.0,Female,USA,Illinois,North Sylvia,Premium,2023-09-17,False,10.82,Smart TV,3.0,2024-06-05 18:46:12.323350
user_06288,millerfrank@example.net,James,Andrade,23.0,Female,USA,New Jersey,Adkinston,Basic,2025-03-23,True,39.2,Tablet,,2025-05-09 22:17:15.601834
user_06290,harrissara@example.net,Roberta,Clarke,23.0,Female,USA,Tennessee,Port Dannybury,Premium,2025-04-03,True,11.14,Mobile,8.0,2022-08-23 17:56:58.677995
user_06293,elizabeth90@example.net,Angela,Stewart,26.0,Male,Canada,Ontario,Port Danielton,Premium,2024-05-11,False,4.95,Laptop,4.0,2022-12-31 00:35:51.173470
user_06298,suarezashley@example.net,Stephanie,Nichols,21.0,Male,Canada,British Columbia,Wandaborough,Basic,2025-04-11,True,18.27,Tablet,4.0,2023-07-04 16:16:28.516974
user_06299,daviscourtney@example.net,Sarah,Bernard,29.0,Female,USA,Massachusetts,Nicholsonfort,Standard,2023-06-25,True,12.3,Tablet,3.0,2023-02-04 20:48:18.385853
user_06302,ajackson@example.com,Brett,Brown,23.0,Other,USA,Illinois,Grayside,Standard,2024-01-17,True,23.7,Smart TV,4.0,2025-03-20 09:12:23.525237
user_06304,alexandra74@example.net,Candice,Cook,29.0,Male,USA,Pennsylvania,Tonyview,Standard,2025-03-18,True,8.71,Mobile,1.0,2022-10-15 23:24:38.474096
user_06321,johnsonsheryl@example.net,Michele,Atkins,26.0,Female,USA,California,Hallbury,Standard,2023-11-01,True,12.72,Mobile,1.0,2025-03-25 00:35:17.054244
user_06322,kbradford@example.com,Steven,Huffman,18.0,Male,USA,Texas,Port Laurie,Basic,2023-09-28,True,,Smart TV,1.0,2024-09-18 22:30:34.088498
user_06325,washingtonkari@example.net,Harold,Cook,22.0,Female,Canada,Saskatchewan,Oliviafort,Premium,2024-12-10,True,6.78,Mobile,2.0,2025-07-01 09:21:33.821291
user_06345,valerie99@example.net,Cody,Cummings,25.0,Male,Canada,New Brunswick,New Samuel,Premium,2022-10-05,False,21.81,Desktop,2.0,2025-06-25 21:25:51.668298
user_06347,katrinaphillips@example.com,Thomas,Moore,26.0,Female,USA,Indiana,West Lindsay,Premium+,2024-07-08,True,12.36,Desktop,6.0,2025-06-22 15:18:04.611122
user_06349,nancy64@example.com,Crystal,Wall,26.0,Female,USA,Massachusetts,Emilyview,Standard,2024-06-18,True,17.13,Mobile,2.0,2022-10-07 09:35:46.126826
user_06350,ricky61@example.net,Nicholas,Smith,29.0,Male,Canada,Prince Edward Island,South Amyshire,Premium,2024-12-16,True,6.91,Laptop,2.0,2024-12-12 12:27:14.974463
user_06352,monica94@example.org,Anthony,Hill,29.0,Female,USA,Washington,West Timothy,Premium,2024-11-26,True,44.28,Tablet,2.0,2024-04-21 19:01:54.856133
user_06360,randyhayes@example.net,Marissa,Wiggins,24.0,Male,Canada,Saskatchewan,East Scottshire,Standard,2024-06-12,True,3.16,Desktop,2.0,2024-08-16 21:15:36.596498
user_06368,timothybarnett@example.net,Eric,Jones,22.0,,Canada,British Columbia,New Sarahberg,Basic,2025-01-24,True,,Gaming Console,5.0,2023-11-18 09:54:58.242083
user_06369,acostalori@example.org,Marie,Holland,29.0,Male,USA,North Carolina,Fosterhaven,Premium,2022-12-14,False,26.65,Laptop,3.0,2024-11-28 09:10:01.345336
user_06370,qbrooks@example.net,Danny,Dean,22.0,Male,USA,Virginia,Reyesview,Premium+,2024-04-25,True,10.39,Smart TV,5.0,2025-07-27 01:18:55.595233
user_06372,robertjones@example.net,Brenda,Espinoza,28.0,Male,Canada,Ontario,West Lisaberg,Standard,2023-07-07,True,26.49,Gaming Console,3.0,2023-08-28 03:45:36.319580
user_06373,nelsonkimberly@example.org,Matthew,Hancock,20.0,Male,USA,Indiana,Michaelchester,Basic,2025-07-24,True,15.59,Desktop,2.0,2025-05-18 05:18:15.470770
user_06378,washingtonjared@example.net,John,Taylor,29.0,Male,Canada,New Brunswick,Erikabury,Standard,2025-01-25,False,,Tablet,,2024-10-26 09:04:27.867515
user_06381,smithkatherine@example.com,Lisa,Sanford,22.0,Male,Canada,Alberta,North Timothy,Standard,2024-10-26,True,23.91,Smart TV,4.0,2024-06-12 19:44:05.354612
user_06382,kristin87@example.org,Pamela,Valencia,26.0,,Canada,Ontario,Morriston,Standard,2024-10-15,False,10.25,Tablet,4.0,2023-05-13 11:03:29.577240
user_06387,lthompson@example.net,Denise,Clark,28.0,Female,USA,New Jersey,Watsontown,Premium,2024-05-09,True,9.15,Tablet,2.0,2022-08-04 14:11:11.050469
user_06389,diazkayla@example.net,Tyler,Pacheco,29.0,Female,USA,Georgia,Lake Billchester,Premium+,2024-04-27,True,,Smart TV,5.0,2022-09-25 01:35:17.894846
user_06397,monicablackwell@example.com,Cindy,Hayden,25.0,Male,USA,Indiana,Lake Jeffrey,Basic,2022-11-22,False,14.7,Smart TV,3.0,2023-05-13 06:30:34.162655
user_06399,katherinehernandez@example.org,Christopher,Hood,21.0,Female,USA,Missouri,Port Ashleytown,Premium,2024-06-30,False,18.11,Laptop,2.0,2024-05-17 13:15:28.619757
user_06400,ujones@example.net,Thomas,Gordon,28.0,Female,USA,Indiana,East Heatherfurt,Premium,2024-07-18,True,17.57,Mobile,7.0,2025-01-15 09:10:34.217288
user_06404,rcopeland@example.org,Terrence,Mullins,22.0,Male,Canada,Saskatchewan,North Brian,Premium,2024-10-30,False,,Gaming Console,1.0,2024-08-04 16:13:41.726904
user_06407,bakervictoria@example.com,Marcus,Parsons,26.0,Male,Canada,British Columbia,New Jeremyview,Premium,2025-01-10,False,1.25,Gaming Console,1.0,2023-08-23 08:30:57.052557
user_06430,zacharymullins@example.net,Christine,Brown,22.0,Male,Canada,Saskatchewan,East David,Standard,2023-05-23,True,7.68,Laptop,1.0,2022-12-01 08:44:29.011862
user_06431,ifrank@example.com,Patricia,Stein,25.0,Male,USA,Texas,Petersonview,Premium,2023-03-25,True,22.17,Mobile,2.0,2023-01-25 08:19:08.686897
user_06435,danielsmith@example.org,Kayla,Johnson,19.0,Female,USA,Indiana,New Christopherbury,Standard,2025-01-16,True,8.34,Gaming Console,4.0,2024-06-19 21:21:44.882382
user_06436,jenniferramirez@example.com,Justin,Knight,29.0,Female,USA,California,Howechester,Premium,2024-01-05,True,13.3,Tablet,4.0,2023-10-27 05:27:09.108521
user_06437,whitelori@example.org,Yvonne,Miller,24.0,Female,USA,Massachusetts,Phillipsborough,Standard,2023-05-28,False,7.8,Mobile,3.0,2023-01-15 17:34:58.082824
user_06441,oliviabrock@example.org,Shawn,Brock,28.0,Female,USA,Virginia,Gregoryfurt,Premium+,2022-12-31,True,21.29,Smart TV,,2024-02-20 03:28:16.126012
user_06442,murphyadam@example.net,Paul,Oliver,29.0,Female,USA,Pennsylvania,Port Gilbertchester,Basic,2023-03-26,True,5.78,Laptop,3.0,2023-03-06 17:33:26.399469
user_06446,schmidtgregory@example.net,Andrew,Flores,29.0,Male,USA,Virginia,Mannville,Premium,2024-08-06,True,5.3,Gaming Console,2.0,2023-05-12 02:27:43.932040
user_06449,yolandadalton@example.net,Stephanie,Rangel,24.0,Prefer not to say,USA,Maryland,North Juliefurt,Premium,2024-06-09,True,386.45,Mobile,1.0,2023-08-17 18:06:11.441778
user_06451,wattsanthony@example.org,Julie,Johnson,19.0,Female,USA,California,Port Darrellburgh,Standard,2023-11-10,True,38.29,Desktop,4.0,2025-06-13 16:21:07.374055
user_06454,richardschmitt@example.com,Lance,Wong,18.0,Male,USA,Arizona,Elainemouth,Standard,2025-01-17,True,7.35,Smart TV,4.0,2022-10-02 21:43:00.634822
user_06456,carrie32@example.org,Jessica,Mckinney,27.0,Male,USA,New York,Meganmouth,Standard,2024-11-12,True,9.96,Laptop,2.0,2023-09-30 04:26:42.498266
user_06463,sjones@example.org,Rebecca,Bailey,26.0,Female,USA,Florida,Lake Catherine,Premium,2023-02-16,False,14.07,Smart TV,2.0,2023-09-13 11:19:03.825373
user_06464,lori62@example.org,Susan,Cook,22.0,Male,USA,Michigan,Russellshire,Standard,2023-06-19,False,13.86,Gaming Console,2.0,2022-11-06 23:40:58.028847
user_06465,brandonchen@example.net,Steven,Arnold,27.0,Female,Canada,Alberta,South Michele,Premium,2023-02-23,True,16.06,Smart TV,1.0,2023-06-27 23:12:49.360710
user_06469,brandon73@example.com,Robert,Smith,18.0,,USA,Georgia,Eddieview,Standard,2024-06-20,False,19.25,Smart TV,5.0,2025-03-20 17:33:21.730604
user_06473,travismaldonado@example.com,Patrick,Mitchell,21.0,Male,Canada,Manitoba,Sherryview,Premium,2023-09-01,True,11.83,Tablet,8.0,2023-03-01 11:24:23.779747
user_06480,santanastacey@example.org,Michael,Barker,19.0,Female,USA,Georgia,Judithport,Premium,2025-06-23,True,10.67,Laptop,,2024-08-30 18:27:21.928042
user_06487,krausejon@example.org,Paige,Sanchez,18.0,Male,Canada,Alberta,Alexanderfurt,Premium,2023-05-10,True,9.62,Gaming Console,1.0,2024-05-08 17:47:33.365763
user_06495,zrios@example.com,Heather,Thompson,22.0,Male,USA,Florida,Cooperside,Premium+,2024-08-13,True,,Mobile,2.0,2024-06-13 18:08:53.327444
user_06496,vmcintosh@example.org,Shannon,Kirby,26.0,Female,Canada,Ontario,Williamchester,Premium,2024-05-30,True,19.15,Mobile,,2024-02-18 14:36:38.731091
user_06501,trevorsmith@example.org,Autumn,Rodriguez,24.0,Male,USA,California,North Johnchester,Standard,2025-01-30,False,,Laptop,1.0,2022-12-14 09:07:13.376533
user_06506,jacob87@example.net,Joshua,Lopez,23.0,Male,USA,Washington,Jamesbury,Premium,2025-01-20,True,,Desktop,7.0,2025-01-04 07:00:23.546359
user_06510,brian89@example.net,Jacob,Barber,30.0,Female,USA,Washington,South Jill,Premium,2025-01-25,True,9.73,Mobile,1.0,2025-07-19 09:43:48.334083
user_06513,adamcarter@example.net,Cristina,Woods,19.0,Female,USA,Massachusetts,Heatherhaven,Standard,2024-10-23,True,5.01,Smart TV,4.0,2023-05-28 04:05:22.684476
user_06517,jessica37@example.com,Amy,Stein,24.0,Prefer not to say,USA,New York,East Davidport,Standard,2023-12-18,True,3.24,Mobile,1.0,2024-07-22 08:22:23.043838
user_06521,mboyd@example.com,Sharon,Adams,23.0,Female,Canada,New Brunswick,Kelseyborough,Standard,2023-05-01,False,54.46,Desktop,4.0,2024-02-07 02:00:53.328714
user_06522,michellemalone@example.net,Jill,Thomas,18.0,Female,USA,Tennessee,West Jamesbury,Basic,2023-02-01,True,22.47,Gaming Console,,2023-09-15 23:47:54.672806
user_06531,jennifer05@example.org,Phillip,Ramos,25.0,Female,Canada,Quebec,Lisaburgh,Standard,2025-04-05,True,18.85,Tablet,2.0,2024-07-04 14:37:23.019599
user_06544,jimmy38@example.net,Monica,Bowers,25.0,Male,USA,Illinois,Wilsonton,Premium+,2024-12-15,True,12.58,Laptop,3.0,2024-08-13 16:29:44.724290
user_06545,levysheryl@example.org,Cheyenne,Lopez,30.0,Male,Canada,Manitoba,Ayersfort,Standard,2025-01-16,True,17.98,Laptop,2.0,2025-05-19 01:10:31.240386
user_06549,christopher84@example.com,Aaron,Smith,26.0,Male,USA,Massachusetts,Christopherfort,Standard,2023-05-21,True,24.31,Tablet,2.0,2025-02-03 15:26:48.364005
user_06550,josephcollins@example.org,Victor,Morgan,24.0,Male,USA,New York,West Hunter,Standard,2023-04-15,True,20.49,Gaming Console,2.0,2025-03-09 13:30:16.927771
user_06555,jacobmclean@example.net,April,Medina,29.0,Male,USA,North Carolina,Racheltown,Premium,2024-02-22,True,4.77,Laptop,3.0,2024-11-28 15:27:20.437984
user_06556,crystal92@example.org,Kristin,Stone,21.0,Male,Canada,Manitoba,Stanleyport,Basic,2023-03-06,True,11.42,Laptop,,2022-10-24 05:05:53.415667
user_06562,cassandra48@example.com,Pamela,Thomas,22.0,Prefer not to say,USA,Illinois,Hillland,Basic,2023-09-22,True,7.18,Laptop,4.0,2025-07-26 23:24:49.443918
user_06565,qlopez@example.net,Douglas,Maldonado,27.0,Female,USA,Pennsylvania,Port Kennethchester,Basic,2022-08-19,True,13.06,Laptop,3.0,2025-03-05 23:24:06.642319
user_06566,henrytimothy@example.net,Chelsea,Gentry,26.0,Female,Canada,Prince Edward Island,Ortegaborough,Basic,2022-08-28,True,19.62,Mobile,3.0,2023-04-15 09:27:23.932295
user_06572,carterlance@example.org,Deanna,Gardner,27.0,Male,Canada,British Columbia,West Randyburgh,Premium,2024-10-26,True,10.07,Mobile,,2023-01-21 12:02:53.924914
user_06580,cwhite@example.net,Justin,Thomas,22.0,Male,USA,Ohio,Lake Christopherview,Premium,2024-04-05,False,5.94,Tablet,1.0,2024-04-02 17:57:25.802816
user_06583,matthewingram@example.com,Eric,Mcbride,29.0,Male,Canada,Quebec,Joshuachester,Standard,2025-06-16,True,28.93,Laptop,4.0,2024-01-03 15:45:29.552510
user_06589,hgreen@example.com,Raymond,Kim,20.0,Male,USA,Wisconsin,West Lauren,Premium,2022-08-21,True,21.65,Smart TV,1.0,2025-05-05 15:40:01.494641
user_06596,zwhitaker@example.com,Sheila,Park,29.0,Prefer not to say,USA,Wisconsin,Susanview,Premium,2023-10-16,True,30.08,Tablet,2.0,2023-04-30 06:13:55.664165
user_06603,gravescassandra@example.org,William,Peters,23.0,Female,Canada,Quebec,New Rhondaborough,Premium,2025-06-22,True,22.02,Gaming Console,4.0,2023-10-26 21:09:40.459901
user_06605,jenniferfoster@example.org,Justin,Holt,20.0,Male,USA,New Jersey,New Colleen,Basic,2025-03-09,True,681.21,Tablet,,2024-01-20 16:43:01.814464
user_06607,phammichelle@example.com,Michelle,Rangel,28.0,Female,USA,Maryland,Blackburnport,Basic,2024-04-13,True,31.62,Laptop,5.0,2024-07-16 09:55:56.656777
user_06621,anthonywilliams@example.com,Julie,Gray,27.0,Male,Canada,Quebec,Rodriguezberg,Standard,2023-01-12,True,13.86,Mobile,3.0,2023-10-20 15:58:17.353506
user_06622,shaffertammy@example.net,Jennifer,Hubbard,27.0,Female,USA,Ohio,West Daniellemouth,Premium,2024-05-07,True,19.86,Laptop,4.0,2023-06-12 12:43:28.661628
user_06630,tyler01@example.org,Jonathan,Little,30.0,Male,Canada,Alberta,Matthewside,Premium,2025-07-15,True,1.06,Smart TV,,2023-03-03 15:42:37.289511
user_06631,stuartsamantha@example.com,Nathan,Bautista,28.0,Female,USA,Maryland,Bryanburgh,Standard,2024-12-18,True,17.93,Smart TV,2.0,2023-06-19 17:06:18.558193
user_06638,mayobetty@example.org,Marc,Peters,25.0,Male,USA,Texas,Jodyport,Premium,2025-05-28,True,28.06,Mobile,4.0,2024-10-18 08:53:19.914948
user_06640,branchkaitlin@example.net,Justin,Turner,26.0,,Canada,Newfoundland and Labrador,Bowmanshire,Premium,2025-06-06,True,9.5,Desktop,7.0,2023-09-22 22:23:54.202444
user_06641,matthew53@example.org,Cameron,Todd,21.0,Female,USA,New Jersey,Jamesfort,Premium,2023-02-09,True,21.01,Smart TV,,2023-09-20 11:52:23.523550
user_06643,smithphillip@example.net,Megan,Schmidt,30.0,Female,Canada,Manitoba,Contreraschester,Basic,2025-03-30,False,4.05,Desktop,2.0,2023-10-10 15:29:34.343154
user_06649,garrettheather@example.net,Jamie,Lopez,23.0,Male,USA,Wisconsin,Pamelamouth,Standard,2025-04-28,True,6.41,Gaming Console,2.0,2025-02-06 08:13:51.765112
user_06650,melissa09@example.com,Lance,Pena,21.0,Male,Canada,Nova Scotia,Justinhaven,Premium,2024-04-03,True,8.19,Tablet,1.0,2022-09-26 21:49:25.803130
user_06651,pdavis@example.net,Michael,Washington,30.0,,Canada,Nova Scotia,Ericaville,Premium,2022-12-23,True,5.67,Desktop,5.0,2025-04-01 08:55:22.382121
user_06652,ravenstanley@example.com,Anthony,Perry,29.0,Male,USA,Missouri,West Paul,Basic,2024-04-18,True,26.02,Desktop,2.0,2024-06-01 15:02:42.614113
user_06653,carol25@example.net,Jasmine,Wilson,29.0,Female,USA,Texas,Youngmouth,Basic,2024-04-27,True,16.66,Smart TV,3.0,2024-12-09 11:42:11.561183
user_06655,jmontgomery@example.com,Robert,Perkins,25.0,Female,USA,Wisconsin,Mccoyport,Standard,2023-04-27,True,7.15,Tablet,4.0,2024-07-09 15:51:48.290318
user_06660,aliciaharris@example.com,Shannon,Carter,29.0,Female,Canada,Prince Edward Island,Lake Megan,Standard,2022-09-05,True,,Gaming Console,2.0,2025-03-09 19:50:12.363866
user_06667,scottstewart@example.org,Jeff,Wood,20.0,Female,USA,Washington,Hendrixstad,Premium,2024-02-20,True,22.83,Gaming Console,2.0,2022-11-25 23:17:32.153054
user_06670,anthony50@example.com,Cassandra,Aguilar,21.0,Female,Canada,British Columbia,Stricklandberg,Standard,2023-10-12,True,14.35,Tablet,1.0,2024-11-27 14:04:19.906909
user_06675,anthony08@example.org,Nicholas,May,30.0,Male,Canada,Newfoundland and Labrador,Karenmouth,Standard,2023-09-14,True,9.8,Mobile,2.0,2024-01-09 20:13:48.237868
user_06678,kaylee04@example.org,Natasha,Miller,27.0,Female,Canada,British Columbia,Guerrerofurt,Basic,2023-02-09,True,9.41,Tablet,5.0,2023-10-10 01:46:23.643680
user_06682,savagevanessa@example.org,Eric,Howard,28.0,Female,USA,Ohio,Veronicaborough,Standard,2024-01-20,True,32.6,Laptop,2.0,2025-03-20 17:54:45.354196
user_06686,micheal71@example.net,Debra,Clark,30.0,Female,USA,Georgia,Lake Amandaport,Standard,2025-05-11,True,3.73,Laptop,3.0,2023-10-02 17:09:02.038424
user_06688,susanbaker@example.net,Reginald,Johnson,28.0,Male,Canada,British Columbia,North Emily,Standard,2024-02-13,True,,Gaming Console,5.0,2023-07-04 15:47:26.999858
user_06692,kirstenchaney@example.net,Micheal,Hurst,28.0,Male,USA,Tennessee,South Chloechester,Basic,2024-03-07,True,13.84,Tablet,3.0,2023-10-23 09:45:40.648705
user_06706,kristie24@example.org,Larry,Miller,22.0,Female,USA,Washington,Michaelchester,Basic,2023-11-10,True,7.32,Mobile,2.0,2025-02-16 17:58:40.969368
user_06713,nicole23@example.com,Nicholas,Coleman,25.0,Male,Canada,Ontario,Dannybury,Standard,2024-07-28,False,13.28,Mobile,,2023-02-19 09:06:58.423197
user_06714,patricia20@example.net,Steven,Moody,30.0,Female,USA,Virginia,West Kennethtown,Premium,2024-01-05,True,8.4,Tablet,4.0,2024-08-04 01:32:57.815303
user_06716,yhill@example.com,Joel,Thompson,18.0,Male,USA,Georgia,Jimmyport,Premium+,2025-06-23,True,3.74,Mobile,3.0,2024-03-31 10:17:15.907872
user_06717,vcoleman@example.org,John,Crawford,28.0,Female,Canada,Quebec,South Justinborough,Premium,2024-12-30,True,35.52,Mobile,7.0,2023-08-28 17:35:30.739857
user_06729,tracyphillips@example.com,Charles,Wright,29.0,,USA,California,Jillton,Premium+,2023-03-06,True,7.62,Tablet,3.0,2023-09-09 18:26:15.842405
user_06736,crystal03@example.com,Curtis,Hall,25.0,Female,USA,Florida,Robertbury,Basic,2024-10-04,True,3.4,Tablet,5.0,2023-07-30 23:16:17.754037
user_06741,sheilajames@example.net,Kathy,Perez,26.0,Male,Canada,British Columbia,North Neil,Standard,2025-04-21,False,16.52,Tablet,1.0,2025-07-16 01:56:00.623347
user_06744,bpatterson@example.com,Katie,Green,27.0,Female,USA,Maryland,Mcbrideberg,Basic,2025-07-12,False,17.22,Mobile,3.0,2023-01-25 12:57:13.981845
user_06747,anthonythomas@example.com,Travis,Mendez,26.0,Male,Canada,Nova Scotia,Morganland,Premium+,2023-08-18,True,10.81,Gaming Console,,2022-11-24 06:59:48.189359
user_06750,janetmurray@example.net,Robert,Russo,21.0,,USA,Wisconsin,West John,Standard,2025-04-06,True,4.52,Smart TV,2.0,2023-06-02 16:09:50.660216
user_06751,travissingleton@example.com,Justin,Vasquez,22.0,Male,USA,California,Cynthiaport,Basic,2025-03-17,False,11.41,Laptop,3.0,2024-05-15 02:19:22.349100
user_06755,morenosharon@example.net,Hayley,Humphrey,18.0,Male,Canada,Nova Scotia,New Thomasfort,Standard,2023-11-06,True,,Mobile,2.0,2024-06-02 20:50:17.641498
user_06758,mmack@example.net,Joshua,Ross,22.0,Female,USA,Tennessee,Nathanside,Premium+,2022-08-11,True,687.17,Laptop,1.0,2024-11-24 20:20:56.701539
user_06762,richard81@example.org,Beth,Johnson,22.0,,USA,Indiana,Masonport,Basic,2024-04-02,True,4.49,Tablet,,2024-02-05 17:58:08.263061
user_06765,kkrause@example.org,Nancy,Mann,23.0,Female,USA,North Carolina,Bobbybury,Standard,2025-05-16,True,34.15,Smart TV,,2022-09-27 22:29:58.783279
user_06775,nguyenemily@example.com,Eric,Johnson,27.0,Female,Canada,Ontario,New Katrina,Standard,2024-10-26,True,3.48,Tablet,1.0,2024-06-21 12:23:17.091386
user_06778,susandickerson@example.com,Tara,Jones,30.0,Female,USA,Maryland,Amandashire,Standard,2024-04-19,True,56.36,Laptop,2.0,2024-01-30 03:00:57.367032
user_06780,thomasglenn@example.net,Michael,Ellison,26.0,Male,Canada,Alberta,Port Peter,Standard,2024-06-30,True,3.02,Laptop,1.0,2023-01-06 13:58:34.900729
user_06782,donald65@example.org,Tiffany,Stone,19.0,Female,USA,Massachusetts,Wrightport,Basic,2023-09-25,False,27.11,Mobile,8.0,2025-07-25 03:30:43.755301
user_06784,leslie08@example.com,Samuel,Ramos,30.0,Male,Canada,Newfoundland and Labrador,Calvinborough,Standard,2025-01-07,True,8.57,Desktop,,2024-02-19 13:08:25.993984
user_06791,kmcmillan@example.com,Crystal,Thompson,26.0,Female,USA,Maryland,East Kimberlyview,Premium,2023-03-18,True,7.69,Tablet,5.0,2025-01-07 05:33:01.921358
user_06793,hrobinson@example.com,Sara,Anderson,18.0,Male,USA,Texas,East Megan,Premium,2024-12-18,False,3.95,Tablet,,2024-02-18 09:09:52.763656
user_06799,dustingibson@example.org,James,Lawrence,18.0,,USA,Illinois,New Marcus,Premium,2023-10-25,True,,Laptop,7.0,2024-04-18 04:02:35.258255
user_06800,yrodgers@example.org,Timothy,Jones,22.0,Male,USA,New York,West Kevinhaven,Premium+,2023-05-23,True,18.08,Desktop,3.0,2023-10-17 13:47:55.038417
user_06802,hannah81@example.org,Brian,Robinson,24.0,Other,USA,Georgia,North Richard,Standard,2024-12-18,True,38.27,Desktop,6.0,2023-03-31 13:45:57.865606
user_06806,sanchezbetty@example.com,Christina,Reynolds,22.0,Male,USA,Pennsylvania,North Vickiland,Standard,2024-11-07,True,8.22,Tablet,2.0,2025-02-12 14:30:44.867733
user_06817,hartmanemma@example.org,Tyler,Watson,26.0,,Canada,Saskatchewan,Cookberg,Standard,2024-06-26,True,8.42,Smart TV,2.0,2022-08-15 00:41:38.241288
user_06819,alanhickman@example.org,Erica,Cox,29.0,Male,USA,Massachusetts,Lake Jon,Premium,2025-04-21,True,14.67,Tablet,2.0,2025-01-13 02:49:50.377177
user_06826,sawyerchristopher@example.net,Brandon,Davis,29.0,Female,USA,Pennsylvania,North Annaland,Premium,2024-02-20,False,,Mobile,1.0,2024-08-08 01:29:03.822351
user_06834,grantjose@example.net,Terrence,Wilkins,26.0,,USA,Florida,Murraytown,Standard,2023-06-20,False,3.81,Gaming Console,3.0,2023-12-17 03:43:03.819860
user_06837,kristengonzalez@example.net,Cody,King,20.0,Female,USA,Michigan,South Catherinefurt,Standard,2023-10-12,True,9.6,Desktop,3.0,2023-06-01 04:39:10.207597
user_06844,faith16@example.com,Heather,Patterson,25.0,Male,USA,Missouri,South Jeffery,Standard,2022-08-20,True,17.5,Laptop,1.0,2024-08-06 14:09:42.935598
user_06848,adamhurst@example.org,Maria,Sanders,29.0,Male,Canada,Manitoba,Port Kathy,Premium,2024-03-01,True,8.23,Gaming Console,4.0,2025-02-14 20:22:53.222091
user_06853,susancruz@example.net,David,Campos,29.0,Female,Canada,Alberta,East Jessicaside,Premium+,2024-12-16,True,25.94,Tablet,2.0,2024-08-03 17:09:56.753463
user_06856,diazadam@example.org,Marcus,Jones,20.0,Female,Canada,New Brunswick,Brettland,Standard,2024-03-22,True,20.9,Gaming Console,,2022-11-04 10:35:45.355030
user_06858,wrightwilliam@example.com,William,Miranda,18.0,,USA,Tennessee,Villarrealstad,Premium,2023-11-16,True,6.66,Mobile,5.0,2024-12-28 23:15:24.795342
user_06860,andrewgibson@example.net,Andrea,Martinez,28.0,Female,Canada,British Columbia,Philipberg,Premium+,2024-08-28,True,7.31,Desktop,7.0,2023-10-14 22:17:18.169358
user_06861,jeffrey20@example.org,Jasmine,Frederick,26.0,Female,USA,Ohio,West John,Premium,2023-11-11,True,10.29,Tablet,1.0,2022-12-18 12:24:33.267600
user_06867,keith76@example.net,Linda,Wong,29.0,Male,USA,Arizona,Lewiston,Premium+,2025-07-17,True,2.38,Mobile,7.0,2023-05-09 01:43:40.503038
user_06869,xrice@example.com,James,Santos,23.0,Prefer not to say,USA,Massachusetts,Davisshire,Premium,2022-08-02,True,14.52,Mobile,,2022-09-25 06:54:48.232981
user_06873,vwilkins@example.org,John,Ward,20.0,Prefer not to say,Canada,Nova Scotia,Jasonland,Premium,2023-02-21,True,1.71,Gaming Console,1.0,2025-03-17 08:22:37.324231
user_06877,harristodd@example.org,Lindsey,Robinson,30.0,Female,USA,New York,West Williamshire,Standard,2024-03-23,False,24.16,Smart TV,2.0,2025-07-19 15:20:31.438077
user_06878,qjones@example.org,Michael,Robinson,27.0,Prefer not to say,USA,Ohio,Port Jeremyfurt,Premium+,2023-02-06,True,20.41,Laptop,2.0,2022-11-21 02:16:24.356288
user_06882,martin57@example.com,Connor,Bates,20.0,Female,Canada,Prince Edward Island,Gregoryville,Premium+,2024-05-05,True,32.26,Tablet,3.0,2022-08-31 19:20:05.117052
user_06884,antonio46@example.org,Joshua,Evans,21.0,Prefer not to say,USA,Texas,Jimenezland,Premium+,2024-01-22,True,11.8,Mobile,3.0,2022-10-05 18:33:11.055489
user_06890,olee@example.org,Stephanie,Lowe,21.0,Female,USA,Ohio,Port Danieltown,Premium,2022-12-24,True,2.59,Laptop,,2024-04-04 12:14:45.236723
user_06900,katiereynolds@example.com,Bruce,Stanley,27.0,Male,Canada,British Columbia,East Kendrastad,Premium,2024-02-19,False,,Tablet,4.0,2022-12-10 07:12:17.502893
user_06904,dustin56@example.com,Victor,Horton,21.0,,USA,Tennessee,Johnfurt,Premium,2023-03-01,True,10.19,Tablet,2.0,2024-08-15 11:38:41.872826
user_06905,icastillo@example.net,Mark,Carroll,28.0,Male,Canada,Nova Scotia,Mirandamouth,Basic,2025-07-27,True,4.86,Desktop,2.0,2022-08-12 23:11:56.642620
user_06908,jonathan99@example.org,Amanda,Koch,24.0,Female,USA,Washington,Lake Eddieville,Standard,2023-11-06,True,16.78,Laptop,2.0,2023-11-07 02:44:48.096116
user_06910,ehamilton@example.net,Matthew,Cruz,26.0,Female,USA,Wisconsin,Lake Ginaburgh,Premium+,2023-04-06,True,19.95,Desktop,1.0,2025-07-16 23:55:54.121191
user_06917,goldenstephanie@example.com,Melissa,Phillips,30.0,Female,Canada,Nova Scotia,New Ariel,Standard,2024-05-24,True,8.7,Smart TV,,2025-07-28 07:44:52.133731
user_06920,richardsjenna@example.org,Carlos,Smith,30.0,,USA,Wisconsin,Waterstown,Premium,2025-05-01,True,6.8,Gaming Console,1.0,2023-07-03 07:27:32.733178
user_06925,brownshannon@example.net,John,Lopez,30.0,Female,Canada,British Columbia,Port Marcusville,Standard,2024-03-14,True,4.16,Smart TV,4.0,2024-02-20 18:57:54.134662
user_06927,tara17@example.com,John,Carpenter,30.0,Female,Canada,Newfoundland and Labrador,Jacksonshire,Premium+,2023-08-16,True,4.5,Laptop,2.0,2023-01-16 04:21:03.030187
user_06928,shelby29@example.org,Andrea,Ferguson,25.0,Male,USA,New York,Barbaraside,Basic,2025-03-08,False,26.54,Tablet,1.0,2025-02-27 01:05:40.257009
user_06930,markchambers@example.net,Michael,Clark,28.0,Female,USA,Tennessee,North Danielle,Premium,2024-12-03,True,,Desktop,2.0,2023-03-31 06:32:28.499437
user_06933,olsonchristopher@example.net,Kevin,Hamilton,24.0,Male,USA,Missouri,Skinnerport,Basic,2025-01-21,True,10.87,Laptop,1.0,2024-12-28 09:25:28.137056
user_06936,scottporter@example.net,Kevin,Sheppard,26.0,Female,USA,Indiana,West Marthachester,Premium,2025-03-16,True,2.0,Desktop,2.0,2023-08-10 04:03:16.242043
user_06939,carol16@example.org,Bobby,Brady,20.0,Male,USA,Missouri,Maryborough,Premium,2024-07-08,True,,Desktop,4.0,2022-11-21 21:10:06.810842
user_06942,tracey72@example.com,Krista,Smith,20.0,Male,USA,North Carolina,South Victoriaborough,Premium,2025-02-13,True,5.91,Tablet,,2024-03-18 23:45:22.654628
user_06944,michael62@example.com,Gregory,Fisher,26.0,Female,USA,North Carolina,Port Nicholasview,Premium+,2024-02-13,True,3.14,Mobile,,2024-06-05 10:53:20.716646
user_06949,gabriellahumphrey@example.org,Patty,White,23.0,Female,Canada,Alberta,New Amy,Premium,2024-03-10,True,15.18,Smart TV,3.0,2023-11-25 19:44:34.835037
user_06954,hnewman@example.org,Lisa,Richards,23.0,Prefer not to say,Canada,Manitoba,Josephborough,Basic,2023-07-27,True,47.48,Mobile,,2024-02-16 01:02:26.209708
user_06956,jonathan48@example.net,Kathleen,Davis,26.0,Female,USA,Texas,Port Sherryberg,Basic,2024-03-12,True,12.1,Laptop,1.0,2023-11-28 08:55:54.806269
user_06959,fernando19@example.com,Mark,Bates,29.0,Male,Canada,Newfoundland and Labrador,North Christy,Premium,2024-03-05,True,11.44,Gaming Console,4.0,2022-08-16 21:44:52.097031
user_06960,justin42@example.org,Heather,Stanley,20.0,,USA,California,West Michael,Premium,2023-07-04,True,17.43,Laptop,4.0,2023-03-14 06:15:18.421934
user_06968,pattersontiffany@example.org,Miguel,Harmon,23.0,Female,USA,Illinois,Port Neilfort,Basic,2024-08-31,False,,Mobile,2.0,2023-01-22 08:57:10.484920
user_06973,ddaniel@example.org,Bradley,Castro,23.0,,USA,Wisconsin,North Jeffery,Basic,2023-06-04,True,17.44,Mobile,4.0,2023-03-20 13:56:39.547286
user_06974,jsalas@example.org,Michelle,Stephens,24.0,Female,USA,Tennessee,Atkinsonbury,Basic,2024-08-06,True,33.96,Desktop,1.0,2024-10-06 06:50:57.826079
user_06977,christina79@example.com,Danielle,Flores,30.0,Female,Canada,Newfoundland and Labrador,North Jeffrey,Standard,2024-10-16,True,32.2,Smart TV,3.0,2022-10-12 12:09:52.354156
user_06983,ann46@example.com,Travis,Brown,18.0,Male,Canada,Quebec,East Benjamin,Basic,2023-08-20,True,3.11,Tablet,3.0,2024-04-27 04:21:11.902028
user_06988,jonesmatthew@example.com,Ashley,Turner,27.0,Female,USA,New York,Port Robinmouth,Premium+,2024-03-17,True,10.26,Smart TV,2.0,2025-03-05 01:17:53.396687
user_06992,mccannstephanie@example.com,Marie,Daniels,23.0,Male,USA,Wisconsin,Danielstad,Premium,2023-12-03,True,11.72,Tablet,1.0,2022-08-13 15:05:03.041400
user_06993,xhopkins@example.net,Justin,Holland,30.0,,Canada,British Columbia,Emilyshire,Premium,2023-01-07,True,30.13,Tablet,4.0,2023-10-30 09:32:36.257971
user_06999,yjohnson@example.org,Lance,Alvarado,25.0,Female,USA,Indiana,Wagnerhaven,Basic,2023-07-26,False,2.61,Tablet,3.0,2023-08-27 03:36:14.273169
user_07000,brian11@example.net,Fred,Chen,23.0,Male,USA,Indiana,West Christopher,Standard,2022-11-04,True,12.69,Tablet,2.0,2024-03-05 15:12:10.245101
user_07001,tyler42@example.com,Laura,Pratt,29.0,Other,USA,Tennessee,Cummingsville,Basic,2022-10-24,True,28.9,Gaming Console,2.0,2024-04-13 18:31:54.826413
user_07003,carteralicia@example.com,Amy,Nguyen,18.0,Male,Canada,British Columbia,Patrickside,Basic,2024-06-30,True,8.17,Gaming Console,1.0,2024-05-02 01:56:56.434572
user_07004,ryan89@example.net,Katherine,Roman,18.0,Male,USA,Indiana,Lopezshire,Standard,2025-06-09,True,26.76,Laptop,2.0,2025-04-06 23:34:57.419295
user_07005,garciascott@example.org,Shannon,Hamilton,21.0,Male,USA,Georgia,South Mathew,Basic,2022-09-06,True,6.43,Mobile,2.0,2022-12-22 02:01:13.274816
user_07006,kleinjames@example.org,Steven,Armstrong,23.0,Prefer not to say,USA,Indiana,East Ashleyfurt,Standard,2024-08-21,True,12.32,Laptop,,2023-12-19 22:24:05.386350
user_07015,cherylsutton@example.com,Shirley,Shea,30.0,Other,USA,California,East Stevenshire,Premium,2025-05-01,True,13.54,Mobile,2.0,2025-07-13 00:46:45.068315
user_07023,dana73@example.com,Tammy,Stewart,18.0,Female,USA,Tennessee,Port Nicoleton,Standard,2023-12-01,True,6.31,Smart TV,4.0,2023-11-07 21:00:55.341410
user_07025,angelachen@example.com,Kenneth,Briggs,27.0,Other,USA,Missouri,Adkinsmouth,Premium,2024-09-23,True,7.21,Gaming Console,1.0,2022-11-08 21:18:06.615239
user_07034,john32@example.net,Stacy,Garcia,23.0,Female,Canada,Prince Edward Island,Lisamouth,Basic,2024-07-03,True,6.52,Desktop,2.0,2023-06-26 07:07:46.122145
user_07036,samuel25@example.com,Rodney,Smith,27.0,Female,USA,California,Andrewhaven,Standard,2025-03-18,True,9.57,Smart TV,2.0,2025-03-08 15:57:22.200209
user_07039,michaelibarra@example.org,Erica,Higgins,30.0,Female,USA,Virginia,New Jasonhaven,Standard,2025-04-11,True,41.69,Smart TV,3.0,2023-03-10 04:45:10.548105
user_07042,lauriesmith@example.net,Michael,Evans,29.0,Female,Canada,Quebec,Port Lauraburgh,Standard,2025-04-25,True,,Mobile,,2023-09-18 21:49:46.319738
user_07043,trodriguez@example.com,Vicki,Mason,28.0,,Canada,Manitoba,East Scottview,Premium+,2024-09-08,True,24.47,Gaming Console,2.0,2023-02-23 16:57:19.761655
user_07044,hannah24@example.org,Teresa,Kerr,18.0,Other,Canada,Manitoba,Cameronland,Premium+,2023-03-06,True,14.19,Smart TV,3.0,2024-08-18 01:18:51.968939
user_07048,carol33@example.org,Beth,Anderson,24.0,Female,USA,North Carolina,Woodville,Standard,2023-08-18,True,7.37,Tablet,4.0,2025-01-12 19:00:13.921089
user_07050,nicolesmith@example.net,Kathryn,Whitehead,28.0,Male,USA,Wisconsin,Juanberg,Standard,2025-03-04,True,5.88,Mobile,4.0,2024-03-04 18:39:29.469739
user_07051,lkim@example.com,David,Carroll,26.0,Male,USA,Ohio,North Vickie,Standard,2024-04-12,True,8.87,Tablet,2.0,2022-10-04 06:27:38.566339
user_07055,xbarker@example.net,Michele,Porter,20.0,Female,Canada,British Columbia,South Tracy,Premium+,2022-12-21,True,10.74,Mobile,3.0,2023-08-30 09:43:15.504525
user_07062,gamblenicole@example.org,Trevor,Woods,27.0,Prefer not to say,USA,California,Port Nicole,Basic,2025-07-18,True,21.52,Mobile,2.0,2024-07-26 12:16:36.382895
user_07064,gravesjohn@example.org,Gina,Wagner,27.0,Female,USA,North Carolina,Smithshire,Premium+,2024-12-01,True,3.77,Gaming Console,2.0,2022-10-20 12:48:16.348381
user_07075,kevin23@example.net,Javier,Cohen,28.0,Male,USA,Missouri,Port Gregory,Basic,2023-08-11,True,13.68,Gaming Console,2.0,2025-03-14 13:26:29.139486
user_07077,kelly15@example.org,Katherine,Green,25.0,Female,USA,Tennessee,North Randall,Premium,2024-01-15,True,20.83,Mobile,3.0,2022-10-13 16:20:08.128328
user_07079,franklinchelsea@example.net,Cynthia,Li,28.0,,Canada,Manitoba,Gutierrezmouth,Basic,2024-02-25,True,30.24,Gaming Console,,2024-03-01 08:53:50.380627
user_07083,jjennings@example.org,David,Harris,29.0,Female,USA,New Jersey,Turnerburgh,Standard,2022-09-07,True,1.36,Mobile,2.0,2025-02-11 10:50:24.926036
user_07087,derekorr@example.net,Joshua,Lawrence,22.0,Male,USA,New York,Christopherport,Basic,2023-01-21,True,15.18,Tablet,3.0,2023-12-29 19:28:54.166471
user_07090,christopherwalter@example.net,Alexis,Smith,24.0,Female,USA,Illinois,Karenhaven,Basic,2024-01-03,True,20.11,Gaming Console,2.0,2024-11-21 19:06:18.903830
user_07092,caitlin59@example.com,William,Fox,28.0,Female,Canada,Manitoba,Smithtown,Basic,2023-03-02,True,6.71,Mobile,1.0,2025-06-05 22:40:08.336908
user_07093,sharris@example.com,David,Miller,21.0,Prefer not to say,USA,North Carolina,Jeffersonchester,Basic,2024-04-04,False,16.51,Gaming Console,,2024-05-26 14:49:07.359996
user_07094,anna16@example.org,James,English,21.0,Other,USA,North Carolina,Perezport,Standard,2024-07-22,True,2.89,Laptop,2.0,2024-06-21 00:25:45.502443
user_07095,wjohnson@example.com,Jose,Patel,24.0,Female,USA,Texas,Brewerside,Basic,2024-10-30,True,9.29,Smart TV,3.0,2025-07-21 02:47:45.309616
user_07096,bullockdavid@example.com,Michelle,Young,19.0,Female,USA,Wisconsin,Pachecofurt,Standard,2024-04-19,False,0.76,Desktop,5.0,2024-03-26 01:57:45.279568
user_07097,ocrosby@example.net,William,Potts,28.0,Female,USA,Maryland,South Stephanie,Premium,2023-01-25,True,11.89,Desktop,4.0,2025-05-28 15:37:55.677273
user_07104,gabriela99@example.com,Joseph,Burns,29.0,Other,Canada,British Columbia,Annatown,Standard,2024-12-15,True,13.84,Gaming Console,,2024-11-14 04:46:06.219609
user_07106,ypalmer@example.org,Michael,Mooney,19.0,Male,USA,Virginia,East Joseburgh,Basic,2023-02-15,True,5.86,Tablet,,2024-03-13 07:18:11.382133
user_07112,tristanmitchell@example.net,Timothy,Russell,24.0,Male,USA,Ohio,Williamsfort,Basic,2023-12-30,True,,Desktop,4.0,2023-02-02 16:34:06.795781
user_07119,owood@example.net,Crystal,Wood,24.0,Female,USA,Wisconsin,North Calebburgh,Premium+,2023-05-08,True,9.43,Smart TV,4.0,2023-08-09 01:01:04.683597
user_07127,scott78@example.org,Douglas,Jones,21.0,Male,USA,California,Lake Gabrielport,Basic,2023-02-21,True,20.05,Mobile,4.0,2022-10-31 19:04:57.214836
user_07130,keithlucero@example.com,Sierra,Stone,29.0,Female,USA,Indiana,South Alextown,Standard,2023-07-05,True,15.35,Smart TV,5.0,2024-10-15 12:17:36.881736
user_07131,arellanodestiny@example.com,Cynthia,Mathews,30.0,Other,USA,Georgia,Port Christinemouth,Standard,2022-09-26,True,12.87,Tablet,2.0,2025-01-03 21:01:14.797732
user_07137,ecox@example.com,Cynthia,Taylor,20.0,,USA,Tennessee,Stevenmouth,Basic,2025-05-29,True,,Gaming Console,1.0,2023-10-07 16:05:56.599343
user_07138,beckybailey@example.com,Melinda,Koch,26.0,Female,USA,Virginia,Port Jonathanland,Standard,2025-02-21,True,53.86,Tablet,,2025-07-12 13:08:42.542438
user_07139,louis38@example.org,Samantha,Lane,29.0,Female,USA,New Jersey,Margarettown,Premium,2023-09-28,True,16.55,Gaming Console,6.0,2024-12-22 07:06:54.069808
user_07145,katherine60@example.net,Sara,Clark,24.0,Male,Canada,Manitoba,West Breanna,Premium,2023-03-19,False,562.8,Laptop,3.0,2023-03-03 05:21:17.719477
user_07148,laurenarnold@example.net,Nicholas,Jackson,25.0,Male,USA,North Carolina,Lake Nicoleton,Standard,2023-09-09,False,,Tablet,1.0,2023-08-20 01:22:03.913539
user_07154,matthewjackson@example.org,Karen,Kelly,28.0,Prefer not to say,Canada,Newfoundland and Labrador,Kylemouth,Premium+,2025-03-20,True,,Tablet,2.0,2023-07-01 01:38:05.567896
user_07155,wadetyler@example.org,Anthony,Santos,30.0,Prefer not to say,USA,Georgia,North Christinachester,Premium+,2024-10-05,True,67.9,Laptop,2.0,2023-07-03 06:31:22.959036
user_07156,annette63@example.com,Clayton,Moody,22.0,Female,USA,Illinois,Alanport,Premium,2024-04-02,True,,Desktop,3.0,2025-04-09 21:19:30.125232
user_07158,sullivanscott@example.org,Cynthia,Martinez,25.0,Male,USA,Ohio,South Kerry,Premium,2023-12-01,True,5.68,Desktop,4.0,2024-10-04 12:00:19.611451
user_07161,ywatson@example.net,Jennifer,Anderson,26.0,Male,USA,Indiana,South Brendabury,Premium,2023-08-10,True,3.16,Tablet,1.0,2023-05-16 04:19:29.531863
user_07163,tammy58@example.net,Kimberly,Garcia,25.0,Other,Canada,Prince Edward Island,Fosterborough,Standard,2024-08-07,True,29.04,Laptop,2.0,2022-09-27 21:55:26.961519
user_07167,taylorjonathan@example.org,Kayla,Rodriguez,25.0,Female,USA,Washington,North Johnnyport,Premium,2022-09-15,True,18.02,Desktop,4.0,2023-08-21 11:25:15.347862
user_07168,courtneyhooper@example.org,Daniel,Patton,18.0,Male,USA,Arizona,Hornhaven,Standard,2024-12-16,True,51.74,Desktop,3.0,2023-01-05 19:37:19.525104
user_07169,ellenlopez@example.org,Kelli,Bryan,23.0,Female,USA,New Jersey,West Beverlyburgh,Premium,2023-10-09,True,3.53,Laptop,2.0,2024-12-23 02:39:46.853569
user_07177,rodneysimmons@example.org,Michelle,Hatfield,25.0,Female,USA,Wisconsin,Howellbury,Standard,2024-09-19,True,20.03,Tablet,6.0,2025-06-16 07:15:38.325387
user_07178,pughnicholas@example.net,Catherine,Conway,22.0,Male,USA,Pennsylvania,Hudsonshire,Premium+,2024-03-04,True,19.76,Gaming Console,2.0,2025-07-21 02:55:00.834391
user_07186,newtonadam@example.net,Chelsea,Ramirez,28.0,Male,Canada,Newfoundland and Labrador,Port Joshua,Basic,2025-01-12,True,5.21,Mobile,4.0,2024-05-10 23:42:40.909661
user_07189,johnjohnson@example.net,Kayla,Hayes,26.0,Female,Canada,Manitoba,Tinaton,Standard,2025-02-09,True,7.06,Mobile,2.0,2024-01-03 16:23:41.856589
user_07195,mwalton@example.com,Amy,Martinez,21.0,Female,USA,Michigan,Josephburgh,Standard,2024-09-24,True,3.83,Smart TV,4.0,2023-12-30 19:12:14.065232
user_07196,osborneallen@example.net,Barbara,Ferguson,21.0,,Canada,Ontario,South Meganhaven,Premium,2023-01-02,True,,Mobile,4.0,2024-02-25 07:59:23.151280
user_07198,hcox@example.com,Dawn,Mooney,30.0,Male,USA,Arizona,Jacksonview,Basic,2025-05-22,True,27.56,Gaming Console,,2023-02-26 17:39:14.745309
user_07202,saracampos@example.org,Peter,Huang,30.0,Female,USA,Virginia,Benjaminhaven,Standard,2025-02-18,True,22.02,Mobile,2.0,2024-02-25 23:42:47.635976
user_07203,tonyaduarte@example.net,Susan,Avila,27.0,Female,USA,Pennsylvania,Port Gene,Basic,2024-02-09,True,6.61,Mobile,2.0,2024-12-07 19:39:25.048446
user_07205,xholmes@example.org,Jasmine,Hamilton,21.0,,USA,Indiana,Jasminetown,Premium,2023-01-30,True,3.38,Smart TV,7.0,2024-04-17 23:47:42.457103
user_07208,jack18@example.org,Sharon,Robinson,30.0,Male,USA,New York,Jesusport,Basic,2023-10-06,True,10.18,Tablet,8.0,2025-02-21 08:38:25.658039
user_07210,kimberlymendoza@example.net,Jesse,Ellis,28.0,Male,USA,Missouri,New Johnside,Premium,2024-01-24,True,17.81,Mobile,5.0,2023-01-07 00:33:21.888930
user_07225,codyrivera@example.org,Jose,Rogers,19.0,,Canada,British Columbia,Bonnieberg,Premium,2025-07-28,True,42.64,Desktop,1.0,2022-09-14 19:46:04.971112
user_07228,iduke@example.org,Anthony,Wyatt,26.0,Female,USA,New Jersey,Lake Sonia,Premium,2024-09-21,False,,Desktop,6.0,2024-04-14 08:14:01.567085
user_07231,mirandashawna@example.net,Jacob,Jones,22.0,Prefer not to say,USA,Pennsylvania,Franklinmouth,Basic,2024-02-22,False,25.04,Tablet,,2024-12-29 13:39:19.507417
user_07232,jamie10@example.com,Mary,Kennedy,18.0,Male,USA,Pennsylvania,Soniaside,Basic,2023-09-11,True,9.13,Desktop,6.0,2024-02-18 00:58:16.277364
user_07233,jasonchavez@example.org,Joshua,Hernandez,19.0,Male,USA,Illinois,New April,Standard,2024-08-12,False,29.8,Tablet,,2023-07-06 16:15:19.350632
user_07234,vingram@example.com,Darin,Townsend,27.0,Female,USA,New Jersey,New Debbiefurt,Premium,2023-07-08,True,8.73,Smart TV,2.0,2023-01-14 10:24:37.747758
user_07244,sscott@example.net,Daniel,Jimenez,22.0,Female,USA,Tennessee,Kevinside,Standard,2023-08-27,True,13.78,Tablet,4.0,2023-06-03 16:45:20.496421
user_07252,ingramjason@example.org,Vanessa,Gordon,28.0,Female,USA,Georgia,Sharonmouth,Basic,2023-02-13,True,8.84,Desktop,,2024-02-12 19:49:47.282676
user_07259,theresataylor@example.net,George,Hayes,30.0,Male,USA,Indiana,Friedmanville,Standard,2025-01-26,False,4.77,Mobile,2.0,2023-08-25 04:26:25.000066
user_07264,rebeccadean@example.com,Michelle,Chavez,28.0,Female,USA,Michigan,North Paulmouth,Premium+,2024-05-30,True,19.67,Smart TV,1.0,2023-05-27 20:08:58.628582
user_07266,lutzlaurie@example.com,Shawn,Thompson,29.0,Female,USA,Pennsylvania,Meyerport,Standard,2023-08-17,True,33.3,Gaming Console,1.0,2024-08-13 21:47:33.048071
user_07275,michaelcunningham@example.net,Luis,Perez,29.0,Female,USA,New Jersey,Myersside,Premium,2023-04-22,True,6.62,Smart TV,4.0,2023-01-28 08:25:54.733979
user_07279,barbaragamble@example.com,Robert,Brown,29.0,Prefer not to say,Canada,Saskatchewan,Lake Madisonfort,Premium,2025-02-11,True,37.36,Laptop,2.0,2024-10-16 17:09:09.923142
user_07284,kyle01@example.net,Steve,Flynn,18.0,Female,USA,Massachusetts,Parkerside,Premium,2022-11-08,True,9.82,Mobile,4.0,2022-11-04 07:18:07.823265
user_07295,xaguilar@example.com,Zachary,Holt,28.0,Other,USA,Wisconsin,Thomasmouth,Standard,2023-05-02,True,16.6,Gaming Console,2.0,2023-03-30 17:20:16.030810
user_07296,kristi44@example.net,David,Williams,23.0,,USA,Florida,East Janetburgh,Standard,2022-09-04,True,17.66,Smart TV,1.0,2023-09-30 04:24:01.999328
user_07298,thomas20@example.com,Amy,Alvarez,29.0,Male,USA,Massachusetts,Thomasmouth,Standard,2023-05-11,True,10.63,Smart TV,,2024-02-19 08:01:07.268417
user_07307,mdillon@example.org,Carla,Romero,19.0,Female,Canada,Newfoundland and Labrador,South Kimberlymouth,Basic,2025-06-24,True,7.46,Smart TV,4.0,2024-07-22 12:52:25.055398
user_07308,dcross@example.net,Donald,Campbell,27.0,Female,USA,Pennsylvania,Santiagochester,Standard,2024-02-12,True,15.31,Smart TV,1.0,2024-12-26 05:15:30.688130
user_07309,julie89@example.org,John,Barr,27.0,Male,USA,Missouri,East Patricia,Basic,2022-08-20,False,31.32,Smart TV,,2023-11-07 02:35:48.674088
user_07310,petersonadam@example.org,Angela,Turner,30.0,Male,Canada,Quebec,Kellitown,Basic,2023-01-27,True,17.7,Desktop,5.0,2024-12-29 18:06:00.055451
user_07317,salinascheryl@example.com,Michael,Kelly,19.0,,USA,Michigan,North Jacquelinechester,Premium,2024-10-06,True,13.72,Laptop,,2022-09-29 12:48:17.001412
user_07319,camachomelissa@example.net,William,Smith,29.0,Male,Canada,British Columbia,New Amanda,Standard,2022-11-07,True,46.61,Smart TV,4.0,2024-07-09 22:44:58.016926
user_07322,onelson@example.net,Jessica,Waters,30.0,Male,Canada,Newfoundland and Labrador,Smithmouth,Premium,2025-01-11,True,34.13,Desktop,2.0,2024-08-28 11:15:59.642509
user_07324,griffithjamie@example.org,Victor,Walker,30.0,Male,USA,Georgia,Lake Angelica,Standard,2024-06-19,True,24.63,Smart TV,5.0,2024-06-12 20:47:51.613374
user_07327,portermary@example.com,Carl,Smith,26.0,Male,USA,North Carolina,East Jonathanhaven,Basic,2023-08-19,True,,Gaming Console,1.0,2024-11-04 00:35:03.748084
user_07329,jamescummings@example.net,David,Jackson,30.0,Female,USA,Texas,Barrettmouth,Standard,2022-08-02,True,14.85,Smart TV,7.0,2025-07-14 06:39:43.820869
user_07332,dominique19@example.com,Todd,Little,22.0,Male,Canada,Ontario,Villashire,Standard,2025-02-09,True,12.08,Gaming Console,4.0,2023-02-03 03:20:48.339199
user_07338,james25@example.org,Terri,Fleming,27.0,Male,USA,Florida,Wardton,Premium+,2025-02-08,True,23.33,Smart TV,,2024-05-23 21:21:19.301793
user_07340,dhernandez@example.org,Carolyn,Miles,26.0,Male,USA,Virginia,Port Ricardoshire,Basic,2023-09-21,True,6.58,Tablet,5.0,2023-05-25 23:03:01.802665
user_07345,rmiddleton@example.com,Joseph,Rivera,25.0,Male,Canada,Alberta,Gutierrezmouth,Standard,2024-12-15,False,42.77,Laptop,,2024-10-27 13:11:50.077517
user_07348,donaldlee@example.net,Sheila,Wallace,29.0,Male,USA,California,Lisaview,Premium,2023-01-05,True,11.22,Smart TV,5.0,2022-10-21 08:01:27.183739
user_07350,qpowell@example.net,Christopher,Kennedy,22.0,Male,Canada,British Columbia,Grimesmouth,Premium,2023-03-15,True,16.12,Mobile,6.0,2022-10-16 21:37:22.790419
user_07370,xfleming@example.net,Elizabeth,Williams,28.0,Female,Canada,New Brunswick,East Coreyborough,Premium,2024-06-15,False,3.23,Tablet,4.0,2024-06-22 17:49:28.600535
user_07372,kevin62@example.org,Ian,Adams,27.0,Female,Canada,British Columbia,Brendaport,Basic,2024-10-03,True,,Desktop,2.0,2023-07-05 18:28:49.372749
user_07375,davila@example.org,Anthony,Adams,24.0,Male,USA,Arizona,Port Dianeton,Premium+,2025-02-08,True,3.66,Laptop,2.0,2024-06-26 04:49:10.265862
user_07377,awest@example.org,Michele,Vega,19.0,Male,USA,Indiana,Wayneview,Premium,2023-05-21,True,3.31,Smart TV,8.0,2025-04-10 00:17:36.507579
user_07381,rhondawest@example.org,Eric,Miranda,20.0,Female,USA,Illinois,Lake Martha,Premium,2024-05-17,True,,Tablet,2.0,2023-09-22 02:30:45.062763
user_07386,michael07@example.org,Max,Kelley,28.0,Other,USA,Florida,Joyshire,Basic,2022-10-18,False,,Desktop,2.0,2023-05-02 10:13:43.805094
user_07387,agrant@example.org,Lisa,Glenn,27.0,Female,Canada,Newfoundland and Labrador,Eileenbury,Premium,2023-11-07,True,27.14,Mobile,3.0,2022-11-12 10:04:58.396225
user_07388,milesgabriel@example.org,Diane,Pratt,30.0,Prefer not to say,USA,New York,South Michellefort,Standard,2023-08-03,True,17.46,Desktop,2.0,2023-12-20 04:42:55.176314
user_07396,pereztami@example.com,Carol,Shelton,24.0,Female,Canada,Alberta,North Michele,Premium,2023-02-03,True,11.93,Mobile,,2025-07-27 15:34:19.978358
user_07398,sharplaura@example.com,Joseph,Sherman,28.0,Male,USA,Virginia,Brianatown,Standard,2023-07-13,True,23.09,Laptop,1.0,2023-05-02 08:54:17.527680
user_07401,wtaylor@example.com,Erica,Garza,21.0,Female,USA,Texas,Lake Kathleen,Standard,2025-05-03,True,21.83,Tablet,7.0,2024-07-03 12:17:01.497797
user_07405,kimberlybullock@example.com,Sherri,Johnson,19.0,Male,USA,New York,South Valerieborough,Standard,2024-06-24,True,11.11,Mobile,2.0,2023-04-11 09:40:06.274081
user_07406,eespinoza@example.com,Jason,Taylor,18.0,Female,USA,Virginia,East Dana,Standard,2023-05-08,True,22.76,Mobile,4.0,2023-12-07 19:01:32.854076
user_07408,thompsoncarl@example.net,Annette,Bell,26.0,Female,USA,Indiana,Williamtown,Premium,2025-01-02,True,27.97,Gaming Console,2.0,2024-09-24 03:53:06.032094
user_07412,joshua05@example.com,Brenda,Acosta,23.0,Female,USA,Texas,Lake John,Basic,2023-07-30,True,11.88,Mobile,2.0,2024-03-01 11:24:39.630093
user_07413,april55@example.net,Sharon,Lewis,21.0,Male,USA,Texas,Blevinsmouth,Premium+,2024-11-13,True,4.76,Laptop,2.0,2024-01-07 02:16:06.459005
user_07414,hilleugene@example.org,Cynthia,Goodwin,22.0,Female,USA,Georgia,Stewarthaven,Premium,2023-07-01,True,23.23,Desktop,2.0,2023-10-20 02:59:48.987863
user_07417,cward@example.net,Daniel,Lee,25.0,,USA,Florida,South Tyler,Basic,2024-04-12,True,39.68,Tablet,1.0,2023-10-03 10:48:27.799450
user_07420,jpeterson@example.org,Jessica,Gibbs,30.0,,USA,New Jersey,Silvaton,Standard,2022-11-02,True,49.86,Gaming Console,,2023-07-07 11:16:15.351689
user_07428,morancraig@example.com,Samuel,Martinez,18.0,Female,USA,Massachusetts,North Cheryl,Premium+,2024-12-26,True,2.0,Smart TV,3.0,2025-05-01 02:17:48.025844
user_07430,meredithrosales@example.com,Nicole,Jimenez,19.0,Male,USA,Maryland,Brockberg,Premium,2023-09-02,True,9.99,Mobile,1.0,2024-04-19 01:47:31.309058
user_07436,petersongina@example.net,Kimberly,Chase,28.0,,USA,North Carolina,Jenkinsland,Standard,2022-12-18,True,23.87,Gaming Console,5.0,2023-01-04 17:08:50.995088
user_07437,vgarcia@example.net,Oscar,Rodriguez,25.0,Female,USA,Massachusetts,Larsonshire,Standard,2023-06-16,True,12.78,Laptop,3.0,2024-09-09 06:38:28.515753
user_07439,ryansharon@example.net,Sherri,Ramsey,30.0,Female,USA,New York,New Courtneyhaven,Basic,2023-04-01,True,23.35,Laptop,4.0,2024-09-26 12:30:42.478894
user_07447,vickie37@example.com,Heather,Ball,22.0,,Canada,New Brunswick,Markfurt,Standard,2025-03-31,False,,Smart TV,,2024-08-28 04:37:42.460776
user_07457,adammitchell@example.org,Kimberly,Hancock,19.0,Female,Canada,New Brunswick,West Sherry,Premium,2023-07-24,True,6.27,Desktop,2.0,2024-08-06 12:35:14.363552
user_07459,kristengrimes@example.org,Chloe,Castillo,26.0,Male,USA,New Jersey,Maureenville,Standard,2023-11-11,False,4.09,Desktop,7.0,2025-06-24 22:21:31.797040
user_07464,scottmorales@example.com,Dylan,Henry,29.0,,USA,Maryland,Acostaland,Premium+,2022-12-01,True,13.47,Tablet,,2025-06-01 06:45:59.525449
user_07466,matthew17@example.com,Joshua,Simmons,18.0,Male,USA,Illinois,Perryside,Premium,2023-09-16,True,40.96,Laptop,2.0,2023-04-17 11:53:54.305435
user_07468,valeriebailey@example.com,Tonya,Miller,29.0,Female,USA,Florida,New Victoriahaven,Premium,2024-09-20,True,39.56,Tablet,6.0,2025-02-26 04:59:27.689788
user_07485,xjacobs@example.net,Scott,Howard,19.0,,Canada,Newfoundland and Labrador,Colonbury,Premium+,2025-05-30,True,13.37,Mobile,,2024-02-14 23:21:59.348318
user_07487,ibaker@example.org,Andrew,Frederick,28.0,Male,USA,Pennsylvania,East Stephen,Basic,2023-10-25,True,12.77,Smart TV,1.0,2024-05-15 08:36:47.414793
user_07488,amber44@example.org,Timothy,Williamson,21.0,Female,Canada,Nova Scotia,South Yvetteburgh,Basic,2023-05-20,True,6.64,Smart TV,2.0,2025-04-16 11:51:13.453628
user_07491,melissa86@example.org,Carrie,Martin,29.0,Other,Canada,British Columbia,West Anthonyville,Premium+,2023-09-02,True,7.6,Mobile,4.0,2023-08-05 07:17:13.278203
user_07494,mooregregory@example.org,Jacob,Pugh,24.0,,Canada,Nova Scotia,Grayborough,Premium,2025-07-12,True,,Laptop,1.0,2024-05-25 19:16:45.094584
user_07500,wmontgomery@example.com,Jessica,Vang,26.0,Female,USA,Virginia,Beardside,Basic,2024-12-13,True,6.19,Tablet,3.0,2023-05-20 07:57:31.536709
user_07504,fostermadison@example.com,Kendra,Andrade,23.0,Other,USA,Michigan,Waltontown,Standard,2025-01-03,True,5.32,Laptop,,2023-02-12 03:08:40.856441
user_07510,davisheather@example.org,Robert,Washington,28.0,Other,USA,Washington,South Lisa,Standard,2024-01-25,False,23.6,Desktop,2.0,2022-09-13 05:10:40.713451
user_07512,ojohnson@example.net,Paul,Peterson,19.0,Female,USA,Michigan,West William,Premium,2024-07-13,True,1.76,Tablet,3.0,2025-03-22 17:06:42.290799
user_07515,justindudley@example.net,Barbara,Garcia,29.0,Male,USA,Washington,Lake Tami,Basic,2023-01-01,True,37.31,Tablet,2.0,2024-08-29 04:13:29.566346
user_07522,samantha49@example.com,Thomas,Manning,20.0,Female,USA,Texas,Evelynview,Standard,2025-06-27,False,25.52,Smart TV,2.0,2025-05-04 04:23:35.241973
user_07526,clarkthomas@example.net,Jessica,Lawrence,20.0,,USA,New York,East Stevenbury,Premium,2024-03-13,True,17.69,Mobile,3.0,2022-10-28 04:11:46.729635
user_07530,wendy85@example.org,Sharon,Pratt,21.0,Female,USA,California,New Michael,Basic,2022-11-22,True,18.1,Gaming Console,6.0,2022-09-07 00:25:48.591548
user_07537,jferrell@example.net,Crystal,Bryant,26.0,Male,USA,Indiana,Thomasview,Standard,2024-10-08,True,36.89,Mobile,1.0,2022-08-18 06:24:55.972115
user_07538,torresjonathon@example.org,Alexander,Brown,23.0,Male,USA,Arizona,North Alexton,Premium,2024-11-17,True,8.19,Laptop,1.0,2023-07-30 13:29:02.011316
user_07540,ljohnson@example.com,Willie,Hall,27.0,Female,USA,Michigan,West Felicia,Basic,2023-10-01,False,24.44,Desktop,1.0,2023-01-28 01:55:19.918453
user_07545,qsherman@example.com,Mary,Ramirez,21.0,Male,USA,Georgia,East David,Basic,2023-09-02,True,17.39,Smart TV,2.0,2022-12-29 06:05:28.685701
user_07546,kathleenevans@example.net,Mary,Pierce,30.0,Male,USA,Washington,New Madisonport,Basic,2023-07-06,False,35.12,Laptop,2.0,2023-09-10 17:18:36.539642
user_07551,jeffreyweber@example.com,Erika,Valdez,22.0,Female,USA,Massachusetts,Stevenchester,Premium,2025-03-06,True,10.91,Mobile,3.0,2024-10-18 22:16:54.515284
user_07555,brian16@example.com,Richard,Lewis,29.0,Male,Canada,Quebec,Williamsmouth,Premium,2025-03-16,True,10.8,Smart TV,,2025-01-23 06:18:05.630277
user_07562,nicholsonedward@example.com,Shawn,Cox,30.0,Male,USA,Georgia,Port Reginaldmouth,Standard,2023-08-23,True,19.79,Smart TV,,2024-06-06 04:41:33.049602
user_07571,mandyray@example.com,Christy,Moore,23.0,Male,Canada,Manitoba,Elainestad,Standard,2024-05-25,True,33.07,Laptop,2.0,2023-11-18 19:38:54.113494
user_07572,clarkbethany@example.com,George,Archer,19.0,Female,USA,California,East Pamela,Basic,2023-06-01,True,12.02,Mobile,3.0,2024-03-02 00:13:17.909920
user_07574,rsloan@example.net,Ashley,Martin,26.0,Female,Canada,Quebec,Port Dennisstad,Premium+,2023-01-03,True,50.18,Gaming Console,2.0,2024-05-07 07:01:30.296993
user_07575,zacosta@example.net,Sara,Miller,27.0,Female,USA,New Jersey,East Josephmouth,Premium,2024-02-11,True,11.33,Tablet,4.0,2024-01-16 23:05:06.192807
user_07581,sandra46@example.org,Holly,Shaw,29.0,,Canada,Nova Scotia,Loganberg,Standard,2025-01-03,True,4.86,Desktop,3.0,2024-06-12 11:14:42.280661
user_07583,langcorey@example.net,Wendy,Poole,23.0,Female,Canada,Prince Edward Island,North Robertmouth,Basic,2024-10-19,True,5.83,Tablet,2.0,2024-12-02 11:37:35.766836
user_07585,micheal34@example.com,Zoe,Davis,25.0,Male,USA,Missouri,Olsonfort,Premium+,2022-11-27,True,7.24,Tablet,7.0,2025-02-24 18:48:39.432305
user_07586,oclayton@example.org,Nina,Bowen,30.0,Prefer not to say,USA,Massachusetts,West Elizabethtown,Premium,2024-09-16,True,10.4,Gaming Console,2.0,2024-05-27 21:25:29.784187
user_07587,blakebarber@example.com,Frances,Salinas,22.0,Female,USA,Pennsylvania,Lake Jonathan,Premium,2023-12-11,True,27.19,Mobile,2.0,2025-02-13 17:51:34.062584
user_07592,wooddonald@example.com,Robert,Andrews,20.0,Prefer not to say,USA,Illinois,Georgemouth,Premium,2024-04-09,True,7.65,Mobile,1.0,2024-08-02 04:50:34.368599
user_07593,elizabethjohnson@example.com,Brittany,Weaver,27.0,Male,Canada,Manitoba,Johnsonport,Premium,2022-09-18,True,9.59,Tablet,,2023-08-03 20:33:53.548835
user_07594,evansdana@example.com,Jennifer,Jones,25.0,Female,USA,Florida,Gibbston,Basic,2024-03-08,True,19.53,Smart TV,2.0,2023-10-22 21:32:34.562900
user_07596,donna35@example.org,Manuel,Green,30.0,Prefer not to say,USA,Michigan,New Kristen,Premium+,2024-05-22,True,7.19,Smart TV,2.0,2023-09-01 18:21:10.865740
user_07601,phamjennifer@example.org,David,Wood,24.0,Male,USA,Washington,West Sharon,Basic,2024-10-06,True,13.0,Tablet,3.0,2025-06-03 17:49:33.285724
user_07610,christian14@example.com,Edward,Nichols,20.0,Female,USA,Massachusetts,Lake Vanessaberg,Standard,2024-09-29,True,14.58,Laptop,,2023-03-08 18:04:24.016936
user_07622,malvarado@example.com,Christopher,Patton,28.0,Male,USA,Missouri,Terryton,Standard,2025-07-24,True,,Smart TV,6.0,2023-05-15 16:55:26.427350
user_07624,ohernandez@example.net,Christopher,Wade,28.0,,USA,Virginia,New Dominique,Premium+,2025-01-02,True,14.66,Laptop,2.0,2022-09-05 01:47:42.876641
user_07629,jacksoncindy@example.net,Gregory,Bernard,28.0,Male,USA,Arizona,Faithhaven,Standard,2024-10-26,True,33.17,Mobile,4.0,2023-06-21 18:14:13.049920
user_07630,ymanning@example.net,Kevin,Johnson,24.0,Female,Canada,Newfoundland and Labrador,Port Elizabeth,Standard,2023-05-02,True,,Smart TV,1.0,2022-12-10 12:25:37.956651
user_07635,juliegutierrez@example.org,Heather,Moreno,26.0,Female,Canada,New Brunswick,Perezberg,Premium,2022-12-08,True,12.9,Smart TV,3.0,2025-03-03 22:37:30.834400
user_07638,clinejoseph@example.org,Brooke,Williamson,30.0,Male,USA,Illinois,Robertafort,Basic,2025-02-18,False,38.55,Mobile,3.0,2024-04-01 18:36:08.939510
user_07642,robertskaren@example.com,Bradley,Stanton,30.0,Male,Canada,Prince Edward Island,Lake Christineborough,Basic,2023-03-21,True,9.23,Mobile,1.0,2024-11-28 03:03:43.689263
user_07645,scottcole@example.net,Rebecca,Fernandez,26.0,,USA,Missouri,Garretthaven,Standard,2024-02-24,True,18.69,Smart TV,,2025-02-25 10:56:15.021600
user_07651,walshleah@example.org,Jeffrey,Austin,26.0,Male,USA,Arizona,Samuelborough,Premium,2025-03-16,True,22.23,Laptop,2.0,2025-07-02 23:06:42.980468
user_07653,ruizrobert@example.org,Alan,Lewis,27.0,Male,USA,Pennsylvania,Robertmouth,Premium,2023-07-08,False,17.87,Gaming Console,,2025-01-26 10:59:05.391616
user_07659,smithabigail@example.net,Chad,Villanueva,24.0,Male,USA,North Carolina,Cobbshire,Standard,2024-03-28,True,15.46,Desktop,,2023-06-27 00:31:06.304256
user_07665,breed@example.org,Jessica,Marshall,19.0,Female,USA,Massachusetts,Chanborough,Premium,2023-09-23,True,16.5,Desktop,2.0,2022-12-03 15:16:37.196689
user_07672,simpsondonald@example.org,Paul,Bender,29.0,Male,USA,Washington,Port Shannon,Standard,2024-03-05,True,63.16,Tablet,1.0,2022-12-26 05:43:34.987086
user_07681,vicki41@example.net,Timothy,Perez,20.0,Male,USA,Illinois,New Deniseshire,Basic,2023-08-06,True,6.55,Laptop,,2025-07-18 22:55:09.380629
user_07686,josebrady@example.org,Tammy,Simmons,24.0,Female,Canada,Ontario,Morganbury,Standard,2024-11-22,True,,Desktop,5.0,2025-04-05 01:13:29.466082
user_07688,toni84@example.com,Juan,Cole,24.0,Female,Canada,Alberta,South Cindyland,Premium,2022-11-13,True,2.3,Gaming Console,2.0,2024-07-03 17:36:18.282335
user_07691,janet18@example.org,Michael,Lewis,19.0,Female,Canada,Ontario,Port Teresamouth,Premium,2023-04-15,True,20.76,Smart TV,,2023-10-03 00:04:36.360360
user_07693,mccalllinda@example.com,Nicholas,Jones,19.0,Other,USA,Virginia,Rowlandbury,Premium,2023-10-19,True,2.0,Laptop,2.0,2022-11-17 08:23:17.790849
user_07695,jay55@example.com,Lisa,Warner,23.0,Female,USA,Texas,Baldwinmouth,Basic,2024-05-30,False,,Desktop,1.0,2024-01-12 03:09:29.264295
user_07707,jennifer26@example.com,Shane,Hawkins,23.0,Male,Canada,Newfoundland and Labrador,West Billy,Standard,2024-07-26,True,6.85,Gaming Console,4.0,2024-02-23 17:53:31.949613
user_07712,nkennedy@example.org,Heather,Keller,23.0,Female,Canada,Saskatchewan,New Stephenshire,Standard,2023-02-20,True,5.42,Desktop,5.0,2022-10-21 05:42:18.256328
user_07721,smithjohn@example.net,Brandon,Moore,30.0,Female,Canada,Ontario,Jasonshire,Premium,2025-04-20,True,22.98,Tablet,4.0,2023-11-26 12:40:04.042985
user_07732,sherri66@example.net,Matthew,Sutton,21.0,Female,Canada,British Columbia,New Jeffreymouth,Premium,2022-10-02,True,,Mobile,,2023-03-03 18:58:54.006163
user_07733,lmoore@example.org,Trevor,Hardy,24.0,,USA,Georgia,Karenton,Standard,2025-03-11,True,18.16,Gaming Console,2.0,2022-10-21 03:45:34.462530
user_07734,elizabethharris@example.org,Lisa,Blair,23.0,Female,Canada,Quebec,Donaldview,Standard,2023-05-27,True,,Tablet,3.0,2023-04-09 01:02:38.960383
user_07737,barkerderrick@example.org,Shannon,Brown,26.0,Male,USA,Ohio,Harveyfurt,Standard,2022-10-16,True,21.3,Smart TV,,2023-10-02 16:10:33.247731
user_07738,mark28@example.com,Jeanette,Jackson,26.0,Male,USA,Arizona,Fishermouth,Premium,2025-03-15,False,5.67,Desktop,2.0,2024-10-24 03:26:47.331915
user_07739,ikelly@example.org,Virginia,Smith,21.0,Male,USA,Massachusetts,New Bryanville,Premium+,2023-12-30,True,28.73,Smart TV,4.0,2023-12-12 05:58:15.503909
user_07742,christinawatson@example.com,Ashley,Garcia,29.0,Male,Canada,Ontario,East Lancefort,Premium,2024-08-30,True,9.77,Laptop,6.0,2025-04-25 02:42:51.072827
user_07745,kskinner@example.org,Martin,Brown,25.0,Male,USA,Arizona,New Garyhaven,Premium,2024-04-24,True,9.12,Mobile,,2025-01-06 04:55:59.042361
user_07746,johnsonann@example.net,Steven,Nicholson,29.0,Female,Canada,British Columbia,Humphreyfort,Standard,2025-07-03,True,10.03,Smart TV,,2025-03-25 16:03:34.163227
user_07747,gkoch@example.org,Rachel,Marquez,19.0,Male,USA,Illinois,North Brittany,Standard,2022-12-09,True,8.19,Desktop,,2023-01-21 07:07:05.374635
user_07748,nyoung@example.org,Derek,Garner,24.0,,Canada,Ontario,Kendrafort,Premium,2022-08-18,False,23.63,Laptop,,2023-09-30 22:22:26.238769
user_07751,michaelrice@example.com,Tommy,Garcia,24.0,Male,USA,California,Gonzalesberg,Basic,2023-12-30,True,22.21,Tablet,,2023-11-29 12:42:12.925438
user_07752,thomastamara@example.org,Brandon,Smith,21.0,Female,USA,New York,Fisherfurt,Standard,2023-12-20,True,14.29,Mobile,1.0,2024-01-28 00:54:51.487823
user_07757,zcampbell@example.org,William,Shaffer,30.0,Prefer not to say,Canada,Saskatchewan,North Tammy,Premium,2024-12-05,True,24.07,Mobile,2.0,2024-03-15 05:40:05.228806
user_07759,stephanie99@example.org,Madison,Cruz,22.0,Female,USA,Georgia,East John,Basic,2022-08-04,False,12.82,Gaming Console,2.0,2024-01-27 22:33:47.322504
user_07764,xhoover@example.com,Donald,Medina,28.0,Male,Canada,Nova Scotia,West Matthewside,Basic,2024-04-26,True,9.9,Smart TV,2.0,2022-09-24 13:22:01.677464
user_07767,gheath@example.org,Gary,Davis,20.0,Female,USA,Tennessee,Brownmouth,Premium,2022-10-17,True,18.46,Smart TV,7.0,2025-04-28 16:53:40.075805
user_07772,allenkristine@example.com,Harold,Lopez,24.0,Female,USA,New Jersey,North Melissamouth,Standard,2023-10-23,True,4.1,Tablet,,2024-06-28 11:22:56.344310
user_07773,hrobinson@example.org,Tara,Orozco,20.0,Male,Canada,Ontario,South Michael,Basic,2025-06-03,False,27.95,Desktop,1.0,2024-12-26 14:02:22.390550
user_07782,gabriellegarza@example.com,Breanna,Perkins,27.0,Female,USA,Missouri,East Josephland,Premium,2022-09-12,False,19.52,Tablet,1.0,2024-01-24 03:00:10.482061
user_07784,austinolsen@example.org,Aaron,Larson,21.0,,USA,Missouri,North Kara,Premium,2023-01-01,True,27.3,Tablet,4.0,2023-03-15 09:02:23.169906
user_07785,ericcastro@example.org,Sarah,Wilson,28.0,Prefer not to say,Canada,Prince Edward Island,Jessebury,Premium+,2022-12-01,False,,Smart TV,2.0,2023-08-17 03:36:56.509724
user_07787,jimenezdillon@example.net,Adam,Clark,30.0,,USA,Ohio,Port Jenniferfort,Premium+,2024-04-25,False,19.45,Mobile,2.0,2025-05-18 02:13:05.259109
user_07798,fernandezpaula@example.net,Amy,Bonilla,28.0,Other,Canada,British Columbia,Williamsborough,Standard,2023-07-25,True,20.22,Gaming Console,,2025-04-04 02:57:51.528588
user_07801,janice82@example.org,Andrea,Kelly,24.0,,USA,Michigan,Micheleburgh,Premium,2023-08-25,True,36.47,Smart TV,2.0,2024-10-12 15:07:59.249632
user_07802,ian68@example.net,Ashley,Wolf,25.0,Female,USA,Washington,Port Katherinetown,Premium,2022-09-13,False,14.28,Desktop,3.0,2023-01-22 23:20:21.578974
user_07803,amandaweiss@example.com,Joseph,Graves,22.0,Male,USA,North Carolina,Robinsonville,Premium,2023-11-28,True,21.51,Tablet,3.0,2024-12-04 14:45:10.777594
user_07807,sandra81@example.net,Lindsey,Howard,26.0,Male,Canada,Newfoundland and Labrador,Joelview,Standard,2023-06-22,True,10.3,Tablet,2.0,2023-06-25 15:01:32.887557
user_07808,mariasmith@example.com,Timothy,Riggs,22.0,Female,USA,New Jersey,New Brandon,Standard,2024-10-09,True,7.87,Smart TV,2.0,2025-05-25 00:50:44.137238
user_07809,audreynavarro@example.net,Jillian,Avila,29.0,Female,Canada,Alberta,Lake Jacqueline,Standard,2023-04-06,True,4.98,Mobile,,2024-08-26 16:50:12.863151
user_07814,mclaughlinkeith@example.org,Leslie,Green,24.0,Female,USA,Arizona,East Jason,Premium+,2024-07-02,True,21.62,Smart TV,1.0,2024-07-31 12:57:23.113306
user_07818,jrobinson@example.net,Michael,Tyler,27.0,Female,USA,Georgia,New Samanthatown,Standard,2025-03-17,True,15.57,Smart TV,4.0,2025-05-08 02:13:33.962672
user_07820,michael19@example.com,Nicholas,Nolan,29.0,Male,USA,New Jersey,Ashleyhaven,Basic,2022-08-26,True,,Tablet,3.0,2024-02-09 08:07:46.934499
user_07821,sampsonjennifer@example.net,Amy,Hernandez,30.0,Female,Canada,Alberta,Scottton,Premium,2024-03-11,True,29.14,Tablet,2.0,2024-02-19 19:26:37.358922
user_07822,adamwilliams@example.net,Ryan,Vazquez,27.0,Male,Canada,Prince Edward Island,Tapialand,Premium,2023-02-13,True,15.29,Laptop,1.0,2024-05-14 14:54:40.302735
user_07826,jasonramos@example.org,Carol,Cross,25.0,Male,USA,Florida,Richardstad,Basic,2022-11-30,True,7.62,Laptop,3.0,2022-12-26 19:03:32.220971
user_07827,megan90@example.org,Robert,Christensen,26.0,Female,USA,Pennsylvania,Maxwellside,Premium,2023-06-18,True,2.63,Laptop,,2025-07-07 01:21:24.698719
user_07835,hdavis@example.net,Dylan,Nguyen,25.0,,USA,Arizona,Lake Madelineside,Standard,2023-03-13,True,4.0,Desktop,2.0,2025-07-11 03:31:56.717152
user_07836,brian23@example.com,Michael,Perry,21.0,Male,Canada,Alberta,Feliciaton,Premium,2024-09-27,True,7.53,Tablet,2.0,2025-03-21 06:59:46.480018
user_07844,wstevens@example.net,Geoffrey,Gibbs,29.0,Female,Canada,Ontario,Robertsview,Standard,2024-09-14,True,,Smart TV,1.0,2025-03-14 19:01:00.715344
user_07852,cmiller@example.org,Amber,Burton,23.0,Other,USA,Arizona,Edwardport,Standard,2024-12-10,True,23.21,Gaming Console,,2023-09-19 23:09:42.332592
user_07853,hfernandez@example.com,Joseph,King,19.0,Female,Canada,Newfoundland and Labrador,East Stephanieport,Premium+,2024-01-17,True,6.98,Smart TV,2.0,2024-12-22 16:13:20.711405
user_07858,john30@example.org,Rose,Kerr,24.0,Female,Canada,New Brunswick,South Kathleenview,Standard,2022-09-11,False,14.18,Smart TV,2.0,2022-12-05 04:16:10.365185
user_07860,michelle63@example.net,Erika,Nelson,22.0,Male,Canada,British Columbia,Jeffreyberg,Standard,2023-08-14,True,12.94,Gaming Console,4.0,2024-09-01 00:13:30.353256
user_07865,peter35@example.com,Ronald,Jenkins,25.0,Female,USA,Wisconsin,Port Kimberlyhaven,Basic,2022-12-13,True,25.0,Tablet,3.0,2024-07-27 22:09:26.759797
user_07876,mcgeeamber@example.net,Mike,Williams,26.0,Prefer not to say,USA,Tennessee,New Sandraville,Basic,2025-03-23,True,7.41,Gaming Console,4.0,2023-03-29 09:27:50.070745
user_07881,karenwaller@example.com,Eric,Johnson,29.0,Female,USA,Arizona,Adamberg,Standard,2025-03-30,True,10.15,Desktop,4.0,2025-06-07 09:17:34.227904
user_07882,donna31@example.org,Jennifer,Holder,20.0,,USA,Missouri,Jeffreyfurt,Basic,2025-01-18,True,3.68,Gaming Console,4.0,2023-04-03 17:45:32.057799
user_07884,gclark@example.com,Jessica,Hernandez,29.0,Prefer not to say,USA,Ohio,Herreraburgh,Standard,2023-08-25,True,4.18,Laptop,2.0,2022-11-05 03:49:41.537732
user_07894,daniel14@example.org,Sarah,Rojas,30.0,Female,USA,Arizona,West Davidstad,Premium+,2024-09-05,True,5.55,Smart TV,5.0,2023-01-11 11:22:05.745623
user_07897,ugarcia@example.org,Meghan,Martin,26.0,Male,USA,Maryland,Port Jason,Basic,2024-11-04,False,13.17,Mobile,3.0,2024-09-16 06:07:45.335485
user_07903,davenportcaitlin@example.net,Ashley,Edwards,18.0,Female,Canada,British Columbia,East Crystalchester,Standard,2023-09-17,False,56.65,Gaming Console,4.0,2023-06-24 17:02:24.688910
user_07905,williamslindsey@example.org,Travis,Larsen,25.0,Male,Canada,Nova Scotia,South Conniebury,Premium,2024-07-03,True,26.0,Mobile,3.0,2024-11-20 06:34:42.494790
user_07907,michael73@example.net,Nicholas,Gonzalez,20.0,Female,Canada,British Columbia,Nguyenton,Premium,2024-05-30,True,26.29,Desktop,3.0,2023-11-10 11:47:44.392339
user_07910,mwilkerson@example.net,Aaron,Spencer,22.0,Male,USA,California,South Rebecca,Premium,2024-09-16,True,13.9,Smart TV,3.0,2023-10-28 13:03:40.951618
user_07911,imurphy@example.net,Sharon,Hunter,19.0,Female,USA,Maryland,Jacobstad,Basic,2024-09-24,True,5.89,Mobile,,2023-12-25 18:22:16.220257
user_07913,michaelstevens@example.com,Mary,Smith,26.0,Female,USA,Indiana,Carrton,Premium,2023-07-04,True,8.58,Gaming Console,2.0,2025-01-06 00:54:15.064778
user_07914,mthomas@example.net,Roy,Barrett,19.0,Female,Canada,Nova Scotia,Cruzbury,Standard,2023-02-18,True,4.89,Mobile,1.0,2023-10-10 01:24:22.894522
user_07915,hmcguire@example.net,Tammy,Durham,21.0,Male,Canada,New Brunswick,Port Daniel,Standard,2025-06-29,True,10.2,Gaming Console,3.0,2023-11-25 10:18:46.832626
user_07916,john81@example.org,Alec,Ross,23.0,Female,USA,Washington,Howardville,Premium+,2023-12-01,True,28.67,Smart TV,,2025-05-09 18:29:27.458976
user_07919,michael78@example.net,Todd,Grimes,25.0,Male,Canada,Saskatchewan,Lake Matthew,Basic,2023-10-29,True,20.33,Tablet,3.0,2025-07-28 01:08:38.202014
user_07920,andrewphillips@example.com,Claire,Hensley,21.0,Female,USA,Michigan,East Christineport,Premium,2023-10-04,True,14.21,Desktop,2.0,2022-08-28 16:12:14.835375
user_07922,tfrost@example.org,Maria,Wilson,21.0,Male,USA,Maryland,South Jared,Standard,2024-04-10,True,16.09,Smart TV,2.0,2023-02-07 22:41:43.877845
user_07923,danderson@example.com,Shannon,Chang,20.0,Male,USA,Wisconsin,Hernandezville,Premium,2023-07-24,True,15.67,Gaming Console,2.0,2023-04-30 07:48:14.989302
user_07926,kevinfletcher@example.com,Kristen,Stephenson,24.0,Male,Canada,Newfoundland and Labrador,Port Scotthaven,Standard,2023-02-16,True,5.87,Gaming Console,3.0,2025-07-01 14:35:32.891503
user_07932,davisbrittany@example.net,Kara,Williams,23.0,Female,USA,Georgia,Ambermouth,Premium,2024-06-26,True,,Tablet,1.0,2022-10-12 16:37:00.508548
user_07937,mark71@example.net,Linda,Reyes,21.0,,USA,Illinois,North Howardview,Premium,2024-06-25,True,7.61,Desktop,,2022-12-17 04:31:39.566538
user_07940,powerschristy@example.com,Vanessa,Brewer,27.0,Female,USA,Florida,South Mariah,Basic,2024-01-02,True,12.21,Desktop,5.0,2022-08-23 04:11:07.088448
user_07946,colliernicole@example.net,Hector,Miller,24.0,Male,USA,Pennsylvania,Lake Elizabethside,Premium+,2024-07-06,False,20.46,Desktop,2.0,2024-08-23 12:53:00.613660
user_07947,zsmith@example.com,Brandon,Barnes,25.0,Male,Canada,British Columbia,Kennethville,Premium,2024-03-04,False,11.78,Smart TV,4.0,2023-05-25 13:52:50.331178
user_07949,ynicholson@example.com,Rebecca,Roberts,29.0,,Canada,British Columbia,Ortizstad,Premium,2024-07-17,True,19.64,Mobile,1.0,2023-07-18 21:51:48.382740
user_07953,riverajulia@example.net,Teresa,Henderson,19.0,Male,Canada,Newfoundland and Labrador,Maldonadoberg,Standard,2022-09-07,True,,Gaming Console,3.0,2024-12-15 19:06:28.940043
user_07959,awoods@example.com,Joseph,Nelson,24.0,Male,USA,Pennsylvania,South Carolbury,Premium+,2025-05-15,True,12.53,Laptop,2.0,2023-09-28 05:46:11.814624
user_07961,donald00@example.net,Joshua,Davis,28.0,Female,USA,New York,East Lynn,Premium,2024-01-15,True,18.44,Desktop,5.0,2023-01-19 01:55:32.664524
user_07962,nanderson@example.com,Colleen,Douglas,25.0,Male,USA,Virginia,East Alan,Premium,2023-07-02,True,1.66,Desktop,4.0,2023-08-23 13:40:09.867263
user_07965,amysmith@example.com,Maria,Rodriguez,29.0,Female,USA,New York,Hillmouth,Standard,2025-03-27,False,20.94,Tablet,5.0,2023-09-03 17:37:52.916224
user_07975,laura62@example.com,William,Johnson,27.0,Female,USA,Washington,New Jennifer,Standard,2024-03-20,True,27.37,Mobile,5.0,2023-05-25 01:38:15.473160
user_07977,qlawson@example.com,Derek,Crosby,22.0,Male,USA,Maryland,North Anthonyshire,Premium,2023-10-16,True,37.71,Gaming Console,2.0,2024-11-09 19:22:42.649363
user_07984,emilymyers@example.com,Rachael,Burton,23.0,Male,USA,Virginia,Jeanchester,Basic,2022-08-05,True,14.9,Smart TV,3.0,2025-01-14 18:41:53.466591
user_07989,leonsamantha@example.net,Kelsey,Jensen,30.0,Female,USA,Wisconsin,Hallshire,Premium,2025-07-30,True,7.77,Mobile,,2022-10-02 07:42:51.788423
user_07991,dholloway@example.org,Christy,Riddle,19.0,Female,Canada,Manitoba,New Tiffany,Standard,2022-12-21,False,40.22,Tablet,1.0,2023-06-22 23:34:48.101453
user_07994,justinwest@example.net,Regina,Turner,22.0,Female,Canada,Newfoundland and Labrador,West Anthonyfurt,Premium,2022-09-11,True,51.19,Laptop,,2023-12-11 15:04:30.073655
user_07995,tyrone73@example.org,Adriana,Allen,19.0,Female,USA,California,Williamsonfort,Premium,2023-03-16,False,380.34,Smart TV,5.0,2023-03-26 07:27:40.899668
user_07998,matthewjackson@example.org,Mark,Hamilton,26.0,Female,Canada,Ontario,Shannonview,Premium+,2023-12-16,True,11.75,Laptop,3.0,2024-07-20 01:30:55.895987
user_08002,athomas@example.org,Troy,Johnson,18.0,Male,USA,Tennessee,Chanhaven,Premium+,2023-07-31,True,,Tablet,1.0,2025-06-19 19:52:56.342303
user_08004,tinamiller@example.com,Connie,Gutierrez,27.0,Male,Canada,Newfoundland and Labrador,Stonestad,Basic,2025-02-23,True,,Desktop,2.0,2023-01-21 07:30:01.909041
user_08021,kellylopez@example.org,Paul,Shaw,27.0,Female,USA,Washington,East Katelynshire,Premium,2022-11-29,True,8.34,Laptop,,2024-04-05 14:30:52.776941
user_08023,yduke@example.net,Donald,Parker,25.0,Female,USA,Virginia,Christopherland,Premium+,2023-06-17,True,20.39,Gaming Console,2.0,2024-06-08 00:35:09.966590
user_08029,megan13@example.org,Hannah,Johnson,21.0,Male,USA,Tennessee,Walkerburgh,Premium,2024-07-02,True,18.34,Laptop,4.0,2024-12-23 01:01:03.150802
user_08031,hobbsshelly@example.com,Scott,Simpson,25.0,Other,USA,North Carolina,Brandonland,Standard,2024-12-18,True,8.46,Gaming Console,5.0,2022-10-30 16:43:22.266937
user_08032,millerjared@example.org,Hannah,Thomas,25.0,Female,USA,North Carolina,Port Christina,Premium,2023-08-24,True,10.43,Mobile,4.0,2022-09-23 07:11:53.922872
user_08033,millerdalton@example.net,Samantha,Estes,26.0,Prefer not to say,USA,North Carolina,Lake Nicoleshire,Basic,2024-02-22,True,3.11,Gaming Console,2.0,2025-02-14 12:32:20.422601
user_08035,virginiaclark@example.org,Elizabeth,Stanley,26.0,Female,USA,Ohio,Nealstad,Standard,2022-12-29,True,29.47,Laptop,,2025-07-09 17:05:35.446835
user_08038,sburke@example.org,Audrey,Greene,30.0,Male,Canada,Quebec,West Shannon,Standard,2025-05-12,False,9.88,Laptop,1.0,2025-05-14 20:15:09.426209
user_08041,qcook@example.org,Tonya,Hoffman,24.0,Male,Canada,Nova Scotia,East Jamesmouth,Standard,2025-06-20,True,7.43,Desktop,4.0,2025-05-02 05:24:43.896307
user_08055,paullauren@example.org,Tim,Jones,18.0,,USA,Tennessee,Gainesstad,Premium,2023-11-09,True,9.5,Tablet,4.0,2023-07-14 08:53:42.937428
user_08058,marissamason@example.net,Cynthia,Osborne,19.0,Male,USA,Michigan,South Robertbury,Standard,2022-09-26,True,7.79,Smart TV,3.0,2022-11-07 15:35:47.162521
user_08069,phillipskathryn@example.net,Angela,Johnson,30.0,Female,USA,Pennsylvania,Thomasland,Premium,2022-09-20,True,31.75,Smart TV,3.0,2024-11-21 21:13:55.567652
user_08079,lawrencecampbell@example.org,Robert,Jones,22.0,Female,USA,Michigan,Ryanburgh,Standard,2025-05-12,True,3.53,Mobile,3.0,2022-09-28 07:58:33.231076
user_08086,ekelly@example.org,Justin,Peterson,30.0,Male,USA,Michigan,Elizabethside,Premium+,2025-06-28,True,7.72,Gaming Console,,2024-10-12 13:29:45.312408
user_08089,greenjohn@example.net,Reginald,Knapp,25.0,Female,Canada,Manitoba,South Anthonychester,Standard,2024-05-31,False,50.97,Desktop,5.0,2024-01-21 00:31:39.469316
user_08092,andreastrong@example.net,John,Powell,26.0,Female,USA,Maryland,Georgeland,Premium,2023-01-28,True,10.24,Laptop,2.0,2023-09-14 18:29:24.204287
user_08097,davidanderson@example.org,Anna,Johnson,28.0,Female,USA,Georgia,Robertbury,Premium,2025-01-10,False,12.69,Mobile,1.0,2023-06-17 09:55:25.545632
user_08113,smithmegan@example.org,Sean,Jones,30.0,Male,USA,New York,Port Richardstad,Standard,2022-08-11,True,20.66,Laptop,1.0,2024-11-25 20:17:32.881361
user_08116,jasonallen@example.com,Roy,Ward,27.0,Prefer not to say,USA,Indiana,Lake Jeremy,Standard,2023-02-07,True,30.65,Mobile,,2024-06-09 08:13:56.936195
user_08121,fnguyen@example.org,Jorge,Johnson,30.0,Prefer not to say,USA,Indiana,Lake Monica,Premium,2024-10-11,True,11.55,Mobile,2.0,2024-05-28 09:14:29.991717
user_08122,megan73@example.org,John,Jenkins,27.0,Male,Canada,Prince Edward Island,South Alyssa,Premium,2023-05-26,True,17.38,Gaming Console,3.0,2023-11-24 09:42:29.311350
user_08124,bfisher@example.net,Donald,Wheeler,27.0,Male,USA,Tennessee,Amyview,Basic,2025-01-04,False,,Tablet,2.0,2024-07-26 23:05:39.309451
user_08126,angelrose@example.net,Katie,Gonzales,26.0,Male,USA,Michigan,West Taylorfurt,Standard,2024-01-15,False,4.6,Mobile,5.0,2025-05-08 20:59:12.699126
user_08132,nicole01@example.org,Amanda,Taylor,26.0,Other,Canada,Alberta,Petersenmouth,Premium,2023-09-13,True,4.5,Gaming Console,4.0,2023-08-19 18:45:22.321950
user_08139,gporter@example.com,David,Cochran,22.0,Male,Canada,Quebec,Hopkinsburgh,Premium+,2025-03-09,True,27.22,Desktop,1.0,2024-04-24 11:15:05.802604
user_08142,jessicawolfe@example.com,David,Smith,26.0,Male,USA,Pennsylvania,South Bonnieton,Basic,2023-11-23,True,16.63,Gaming Console,1.0,2025-03-28 02:39:07.932665
user_08146,michaelhines@example.org,Yvonne,Richardson,20.0,Other,USA,New York,East Amberside,Premium,2023-01-12,True,14.17,Gaming Console,,2023-07-29 02:42:41.795222
user_08157,medinagary@example.com,Alicia,Lopez,22.0,Prefer not to say,USA,Michigan,Edwinmouth,Standard,2023-02-08,False,2.67,Laptop,4.0,2022-12-19 02:57:04.979852
user_08159,brian69@example.net,Jason,Berry,25.0,Female,Canada,British Columbia,Lopezmouth,Premium,2024-04-30,True,8.15,Laptop,,2024-03-03 13:33:27.836903
user_08160,morrisonkevin@example.com,Michael,Chandler,21.0,Male,Canada,Manitoba,New Michellehaven,Premium,2024-01-04,False,3.78,Smart TV,4.0,2022-10-05 05:51:39.554853
user_08161,kimberlydunn@example.org,Kristie,Brown,25.0,Male,Canada,New Brunswick,Justinport,Standard,2023-01-12,True,13.65,Tablet,2.0,2024-06-03 01:41:47.358521
user_08163,jacksonpamela@example.com,Cheryl,Curtis,18.0,,Canada,Prince Edward Island,Ryanmouth,Premium+,2022-11-05,True,3.71,Smart TV,,2025-01-07 01:12:00.271798
user_08164,wilkinsstephen@example.org,Adam,Wells,29.0,Male,USA,Virginia,Amandamouth,Premium,2023-12-17,True,6.46,Tablet,1.0,2023-10-28 08:40:16.185423
user_08168,joshua38@example.net,James,Gonzalez,25.0,Female,USA,North Carolina,Lake Andrea,Premium,2022-08-09,True,6.38,Desktop,2.0,2024-11-11 07:01:36.459755
user_08180,kelly24@example.net,Mariah,Lee,28.0,Female,USA,Texas,North Paula,Premium+,2022-12-12,True,5.19,Gaming Console,7.0,2023-05-17 01:14:55.806813
user_08181,ssmith@example.net,Benjamin,Smith,28.0,Male,USA,Indiana,Bakerfort,Standard,2024-06-27,True,24.29,Smart TV,1.0,2024-10-02 07:59:15.104679
user_08183,cynthiayork@example.org,Melinda,Hansen,27.0,Male,USA,Missouri,Garciahaven,Premium,2025-03-01,False,24.37,Tablet,4.0,2025-02-24 13:05:51.109880
user_08186,brianfleming@example.com,Crystal,Hughes,30.0,,USA,Maryland,Lisatown,Standard,2025-05-13,False,19.32,Desktop,1.0,2022-08-28 03:54:19.973253
user_08187,balljeffery@example.org,Benjamin,Griffith,28.0,Female,USA,Massachusetts,South Amybury,Standard,2024-05-28,False,,Gaming Console,3.0,2025-05-19 20:10:58.710064
user_08191,dennis23@example.net,Robert,Richardson,18.0,Male,USA,North Carolina,Kingmouth,Premium,2024-08-30,True,27.79,Mobile,4.0,2025-04-08 18:24:41.038388
user_08194,jball@example.com,Jason,Hill,27.0,Female,USA,New Jersey,Port Laura,Premium,2025-03-26,True,2.52,Desktop,,2023-07-09 22:52:38.175739
user_08201,bbarber@example.org,Rickey,Richardson,26.0,Male,USA,Maryland,Kyleshire,Standard,2022-08-20,True,18.72,Gaming Console,3.0,2024-12-27 20:56:56.800144
user_08203,ncervantes@example.org,Derek,Stokes,28.0,Female,USA,Georgia,Port Kari,Standard,2024-09-20,False,27.19,Laptop,6.0,2024-05-16 19:13:33.910473
user_08212,timothygutierrez@example.org,Joseph,Gomez,29.0,Other,USA,Maryland,Port Justinmouth,Standard,2025-04-26,True,16.74,Gaming Console,4.0,2024-11-07 20:50:54.343656
user_08214,jacobsonwilliam@example.org,Sarah,Yang,22.0,Male,Canada,Prince Edward Island,Thompsonside,Standard,2025-07-26,True,14.47,Tablet,6.0,2023-07-29 14:42:28.506123
user_08218,nedwards@example.org,Timothy,Johnson,28.0,Female,USA,Massachusetts,Hodgeborough,Basic,2024-11-28,True,4.79,Gaming Console,,2023-10-18 13:57:14.425005
user_08219,elizabeth39@example.com,Kelsey,Fowler,25.0,Female,USA,Virginia,Port Robertfurt,Premium+,2024-04-27,True,11.88,Tablet,,2025-07-02 04:19:37.498207
user_08220,nicolenorman@example.net,Jacqueline,Rogers,30.0,Female,USA,North Carolina,Xavierburgh,Basic,2023-03-20,True,,Gaming Console,3.0,2023-01-01 06:25:26.872009
user_08224,vberry@example.com,Nancy,Higgins,27.0,Female,Canada,Ontario,Huntville,Basic,2024-07-04,True,,Tablet,2.0,2024-07-11 03:10:58.072970
user_08226,keithstewart@example.net,Laura,Frederick,21.0,Female,USA,California,Laurabury,Premium+,2023-10-29,True,4.7,Smart TV,1.0,2023-01-21 01:35:18.509204
user_08227,westjim@example.net,Christopher,Bryan,22.0,Male,Canada,Prince Edward Island,Port Fredborough,Standard,2023-02-06,True,12.66,Smart TV,,2024-04-20 11:14:40.598402
user_08230,hornejulie@example.org,Darrell,Stanley,24.0,Male,USA,Virginia,South Aaron,Basic,2023-03-13,True,33.53,Smart TV,4.0,2024-05-15 18:37:12.290875
user_08231,martinjoseph@example.com,Jessica,Ashley,28.0,Female,Canada,Saskatchewan,South Rhonda,Premium+,2023-02-15,True,,Gaming Console,5.0,2023-05-02 03:43:21.140469
user_08235,harrisdanielle@example.com,Katherine,Deleon,22.0,Male,Canada,Newfoundland and Labrador,Christopherberg,Premium,2023-11-03,True,18.5,Laptop,2.0,2024-02-04 07:22:19.404886
user_08241,aknox@example.net,Lauren,Proctor,28.0,Male,USA,Massachusetts,Port Melinda,Basic,2022-11-17,True,2.77,Gaming Console,4.0,2022-10-03 20:38:38.820215
user_08243,janice27@example.com,Lisa,Ruiz,24.0,Female,USA,Washington,New Mark,Standard,2024-10-12,True,3.32,Laptop,2.0,2025-07-29 21:14:48.093865
user_08244,zacharymarshall@example.org,Larry,Pratt,28.0,Female,USA,Michigan,Taylormouth,Standard,2022-08-28,True,,Mobile,2.0,2022-10-22 21:32:22.889560
user_08247,loriwoods@example.com,Julie,Soto,25.0,Male,USA,Washington,Lake Juliefurt,Premium,2023-02-22,True,12.74,Tablet,3.0,2024-02-11 17:05:34.530361
user_08248,morgan14@example.com,Jamie,Hall,19.0,Female,Canada,New Brunswick,New Kimberlyfort,Standard,2024-12-10,True,4.06,Laptop,4.0,2025-07-10 22:15:10.014955
user_08255,matthewhoover@example.net,Elizabeth,Thomas,28.0,Male,USA,Missouri,Port Kathryn,Premium+,2024-02-13,True,,Tablet,,2023-01-11 05:00:55.431705
user_08260,jillian95@example.com,Mary,Williams,25.0,Male,USA,Missouri,West Kyleton,Premium,2023-04-07,True,10.31,Laptop,2.0,2023-07-21 21:36:44.701732
user_08266,zcollins@example.org,Kristin,Frank,25.0,Female,USA,Ohio,Justintown,Premium+,2022-10-30,False,7.92,Laptop,2.0,2023-03-12 12:27:58.152066
user_08272,courtneybrown@example.com,Judy,Mays,23.0,Female,USA,Virginia,West Michaelhaven,Premium+,2023-03-24,False,6.3,Gaming Console,1.0,2022-09-26 16:04:33.181165
user_08274,jacksonerik@example.com,Kayla,Ortiz,29.0,Male,USA,Washington,Christopherfort,Standard,2025-03-19,True,12.6,Mobile,4.0,2024-03-11 00:22:00.859313
user_08281,hancockkathryn@example.com,Joseph,Bartlett,30.0,Male,USA,Arizona,North Sue,Premium,2025-07-07,True,19.1,Mobile,2.0,2025-05-16 22:11:58.019849
user_08283,rcamacho@example.net,Alexandria,Parsons,24.0,Female,USA,California,Port Ashleyport,Standard,2024-08-24,True,5.5,Smart TV,,2023-11-17 14:43:54.370637
user_08286,chavezamanda@example.org,Heidi,Barr,26.0,,USA,Georgia,Lake Kellyton,Standard,2024-05-21,True,27.99,Desktop,1.0,2025-05-06 17:01:45.227030
user_08301,lejason@example.net,Anita,Singleton,27.0,Prefer not to say,USA,Pennsylvania,Taylorville,Premium,2024-03-07,True,,Gaming Console,3.0,2023-02-09 05:35:31.914761
user_08302,harrisjames@example.net,Louis,Barber,28.0,Male,Canada,Ontario,Donnaborough,Basic,2023-01-19,True,34.43,Tablet,4.0,2022-11-15 10:54:10.442810
user_08309,joyce11@example.com,Renee,Hayes,26.0,Male,USA,Michigan,Craigview,Standard,2024-03-18,True,14.86,Desktop,4.0,2025-02-01 03:48:02.421217
user_08310,briansimmons@example.org,Kelly,Cole,19.0,Female,USA,Texas,Grahamfort,Standard,2023-06-12,True,10.8,Desktop,5.0,2024-03-20 03:12:28.386838
user_08312,wilsoncrystal@example.net,Robert,Rivera,24.0,Male,Canada,Prince Edward Island,East Nicholas,Basic,2023-08-29,True,12.6,Laptop,4.0,2024-10-30 11:03:38.281404
user_08315,lbailey@example.org,Ivan,Roy,23.0,Male,USA,Maryland,Amandaside,Premium+,2023-01-06,True,3.52,Desktop,4.0,2023-08-27 20:13:04.421620
user_08320,valerierodriguez@example.org,Mark,Jones,23.0,Male,Canada,Prince Edward Island,North Joseph,Premium,2023-04-23,True,5.41,Desktop,,2022-08-12 10:46:04.030447
user_08328,rothsharon@example.org,Nathan,Lopez,24.0,Female,Canada,Saskatchewan,West Nathaniel,Standard,2025-07-28,True,25.11,Smart TV,1.0,2023-08-03 21:41:53.403939
user_08329,laura05@example.com,Tiffany,Norris,18.0,Female,USA,Arizona,Ayalaville,Premium,2023-11-10,True,23.0,Desktop,3.0,2025-03-24 11:57:49.145227
user_08331,daniel20@example.com,Stephen,Cole,28.0,Female,USA,Maryland,East Stanleyland,Premium,2023-05-01,True,,Tablet,2.0,2023-11-10 21:58:03.830755
user_08332,yodersherri@example.com,Brian,Stone,30.0,Female,USA,Tennessee,West Jonathonshire,Premium,2024-10-15,True,24.96,Mobile,3.0,2023-01-15 02:39:48.435852
user_08333,vporter@example.com,Keith,Mcguire,29.0,Female,Canada,Ontario,Mortonfurt,Basic,2024-10-08,False,11.25,Smart TV,,2023-05-28 00:06:47.258765
user_08335,hayleyrivera@example.org,Kelly,Mckinney,24.0,,Canada,New Brunswick,Codyfurt,Premium,2023-10-06,True,16.5,Mobile,1.0,2024-12-11 19:11:46.254974
user_08336,smithbrandy@example.org,David,Wilkins,21.0,Female,USA,Pennsylvania,Roweburgh,Standard,2023-08-21,False,13.79,Tablet,3.0,2023-05-01 23:17:18.880750
user_08339,ohardin@example.org,Angela,Barton,26.0,Prefer not to say,USA,Georgia,Lake Jacqueline,Standard,2022-08-30,True,10.06,Gaming Console,4.0,2022-11-22 21:21:17.503028
user_08340,qanderson@example.com,Rachael,Huffman,24.0,Female,Canada,Newfoundland and Labrador,Robertsberg,Premium,2025-07-05,True,9.27,Gaming Console,2.0,2024-08-09 05:08:16.080535
user_08341,qsummers@example.com,Rachael,Stone,28.0,,USA,Pennsylvania,New Allen,Premium,2023-10-08,False,14.71,Desktop,5.0,2024-09-12 21:11:11.374584
user_08351,thomas34@example.com,Julie,Robertson,26.0,Male,USA,Texas,West Jamesstad,Premium+,2025-05-21,True,5.31,Desktop,2.0,2023-01-17 17:13:00.121353
user_08352,carmen15@example.org,Dana,Martin,22.0,Male,USA,Michigan,West Kristen,Standard,2023-07-22,True,15.28,Smart TV,,2023-01-08 07:46:31.586524
user_08354,gbowen@example.org,Ashley,Blevins,22.0,Male,USA,Washington,Roberthaven,Premium,2023-11-24,True,,Desktop,5.0,2023-02-03 09:54:23.193606
user_08359,jamesclark@example.org,John,Aguilar,30.0,Female,USA,North Carolina,Julianbury,Premium,2025-01-26,True,39.26,Smart TV,4.0,2024-07-22 23:10:40.440143
user_08363,equinn@example.net,Samuel,Noble,24.0,Male,USA,New Jersey,North Miguelmouth,Standard,2024-03-27,False,21.04,Desktop,3.0,2025-06-29 21:27:06.390470
user_08364,xjohnson@example.org,Christina,Shelton,30.0,Male,Canada,New Brunswick,Floresmouth,Premium,2025-03-30,True,21.89,Gaming Console,4.0,2024-09-01 13:53:11.533121
user_08365,jeanette88@example.org,Stephanie,Hickman,30.0,Female,USA,North Carolina,New Erik,Basic,2025-02-24,True,37.27,Gaming Console,,2024-05-25 06:09:18.896539
user_08366,manningwilliam@example.com,Paula,Cox,30.0,Female,USA,Michigan,New Rebecca,Premium,2024-08-03,True,18.87,Laptop,3.0,2025-04-03 10:19:50.714812
user_08372,ricejohn@example.org,Emily,Gonzalez,30.0,Male,USA,Wisconsin,Stevenborough,Premium,2023-11-25,True,17.4,Smart TV,2.0,2025-05-15 10:23:55.453296
user_08377,qhubbard@example.org,Barbara,Summers,19.0,Female,Canada,British Columbia,Nunezmouth,Standard,2024-08-11,True,,Gaming Console,3.0,2023-07-09 22:34:42.589535
user_08380,carterjoseph@example.net,Jason,Jimenez,20.0,Male,USA,Maryland,Nelsonmouth,Basic,2022-10-08,True,5.61,Desktop,,2024-11-09 01:15:11.330296
user_08384,margaret07@example.org,Jay,Romero,30.0,Female,Canada,Alberta,Taraview,Standard,2023-11-08,True,4.48,Tablet,3.0,2023-05-17 19:42:04.887996
user_08385,andrea06@example.net,Sydney,Escobar,30.0,Female,Canada,New Brunswick,Jessicachester,Standard,2025-01-05,True,20.45,Smart TV,5.0,2025-04-18 11:56:29.941988
user_08386,meyermichael@example.org,Travis,Johnson,27.0,Female,USA,Arizona,Rachelport,Premium,2024-09-09,True,24.76,Desktop,3.0,2023-12-08 06:30:57.286251
user_08394,rebeccamullins@example.org,James,Davis,29.0,Female,USA,Texas,Ashleybury,Premium,2023-09-28,True,7.92,Tablet,4.0,2023-07-23 15:50:56.147254
user_08404,larrymarshall@example.net,Laura,Miles,26.0,Female,Canada,Alberta,West Margaret,Standard,2023-06-03,False,,Laptop,2.0,2024-03-19 07:07:33.042497
user_08405,ihodges@example.com,Nicole,Henry,24.0,Male,Canada,Quebec,West Mercedes,Standard,2023-09-05,False,33.05,Smart TV,2.0,2024-12-02 21:46:15.757106
user_08406,tylerthompson@example.com,Shelby,White,29.0,,USA,Washington,Port Joseph,Basic,2025-03-15,True,27.57,Tablet,2.0,2025-01-23 07:29:10.809056
user_08408,brandoncarson@example.com,Debra,Wilson,20.0,,USA,North Carolina,Joemouth,Basic,2024-02-04,True,9.89,Desktop,2.0,2025-03-31 09:41:51.976782
user_08409,jeremysmith@example.net,Linda,Wise,22.0,Female,USA,Tennessee,Perryberg,Standard,2024-09-20,True,18.83,Laptop,1.0,2023-02-25 01:32:18.943804
user_08410,heidi21@example.net,Zachary,Watts,19.0,,USA,Illinois,West Olivia,Standard,2025-06-09,False,7.37,Laptop,,2024-03-25 16:39:55.626256
user_08416,melissamoran@example.net,Brandon,Williamson,20.0,,Canada,Nova Scotia,Tanyabury,Standard,2024-11-26,True,8.15,Gaming Console,2.0,2023-11-23 23:39:43.602909
user_08417,ronaldrodriguez@example.net,Benjamin,Taylor,27.0,Female,USA,Arizona,West Timothy,Standard,2025-04-07,True,23.2,Tablet,1.0,2022-12-09 09:51:45.615616
user_08419,ggonzalez@example.com,Tamara,Martinez,30.0,Male,USA,Ohio,Zacharyville,Standard,2023-11-25,True,3.05,Gaming Console,,2024-12-12 02:12:19.737505
user_08423,reedjeffrey@example.org,Nathan,Dudley,24.0,Female,USA,Georgia,East Terri,Standard,2024-10-29,True,7.1,Mobile,,2022-08-27 08:05:09.231193
user_08429,williamjames@example.net,Misty,Fowler,28.0,Male,USA,Virginia,New Jeffrey,Premium+,2023-04-29,False,10.93,Tablet,2.0,2023-10-07 20:20:35.631734
user_08430,roywatts@example.com,Dana,Fernandez,27.0,Male,USA,Missouri,East Tyler,Basic,2025-02-05,True,4.94,Laptop,,2025-01-10 01:02:01.742978
user_08433,joshuarice@example.org,Nicholas,Young,26.0,Male,USA,Arizona,Port Jessica,Premium,2023-10-20,False,13.52,Smart TV,,2023-03-20 21:32:32.602323
user_08434,morrisonmelanie@example.com,Wayne,Ramirez,27.0,,Canada,Prince Edward Island,East Matthewtown,Standard,2023-12-24,True,2.26,Tablet,3.0,2024-11-12 11:26:25.708908
user_08436,ygallegos@example.com,Ryan,Cuevas,19.0,Female,USA,Tennessee,New Gregoryport,Standard,2024-11-10,True,13.02,Desktop,2.0,2023-09-15 16:54:07.174325
user_08448,johnbutler@example.org,Deanna,Matthews,28.0,Prefer not to say,Canada,Newfoundland and Labrador,Muellermouth,Premium,2024-05-01,True,8.98,Gaming Console,1.0,2022-12-23 22:14:07.090230
user_08449,jeremylee@example.net,Ellen,Jackson,20.0,Female,USA,Washington,Port Jamesshire,Standard,2022-11-13,True,33.98,Desktop,3.0,2024-01-31 06:16:20.033633
user_08454,jason11@example.com,James,Smith,18.0,,USA,Washington,New Greg,Standard,2025-02-08,True,11.88,Desktop,,2022-10-11 18:18:35.211255
user_08461,ljenkins@example.org,Jacob,Campbell,20.0,,USA,New Jersey,Trujilloview,Standard,2022-10-07,True,7.33,Smart TV,5.0,2025-05-20 12:46:26.919845
user_08467,jessica79@example.org,Matthew,Johnson,20.0,Male,Canada,Prince Edward Island,North Danielborough,Premium+,2023-07-16,False,10.58,Tablet,6.0,2025-07-11 10:11:06.248523
user_08469,deborah02@example.com,Ronald,Jones,24.0,Female,USA,Ohio,East Valerie,Standard,2022-11-29,True,6.29,Tablet,,2023-01-14 15:48:59.810239
user_08480,robert48@example.org,Eric,Willis,24.0,,USA,Massachusetts,North Billy,Premium,2024-02-03,True,9.29,Tablet,2.0,2025-04-04 06:16:04.910010
user_08481,brooke01@example.com,Steven,Campbell,27.0,Male,USA,Wisconsin,Turnermouth,Premium,2025-01-31,True,,Gaming Console,3.0,2023-08-08 04:34:18.829248
user_08482,robertsmichael@example.org,Craig,Foley,23.0,Female,Canada,Saskatchewan,West Monique,Standard,2024-11-16,True,,Laptop,1.0,2022-09-02 05:24:48.850631
user_08486,barbara35@example.com,Carol,Moore,29.0,,Canada,New Brunswick,Lake Stephanieton,Basic,2025-01-10,True,29.09,Desktop,4.0,2025-02-14 08:40:40.777180
user_08489,mark99@example.net,Robin,Hatfield,21.0,Prefer not to say,USA,Florida,East Madelineton,Premium,2024-04-13,True,8.13,Mobile,2.0,2023-08-05 00:08:10.523697
user_08490,rlittle@example.com,Nicole,Brown,27.0,Male,USA,Washington,Port Debra,Premium,2023-03-07,True,11.99,Laptop,3.0,2022-10-15 06:33:04.714592
user_08492,robertotaylor@example.org,Donald,Wood,18.0,Female,Canada,Nova Scotia,Wallaceberg,Premium,2024-03-13,True,4.74,Mobile,2.0,2023-06-04 06:22:26.426282
user_08495,hmartinez@example.net,Brandon,Watkins,22.0,Female,USA,Texas,Port Christine,Standard,2024-08-18,True,12.77,Mobile,1.0,2024-07-10 09:28:28.295179
user_08499,madison16@example.net,Tamara,Bailey,21.0,Female,USA,Missouri,Patrickshire,Premium,2024-05-05,True,8.89,Smart TV,1.0,2023-07-09 14:38:28.937541
user_08506,washingtondaniel@example.org,Catherine,Hayes,24.0,Female,Canada,New Brunswick,Castillotown,Basic,2022-09-21,True,16.41,Gaming Console,4.0,2025-07-02 12:10:00.452052
user_08508,jillian03@example.org,Samuel,Johnson,20.0,Male,USA,Illinois,Port Matthewburgh,Standard,2025-04-20,True,16.74,Mobile,6.0,2023-11-10 11:19:22.734881
user_08509,sanchezjessica@example.net,William,Sanchez,26.0,Female,Canada,Prince Edward Island,Rossshire,Premium+,2023-07-11,True,10.29,Gaming Console,3.0,2024-08-07 11:34:30.092465
user_08510,ewallace@example.net,Scott,Gibbs,23.0,Female,Canada,New Brunswick,Kingview,Premium,2024-04-19,True,13.88,Desktop,1.0,2022-09-19 00:11:35.525163
user_08518,johnsonamber@example.org,Molly,Gallegos,30.0,Female,USA,Texas,South Eric,Premium+,2023-07-08,True,6.15,Mobile,6.0,2025-05-14 14:33:40.613100
user_08522,danny94@example.com,Jonathan,Wade,28.0,Male,Canada,Manitoba,Port Kimberly,Basic,2025-05-14,True,4.74,Smart TV,2.0,2024-05-29 05:53:18.337345
user_08527,dustinkrueger@example.com,Derrick,Johnson,30.0,Female,USA,New Jersey,Port Mandymouth,Standard,2023-01-25,True,25.05,Laptop,3.0,2024-12-27 21:55:59.770371
user_08528,jessemartin@example.net,Diane,Roberts,18.0,Female,USA,Michigan,East Andrew,Premium,2025-05-16,False,18.5,Desktop,,2022-11-29 01:38:07.311352
user_08532,robinsonrobin@example.net,Danielle,Crawford,25.0,Female,USA,Ohio,Thomasfort,Premium,2023-04-29,True,29.42,Mobile,5.0,2022-08-24 18:30:04.714291
user_08535,brenda24@example.org,Angela,Lewis,28.0,Female,Canada,Saskatchewan,Hillshire,Standard,2022-09-20,True,3.82,Laptop,1.0,2023-10-28 06:55:01.689169
user_08537,tiffany13@example.com,Kayla,Hunt,19.0,Female,Canada,Newfoundland and Labrador,East Jeffrey,Basic,2024-10-07,True,5.23,Gaming Console,,2023-08-12 09:57:01.720760
user_08548,fieldsluke@example.com,Cheryl,Bennett,20.0,Male,USA,Texas,Harttown,Premium,2022-11-01,True,13.53,Tablet,6.0,2024-04-17 14:48:48.186764
user_08550,hansonchristopher@example.org,John,Mcintyre,26.0,Male,USA,New York,South Denise,Basic,2023-01-25,False,,Gaming Console,7.0,2023-10-05 11:19:26.229591
user_08553,tiffany53@example.com,Kelly,Parsons,24.0,Female,USA,New York,Port Guy,Standard,2023-12-09,False,30.88,Mobile,3.0,2023-04-04 12:40:06.715255
user_08554,edward18@example.org,John,Ruiz,30.0,Female,USA,Ohio,New Kimberly,Premium,2024-11-28,True,,Tablet,,2023-03-05 15:23:26.140476
user_08568,luke15@example.org,Patrick,Burton,21.0,Female,USA,Ohio,East Samantha,Standard,2024-03-22,True,15.4,Smart TV,1.0,2025-07-16 12:05:03.437446
user_08575,anthony94@example.com,Jessica,Crosby,22.0,Male,Canada,Prince Edward Island,Snowchester,Standard,2024-10-03,True,7.3,Smart TV,3.0,2024-08-10 21:13:39.441121
user_08577,eswanson@example.com,Marissa,Hatfield,20.0,Male,USA,New Jersey,West Gregory,Basic,2022-08-02,False,10.0,Gaming Console,2.0,2022-12-06 12:41:00.651886
user_08597,cathymacdonald@example.org,Jessica,Avery,28.0,Female,USA,Georgia,Brianhaven,Premium,2025-02-03,True,11.56,Gaming Console,4.0,2024-08-07 16:45:23.396660
user_08599,dianemoran@example.org,Sharon,Ruiz,21.0,Female,Canada,Nova Scotia,Erinmouth,Basic,2022-11-04,True,40.99,Mobile,1.0,2024-11-08 02:23:22.688940
user_08605,nwilliams@example.net,Tiffany,Sanchez,29.0,Female,Canada,Nova Scotia,Peterston,Premium,2024-09-21,False,,Desktop,3.0,2024-11-14 15:31:30.476652
user_08607,walter85@example.org,Regina,Travis,23.0,Female,Canada,Quebec,New Tammybury,Premium+,2024-10-10,True,3.02,Smart TV,4.0,2023-11-28 08:58:37.381877
user_08608,crystalmartinez@example.net,Monique,Mcneil,29.0,Male,Canada,Saskatchewan,Christopherville,Standard,2025-06-10,True,29.36,Mobile,1.0,2024-11-11 09:13:44.675390
user_08609,carrollana@example.org,Tracy,Fisher,27.0,Male,Canada,Nova Scotia,Bradychester,Standard,2025-06-07,True,17.67,Laptop,4.0,2022-09-19 14:52:23.001326
user_08612,browningamy@example.org,Patricia,Sanders,18.0,Other,Canada,Manitoba,Port Benjaminmouth,Premium,2024-01-06,True,10.54,Desktop,4.0,2025-05-11 16:35:30.164677
user_08617,colleen12@example.com,Kenneth,Jarvis,26.0,Male,USA,New Jersey,Lefort,Basic,2024-09-21,True,6.68,Tablet,1.0,2022-08-15 03:45:40.157231
user_08620,brownriley@example.org,Chelsea,Miller,30.0,Male,USA,California,Deannachester,Premium,2024-09-16,True,16.73,Desktop,5.0,2024-05-17 08:59:40.053918
user_08622,michelle35@example.com,Andrew,Jones,25.0,Male,USA,California,New Alexandra,Basic,2023-10-25,True,3.66,Laptop,,2025-02-14 18:17:19.040650
user_08629,john36@example.com,Cassie,Lopez,20.0,Female,USA,Texas,Shelbymouth,Basic,2024-06-25,True,3.88,Tablet,,2025-04-14 01:15:39.233221
user_08637,smithcourtney@example.com,Sandra,Smith,26.0,,USA,Pennsylvania,Lake Brandi,Basic,2023-03-16,True,47.33,Laptop,2.0,2022-12-20 17:04:53.410115
user_08640,sullivanheather@example.net,John,Swanson,30.0,Female,Canada,Prince Edward Island,Berryhaven,Standard,2023-01-08,True,,Desktop,3.0,2023-12-18 23:44:43.941993
user_08645,morrisonlisa@example.org,William,Henry,18.0,Female,Canada,Quebec,Hooperton,Premium,2023-02-22,True,5.91,Mobile,1.0,2022-09-30 14:33:57.984071
user_08649,williamsstacey@example.org,Adam,Silva,24.0,Female,USA,Arizona,Calhounport,Standard,2025-07-22,True,71.02,Gaming Console,,2023-03-24 17:36:26.085190
user_08653,blake05@example.net,Thomas,Hunter,29.0,Female,USA,New Jersey,Lake Pamelamouth,Premium,2022-10-19,True,28.03,Laptop,2.0,2022-10-30 16:43:55.621741
user_08660,mcdonaldpamela@example.com,William,Clayton,18.0,Male,USA,Washington,New Edwardhaven,Standard,2024-06-24,True,30.36,Smart TV,4.0,2023-03-28 00:19:13.245665
user_08664,heidi37@example.com,Mary,Atkinson,26.0,Female,Canada,Quebec,Port Carolynville,Standard,2024-01-17,True,,Smart TV,2.0,2024-02-11 03:35:11.978050
user_08665,dunlapmelanie@example.com,Amanda,Garcia,21.0,Male,Canada,Alberta,New Lauratown,Premium,2022-12-25,True,27.63,Desktop,2.0,2022-09-19 23:30:56.685780
user_08669,camposjennifer@example.com,Sue,Ross,30.0,,USA,Georgia,West Christian,Premium,2022-09-23,True,6.66,Mobile,5.0,2023-04-25 17:54:16.180872
user_08673,lchavez@example.org,Daniel,York,26.0,Male,USA,Washington,Garrettberg,Premium,2023-05-06,True,,Laptop,,2022-10-19 01:20:53.570882
user_08675,virginiawillis@example.net,Rachel,Smith,22.0,Male,Canada,New Brunswick,Port Michael,Standard,2024-05-23,True,27.55,Smart TV,1.0,2023-11-07 14:33:15.944291
user_08678,pmcbride@example.com,Leah,Armstrong,27.0,,USA,Massachusetts,Andreaburgh,Standard,2025-04-05,True,,Desktop,2.0,2024-08-23 04:41:30.299762
user_08682,tylermiller@example.org,Tasha,Austin,28.0,Female,USA,Washington,Lake Stephenhaven,Standard,2022-11-23,True,2.81,Gaming Console,2.0,2022-09-30 01:11:23.137341
user_08684,tara42@example.net,Jason,Flynn,27.0,Female,USA,Texas,Robertmouth,Premium,2023-09-18,True,12.94,Gaming Console,3.0,2023-08-31 16:02:28.315207
user_08695,campbelltiffany@example.com,Andrea,Powell,28.0,Female,USA,California,Brownstad,Premium+,2024-07-28,True,28.22,Desktop,4.0,2024-05-16 21:57:43.245655
user_08697,kcastaneda@example.org,Barbara,Miller,22.0,Female,USA,Florida,New Susan,Premium,2023-03-16,True,13.93,Mobile,2.0,2022-08-07 14:55:30.314477
user_08699,stewartwilliam@example.net,Gilbert,Harvey,28.0,Female,Canada,British Columbia,West Kristen,Standard,2023-01-17,True,9.36,Smart TV,2.0,2024-03-06 17:25:57.073316
user_08700,johnsonmegan@example.org,Jessica,Singh,23.0,Male,USA,Texas,Perezville,Premium,2023-04-12,False,22.67,Tablet,1.0,2025-05-06 18:41:20.158441
user_08725,david08@example.net,Mary,Ruiz,26.0,Female,USA,North Carolina,New Kevin,Basic,2023-07-19,True,10.36,Smart TV,4.0,2023-02-04 03:52:31.039974
user_08726,fellison@example.org,Emma,Hartman,21.0,Male,USA,Washington,West Brittanyfort,Basic,2024-12-09,True,12.14,Laptop,3.0,2025-03-17 05:04:40.397228
user_08736,dalerowe@example.org,Henry,Lawson,21.0,Male,Canada,British Columbia,Brownton,Premium+,2024-11-10,True,7.89,Smart TV,2.0,2022-11-16 14:09:08.076463
user_08737,watkinsrebecca@example.com,Steven,Hughes,26.0,Male,USA,Florida,Knightchester,Basic,2023-01-14,True,21.87,Mobile,4.0,2025-04-14 23:23:25.660062
user_08742,wlamb@example.net,Anne,Hart,26.0,Female,Canada,Prince Edward Island,Campbellview,Premium,2024-09-13,True,25.7,Mobile,1.0,2024-09-30 20:41:17.009167
user_08746,robincooper@example.org,Kelli,Welch,29.0,Male,USA,Maryland,Sandersbury,Standard,2024-05-21,True,16.33,Smart TV,2.0,2025-02-18 21:43:42.054595
user_08750,molly03@example.org,Jennifer,Harrison,30.0,Female,Canada,Newfoundland and Labrador,Robinsonfort,Basic,2022-11-11,True,15.19,Smart TV,2.0,2023-11-17 06:27:38.224478
user_08751,brownamy@example.net,Vickie,Perry,26.0,Other,USA,Texas,New Elizabethport,Premium,2025-04-05,True,13.22,Gaming Console,6.0,2025-08-01 05:51:04.424734
user_08757,awashington@example.org,Bobby,Lester,26.0,Female,USA,Texas,Hollowayborough,Standard,2023-02-04,True,7.22,Desktop,,2023-08-10 18:17:31.533336
user_08760,zharrell@example.com,Jennifer,Sanders,26.0,Male,Canada,Nova Scotia,Manuelmouth,Premium+,2023-07-22,True,31.32,Gaming Console,2.0,2023-02-12 15:07:26.919847
user_08769,alexandra67@example.net,Taylor,Bruce,26.0,Male,USA,California,Hendersonville,Premium+,2023-04-08,True,7.5,Tablet,1.0,2023-05-21 15:54:13.729906
user_08771,carrolllauren@example.com,William,Cisneros,23.0,,USA,New Jersey,South Gabrielle,Basic,2024-10-12,True,2.6,Mobile,6.0,2024-02-17 17:40:33.128286
user_08772,dennis91@example.org,Diana,Jones,30.0,Female,USA,Indiana,Lake Kyle,Premium+,2023-12-31,True,11.07,Desktop,4.0,2025-07-08 16:30:22.330112
user_08775,zpeterson@example.net,Isaiah,Garza,23.0,Male,USA,Georgia,New Kaitlynbury,Standard,2024-10-13,False,,Laptop,,2023-07-30 19:06:47.345590
user_08776,egates@example.net,Joel,Gilmore,30.0,Female,Canada,Newfoundland and Labrador,North Scottville,Standard,2025-06-17,True,1.62,Tablet,3.0,2024-02-29 08:34:46.197920
user_08777,erin47@example.com,Gary,Miller,30.0,Prefer not to say,USA,North Carolina,Zamoramouth,Basic,2024-04-30,True,37.89,Tablet,5.0,2025-04-07 20:38:38.201077
user_08783,susanrodriguez@example.org,Melissa,Kerr,19.0,Male,USA,Massachusetts,Jenningsfurt,Premium,2022-10-18,True,16.72,Laptop,,2024-03-03 14:34:43.579732
user_08787,katherineayers@example.org,Karen,Poole,28.0,Male,USA,Tennessee,Potterbury,Premium,2024-08-21,True,19.76,Smart TV,6.0,2025-02-17 09:15:40.407374
user_08793,pmiranda@example.com,Amanda,Jones,30.0,Female,USA,North Carolina,North Elizabeth,Standard,2023-06-26,True,11.57,Laptop,2.0,2023-08-28 05:01:39.865657
user_08797,esteskelsey@example.org,Lauren,Martin,22.0,Male,USA,Missouri,North Andrew,Basic,2025-02-26,True,3.44,Gaming Console,2.0,2024-10-01 22:20:01.740662
user_08798,ricekenneth@example.com,Shannon,Ramsey,24.0,Female,Canada,Newfoundland and Labrador,New Thomaschester,Standard,2023-02-10,True,14.38,Laptop,2.0,2023-09-21 01:56:51.570007
user_08815,ernest90@example.net,Teresa,Jones,21.0,Male,Canada,Nova Scotia,Courtneyfurt,Premium,2023-03-14,True,10.97,Smart TV,2.0,2022-12-08 02:42:56.555017
user_08819,melissa26@example.net,Matthew,Evans,29.0,Male,Canada,Nova Scotia,Garnerchester,Basic,2024-11-19,True,27.39,Tablet,3.0,2023-08-14 15:07:23.096607
user_08820,whitemicheal@example.org,Xavier,Carpenter,28.0,Female,USA,Washington,Gonzalezburgh,Premium,2024-05-11,True,6.65,Smart TV,,2023-08-26 12:54:26.065858
user_08828,brenda54@example.net,Veronica,Brooks,30.0,Female,Canada,Saskatchewan,North Debraborough,Standard,2023-12-22,True,1.31,Smart TV,5.0,2024-06-01 08:32:22.953124
user_08831,pruittstacey@example.com,Lauren,Sampson,30.0,Female,USA,Maryland,East Samuelport,Standard,2025-01-22,True,20.99,Smart TV,,2024-03-26 22:59:48.326042
user_08832,brittany32@example.org,Carrie,Potter,25.0,Male,USA,North Carolina,New Charlenestad,Standard,2023-02-28,True,7.82,Desktop,4.0,2024-03-18 04:29:50.344316
user_08840,lauriegilbert@example.com,Michael,Santos,25.0,Other,USA,Michigan,Nelsonberg,Standard,2024-10-30,True,8.81,Mobile,3.0,2025-04-02 23:21:24.742434
user_08842,pmiller@example.org,Denise,Mcdaniel,24.0,,USA,Wisconsin,Port Justinborough,Basic,2024-09-06,False,15.4,Desktop,2.0,2024-01-02 22:17:36.139204
user_08847,jamie35@example.net,Walter,Allen,30.0,Female,USA,Pennsylvania,Josehaven,Premium,2022-09-19,True,15.09,Laptop,3.0,2024-06-15 09:58:15.130618
user_08848,ujohnson@example.com,Justin,Martin,19.0,Male,USA,Maryland,Lake Monica,Premium,2025-06-01,False,,Laptop,3.0,2025-05-11 16:03:01.322922
user_08856,williamsjoshua@example.org,Kelly,Mullins,29.0,Male,USA,Arizona,New Marc,Premium,2024-07-10,True,8.13,Tablet,3.0,2024-04-06 01:04:23.136360
user_08857,chloeblack@example.net,Tara,Baker,25.0,Male,USA,California,Erinborough,Standard,2024-07-09,True,4.78,Gaming Console,2.0,2024-04-05 17:50:22.674150
user_08858,harveyernest@example.org,Tara,Hernandez,20.0,,USA,Florida,West Troy,Premium,2022-10-05,True,10.48,Smart TV,,2022-12-18 05:15:33.084315
user_08861,perkinsmichael@example.net,Nicholas,West,27.0,Male,Canada,Ontario,West Hunter,Standard,2023-11-09,False,,Smart TV,2.0,2024-01-02 11:43:38.227794
user_08863,yjohnson@example.org,Amanda,Scott,27.0,Male,USA,Wisconsin,Port Eric,Basic,2025-06-03,False,15.08,Gaming Console,,2022-11-17 22:51:06.843192
user_08864,andrew78@example.com,Jeff,Mccullough,24.0,Male,USA,Ohio,Nancyland,Premium,2024-11-18,True,22.88,Tablet,2.0,2025-06-24 07:13:36.970510
user_08866,bjones@example.net,Matthew,Wood,21.0,Female,USA,California,West Heidi,Standard,2024-05-21,True,2.01,Laptop,4.0,2024-02-04 07:41:18.450683
user_08868,angelajohnson@example.org,Margaret,Collier,30.0,Male,USA,Michigan,Johnsonburgh,Standard,2024-11-28,True,9.76,Smart TV,2.0,2024-01-27 21:20:01.897979
user_08876,robert70@example.net,Christian,Mitchell,30.0,,Canada,Nova Scotia,East Micheleberg,Premium,2024-01-04,True,25.4,Gaming Console,1.0,2023-11-19 17:06:34.195159
user_08882,trobertson@example.com,Jennifer,Myers,27.0,Female,Canada,Manitoba,Tammyside,Premium,2023-04-14,True,,Desktop,4.0,2022-09-26 16:14:18.183189
user_08883,robertfowler@example.net,Lindsey,Hawkins,28.0,Female,USA,Massachusetts,Lake Raymond,Standard,2023-04-11,True,18.09,Gaming Console,2.0,2024-10-03 01:50:27.934556
user_08884,csawyer@example.net,David,Fitzpatrick,26.0,,USA,Washington,Sarahfort,Premium,2025-05-26,True,11.17,Smart TV,2.0,2023-06-07 11:54:28.854922
user_08889,tara19@example.com,Michael,Anthony,20.0,,USA,Georgia,South Jeanne,Standard,2023-12-13,True,24.73,Smart TV,3.0,2025-07-11 17:11:18.275373
user_08893,michelle09@example.net,Harold,Davis,24.0,Male,USA,California,West Todd,Standard,2023-08-06,False,22.95,Smart TV,4.0,2025-06-01 01:18:36.063201
user_08898,jessica95@example.net,Casey,Johnson,22.0,,USA,Pennsylvania,North Jeffery,Standard,2022-09-10,False,0.67,Desktop,,2023-04-06 03:14:20.983159
user_08902,daymary@example.com,Emily,Garcia,26.0,Other,USA,Tennessee,South Toddmouth,Premium,2023-05-19,True,2.65,Gaming Console,1.0,2025-02-20 22:21:53.152040
user_08904,zholmes@example.org,Jeffrey,Goodwin,20.0,Male,Canada,Prince Edward Island,East Kevinland,Basic,2024-02-05,True,19.52,Desktop,1.0,2024-03-26 01:14:19.045093
user_08907,mark48@example.com,Amanda,Lopez,24.0,Male,USA,New Jersey,Valdezfort,Standard,2022-10-04,True,21.71,Laptop,4.0,2024-01-02 12:58:29.233800
user_08911,rosalesmatthew@example.net,Christina,Villa,30.0,Female,USA,Georgia,Kenttown,Premium,2023-03-07,True,7.78,Mobile,6.0,2023-09-13 22:39:30.273981
user_08917,ianmurray@example.net,Daniel,Jordan,25.0,Female,USA,North Carolina,Simpsonshire,Standard,2024-03-06,True,34.98,Mobile,2.0,2024-12-18 23:33:52.030733
user_08918,peterevans@example.com,Anthony,Collins,20.0,Male,Canada,Ontario,West Kimberly,Premium,2023-09-16,True,22.72,Desktop,,2024-01-18 01:45:41.441438
user_08920,vanessamoon@example.com,Shelly,Martin,29.0,Other,USA,Arizona,Hardingport,Premium,2023-11-05,True,5.98,Mobile,1.0,2024-04-06 19:38:40.540768
user_08923,millergina@example.org,Kimberly,Fisher,24.0,Male,USA,Georgia,Zacharystad,Basic,2023-05-20,False,22.4,Mobile,1.0,2024-07-10 15:25:26.351917
user_08925,courtney08@example.org,Malik,Diaz,18.0,Female,Canada,Quebec,West Ashleyshire,Basic,2023-08-21,True,15.23,Gaming Console,5.0,2023-06-15 00:18:16.479122
user_08926,amy15@example.com,Michael,Taylor,21.0,Female,USA,Illinois,Edwardsport,Premium+,2025-02-18,False,19.7,Desktop,,2023-09-28 14:19:42.549406
user_08929,danielle77@example.org,Carlos,Johnson,26.0,Prefer not to say,USA,Wisconsin,Laurenview,Basic,2024-03-19,True,3.6,Desktop,1.0,2024-01-21 22:11:43.386336
user_08941,xpena@example.net,Christopher,Snow,30.0,Other,Canada,Ontario,Port Christopher,Premium,2023-07-26,False,7.82,Desktop,2.0,2025-03-14 14:58:24.482386
user_08945,kbean@example.com,Bonnie,Fisher,28.0,Other,USA,Virginia,Youngberg,Standard,2023-06-12,True,17.53,Laptop,,2023-03-25 16:06:29.826414
user_08946,erin51@example.com,Joseph,Smith,23.0,Female,Canada,Prince Edward Island,North Tonyaberg,Basic,2024-08-05,True,14.16,Gaming Console,6.0,2025-07-29 05:21:42.522141
user_08951,heatherjohnson@example.com,Alyssa,Phillips,26.0,Male,Canada,Ontario,North April,Basic,2022-09-25,False,1.19,Desktop,4.0,2024-02-13 05:17:04.454325
user_08954,dcampbell@example.net,Michael,Johnson,22.0,Male,USA,Indiana,North Mike,Standard,2024-01-09,False,11.12,Tablet,2.0,2024-11-29 11:10:59.530735
user_08964,olsonchris@example.com,Michael,Downs,28.0,Female,Canada,Nova Scotia,Andersonfurt,Standard,2023-08-26,True,9.55,Mobile,4.0,2023-06-07 08:55:15.990963
user_08965,johnevans@example.net,Kristin,Curry,29.0,Female,USA,Ohio,Robertfort,Standard,2024-11-12,True,2.57,Smart TV,4.0,2023-04-07 19:42:30.699337
user_08966,deniseturner@example.net,Tara,Cunningham,19.0,Female,USA,Massachusetts,Wolfville,Premium,2023-11-07,True,12.35,Mobile,2.0,2023-04-19 06:46:31.113354
user_08978,mejiajennifer@example.net,Edward,Johnson,29.0,Male,USA,Maryland,Nolantown,Premium,2023-08-25,True,35.61,Mobile,3.0,2022-09-22 03:15:31.793281
user_08979,emilymyers@example.net,Danielle,Ballard,30.0,Male,USA,New York,Gomezchester,Standard,2024-05-01,True,10.22,Tablet,2.0,2023-03-20 09:08:19.433190
user_08980,edwardwilliams@example.net,Kenneth,Owens,26.0,Female,USA,New Jersey,Masseychester,Standard,2023-01-21,True,8.08,Smart TV,2.0,2025-02-25 00:56:50.112532
user_08983,garciasara@example.org,Justin,Sanchez,24.0,Male,Canada,Manitoba,Port Shaunburgh,Basic,2022-12-10,True,16.79,Smart TV,4.0,2023-05-24 03:36:57.674852
user_09003,barbarastewart@example.com,Barry,Gomez,27.0,Female,USA,Ohio,Davidstad,Basic,2025-06-25,True,5.25,Tablet,1.0,2023-02-19 00:24:33.363350
user_09005,aprilpeters@example.com,Raymond,Savage,30.0,Male,Canada,Quebec,Lake Eric,Basic,2024-04-02,True,13.02,Laptop,1.0,2022-10-08 19:21:29.263338
user_09017,karinawells@example.org,Michael,Thompson,27.0,Female,USA,California,Davisshire,Premium,2023-08-07,True,3.71,Smart TV,4.0,2022-12-28 07:00:26.335209
user_09024,mbarker@example.com,Nathan,Logan,24.0,Male,Canada,Nova Scotia,New Shawn,Basic,2022-11-21,True,5.25,Mobile,2.0,2024-01-23 16:29:03.104666
user_09027,karenpacheco@example.org,Charles,Peterson,29.0,Female,USA,New York,West Travis,Standard,2022-10-06,True,8.58,Mobile,2.0,2025-06-03 15:35:24.814967
user_09033,michael28@example.com,Jeffery,Bender,23.0,Male,USA,Texas,Jenniferchester,Premium,2023-05-06,True,9.37,Mobile,2.0,2024-03-10 02:28:40.265722
user_09037,craigxavier@example.net,Sean,Hood,25.0,Female,Canada,Saskatchewan,Sandraview,Standard,2025-07-08,True,14.54,Mobile,2.0,2023-11-12 04:35:40.392449
user_09041,aaron77@example.org,Amanda,Hobbs,22.0,Female,USA,New Jersey,Kimberlyshire,Premium,2022-08-09,True,24.81,Desktop,3.0,2024-01-29 14:00:56.578321
user_09051,rgutierrez@example.net,Eric,Townsend,24.0,Male,USA,Georgia,West Christopher,Premium,2022-12-17,False,17.38,Desktop,2.0,2024-05-15 03:21:35.343314
user_09059,schmidtdavid@example.com,Lance,Williams,20.0,Male,USA,Michigan,North Kelly,Standard,2024-11-03,True,4.68,Laptop,,2023-12-04 07:50:32.238904
user_09061,patrickbrown@example.net,James,Moore,22.0,Male,Canada,British Columbia,South Morgan,Standard,2024-06-15,True,8.81,Mobile,,2023-02-28 00:55:31.662621
user_09069,jasonmendez@example.net,Danny,Orozco,27.0,Male,USA,Washington,Reidfort,Premium,2025-02-28,True,8.74,Mobile,,2022-08-27 16:46:12.316522
user_09081,chasejanet@example.com,Becky,Reyes,25.0,Male,Canada,Quebec,Mcguiremouth,Basic,2024-10-30,True,29.89,Laptop,4.0,2023-02-10 13:34:30.470839
user_09082,lauren15@example.com,Francis,Smith,30.0,,USA,Pennsylvania,South Jackmouth,Standard,2022-12-10,True,3.75,Tablet,2.0,2023-06-22 16:16:17.142640
user_09087,okrueger@example.com,Phyllis,Mayo,30.0,Male,USA,Texas,Nicolemouth,Basic,2025-03-24,True,17.35,Gaming Console,1.0,2025-04-06 00:22:50.502477
user_09095,woodphilip@example.com,Jonathan,Allen,22.0,Female,Canada,Nova Scotia,Thomasmouth,Premium,2025-03-26,True,22.75,Gaming Console,4.0,2024-01-22 17:13:28.096225
user_09098,boydaustin@example.com,Dalton,Lee,29.0,Female,Canada,Prince Edward Island,Lake Eileen,Premium,2023-09-12,True,1.26,Mobile,2.0,2023-08-25 20:05:19.003641
user_09099,meyergary@example.org,Kimberly,Lopez,24.0,Male,USA,Maryland,Port Timothy,Standard,2023-07-16,False,17.3,Tablet,5.0,2023-10-11 10:23:07.364191
user_09100,whardy@example.com,Dale,Tanner,28.0,Male,USA,California,South Lorimouth,Standard,2023-08-10,True,10.98,Smart TV,2.0,2025-07-04 17:18:20.066959
user_09102,villanuevakathy@example.com,Melissa,Wright,26.0,Male,USA,New York,Jamesport,Standard,2022-12-03,True,540.57,Desktop,3.0,2024-12-03 04:47:17.077860
user_09108,ryan79@example.net,Janet,Padilla,20.0,Female,Canada,Nova Scotia,New Crystal,Premium,2023-09-13,True,2.1,Mobile,2.0,2024-09-06 15:50:43.543147
user_09116,pstewart@example.com,Jenny,Fritz,21.0,Female,USA,Indiana,Patriciaton,Basic,2024-11-03,True,15.44,Mobile,6.0,2025-07-07 09:00:27.970180
user_09118,timothy66@example.net,Richard,Davis,22.0,Female,USA,Washington,East Laura,Premium+,2024-10-01,True,1.74,Gaming Console,5.0,2024-12-10 04:56:29.157614
user_09119,sallen@example.net,Jason,Sanders,24.0,Male,USA,Tennessee,New Logan,Standard,2022-11-01,True,18.48,Smart TV,4.0,2023-05-25 03:41:07.811790
user_09126,ajones@example.net,Jose,Pena,28.0,Female,USA,North Carolina,North Curtishaven,Standard,2025-01-21,False,15.95,Smart TV,2.0,2025-03-30 03:53:38.947804
user_09131,ghoffman@example.org,Douglas,Mccormick,30.0,Male,Canada,Saskatchewan,Jesseburgh,Basic,2024-04-05,False,22.89,Gaming Console,5.0,2022-12-18 04:42:54.012529
user_09132,deborah35@example.com,Anthony,Obrien,19.0,Prefer not to say,Canada,New Brunswick,West John,Basic,2024-01-25,True,6.13,Laptop,3.0,2024-10-10 21:12:11.044170
user_09133,wanda31@example.net,Amanda,Porter,27.0,Female,USA,Massachusetts,New Janice,Premium,2023-04-09,True,18.22,Desktop,2.0,2023-11-05 15:20:35.627802
user_09135,mariamaxwell@example.com,Hannah,Mack,25.0,Other,USA,Massachusetts,Lewischester,Premium,2025-05-05,True,16.44,Mobile,3.0,2022-12-24 03:16:24.523561
user_09139,burnsrandall@example.com,Diana,Shaw,18.0,Male,USA,Texas,North Kayla,Standard,2023-01-06,True,15.38,Smart TV,,2024-07-06 13:20:57.935905
user_09143,zacharygomez@example.org,Robert,Jones,23.0,Female,Canada,New Brunswick,Mallorystad,Premium,2025-06-17,True,14.59,Gaming Console,4.0,2022-12-10 14:23:39.174761
user_09144,tclark@example.net,Maria,Massey,24.0,Female,USA,Arizona,New Sarahland,Standard,2025-05-12,False,23.98,Laptop,3.0,2023-08-03 22:10:25.753744
user_09146,bryantjulia@example.com,Sarah,Martin,18.0,Male,Canada,British Columbia,Port Carlystad,Standard,2022-08-03,True,2.65,Gaming Console,2.0,2023-10-24 19:40:13.622996
user_09147,nicholas99@example.com,Joseph,Sanders,25.0,Male,USA,Texas,South Brianstad,Standard,2024-02-19,True,54.39,Smart TV,2.0,2024-05-30 03:37:30.914305
user_09148,zpalmer@example.org,David,Figueroa,28.0,Female,Canada,Quebec,Stephanieton,Premium,2023-04-12,True,26.88,Mobile,4.0,2024-04-17 11:27:42.664325
user_09154,pearsongabriel@example.com,Julie,Lee,26.0,Other,USA,Virginia,Rebekahborough,Premium,2025-06-09,True,18.51,Desktop,5.0,2023-10-26 08:27:36.387235
user_09156,christinaprice@example.net,Jimmy,Smith,24.0,Female,USA,Texas,Morganberg,Basic,2023-06-16,False,3.27,Desktop,2.0,2023-03-23 17:30:54.748889
user_09159,gilbert02@example.org,Robert,Nelson,29.0,,USA,Missouri,Port Jessica,Premium,2023-03-01,True,20.47,Tablet,2.0,2024-07-19 05:53:35.766007
user_09161,amorrison@example.com,Nathan,Davis,29.0,Male,Canada,British Columbia,East Richardbury,Standard,2023-05-02,True,25.45,Smart TV,2.0,2024-03-24 07:44:53.188961
user_09162,pacelindsey@example.net,Christine,Barnett,30.0,Male,Canada,Newfoundland and Labrador,Perryland,Premium,2023-02-27,True,6.8,Smart TV,,2022-10-20 22:31:57.142291
user_09165,qfriedman@example.net,Jennifer,Carter,19.0,Female,USA,Arizona,Kimfurt,Basic,2024-12-09,True,15.87,Desktop,4.0,2025-05-31 15:07:24.887562
user_09167,nchen@example.net,Charles,Moreno,28.0,Female,USA,Georgia,Mannview,Premium,2022-11-23,True,7.23,Laptop,2.0,2022-10-18 12:47:39.402792
user_09172,ecaldwell@example.org,Haley,Morris,24.0,Female,USA,Pennsylvania,South Jeffreyton,Standard,2025-05-17,True,9.91,Desktop,6.0,2024-03-14 17:15:32.541567
user_09176,jonathanblair@example.com,Erin,Houston,19.0,Male,USA,Virginia,Johnview,Premium,2025-04-24,True,6.27,Gaming Console,2.0,2024-04-04 04:13:14.111303
user_09177,bjones@example.com,Douglas,Owen,29.0,Male,Canada,Nova Scotia,Reedborough,Basic,2022-12-14,True,,Tablet,3.0,2023-02-01 21:38:53.787580
user_09178,ericsuarez@example.net,Molly,Alexander,22.0,Male,USA,Indiana,Smithhaven,Premium+,2023-04-28,False,19.4,Smart TV,,2023-08-23 16:54:51.590190
user_09180,joycewebb@example.net,Robert,Jimenez,23.0,Male,USA,Missouri,South Alejandromouth,Premium,2025-05-15,True,21.43,Desktop,2.0,2024-08-04 04:54:46.870297
user_09203,raymondjose@example.net,Adam,Love,26.0,Female,USA,Virginia,South Richardview,Basic,2023-12-14,True,20.33,Mobile,2.0,2022-12-26 03:26:14.956931
user_09204,antonio39@example.org,Jeffery,Cobb,24.0,,USA,Michigan,Sarahhaven,Basic,2023-08-15,True,2.06,Smart TV,4.0,2024-03-28 13:41:40.359692
user_09206,melanie97@example.net,Barbara,Clements,27.0,Female,Canada,Ontario,Port William,Standard,2022-11-01,True,,Mobile,3.0,2025-06-28 09:54:15.707774
user_09211,kevinwest@example.com,Jeremy,Rhodes,27.0,,USA,Missouri,Codyview,Premium,2023-06-06,True,6.02,Laptop,1.0,2023-11-12 22:10:19.945495
user_09213,briandawson@example.com,Michelle,Smith,26.0,Male,USA,Arizona,South Jamesburgh,Premium,2023-08-08,False,19.69,Mobile,1.0,2024-05-02 11:47:19.379802
user_09225,theresagomez@example.com,Cody,Young,20.0,Male,USA,Tennessee,Port Kristina,Standard,2023-01-01,True,33.83,Tablet,2.0,2023-06-12 03:34:08.488253
user_09237,cindygoodman@example.net,Joshua,Herring,24.0,Female,USA,New Jersey,Brownland,Premium,2025-07-09,True,26.02,Laptop,5.0,2023-10-29 05:16:54.329363
user_09239,thomasrichard@example.net,Douglas,Dickerson,18.0,Male,Canada,Quebec,New Glen,Basic,2023-12-19,True,18.49,Laptop,1.0,2023-01-17 20:26:10.070410
user_09247,blackburnphillip@example.net,Amber,Cuevas,29.0,Other,USA,Missouri,West Markborough,Basic,2022-08-12,True,49.61,Gaming Console,1.0,2023-12-14 02:55:25.663607
user_09253,solomonlindsey@example.net,Juan,Hester,30.0,Female,USA,Ohio,New Jennifer,Standard,2025-03-28,True,7.52,Desktop,1.0,2025-03-18 16:30:34.606093
user_09255,ericaanderson@example.org,Hannah,Palmer,21.0,Female,Canada,British Columbia,Port Leslie,Basic,2024-06-27,True,2.14,Laptop,,2023-01-10 15:27:57.820066
user_09261,reeveswesley@example.com,Jeffrey,Escobar,21.0,Male,USA,Wisconsin,Alexandermouth,Standard,2024-02-21,True,3.48,Laptop,4.0,2023-04-21 19:14:17.506516
user_09263,raymond85@example.org,Steven,Paul,30.0,Male,USA,Washington,Lake Richard,Premium,2024-04-22,True,14.29,Gaming Console,1.0,2024-02-20 06:40:52.436911
user_09264,mruiz@example.net,Kyle,Herrera,26.0,Female,Canada,Nova Scotia,Pamelashire,Basic,2024-03-11,True,813.9,Gaming Console,1.0,2023-09-29 13:32:47.054364
user_09269,jeremyzimmerman@example.org,Tyrone,Anderson,28.0,Female,USA,Arizona,Susanside,Standard,2022-10-19,True,22.41,Laptop,3.0,2025-04-13 08:28:23.724745
user_09274,zacharyperez@example.com,Justin,Parrish,27.0,Male,USA,Tennessee,Jamesville,Premium,2023-12-21,True,22.98,Desktop,1.0,2024-02-11 21:46:43.380725
user_09275,kathleenpage@example.org,Daniel,Price,22.0,Male,USA,California,Michaelview,Premium,2023-09-20,True,12.58,Desktop,,2024-07-24 07:44:54.192294
user_09279,johnsonjuan@example.org,Victoria,Dyer,30.0,Female,Canada,Ontario,Haasville,Basic,2024-03-16,True,4.0,Laptop,3.0,2023-08-31 08:02:49.128018
user_09283,myoung@example.net,Monica,David,21.0,Female,USA,New York,Nancymouth,Standard,2025-03-09,True,31.98,Smart TV,4.0,2024-04-19 06:35:14.605014
user_09292,patriciawilliams@example.com,Yolanda,Atkins,18.0,Other,USA,Florida,East Andrew,Basic,2023-12-02,True,12.57,Laptop,4.0,2024-05-19 20:01:42.483807
user_09294,jbradford@example.com,Paul,Bailey,28.0,Male,Canada,Manitoba,Migueltown,Standard,2022-08-20,True,14.84,Laptop,1.0,2024-01-20 15:25:17.051476
user_09295,leejason@example.com,Stephanie,Wolf,22.0,Male,USA,Missouri,Kennethside,Standard,2024-11-29,True,18.7,Tablet,2.0,2022-10-28 06:12:47.007402
user_09298,allisonhall@example.net,Richard,Chung,30.0,Male,Canada,Manitoba,North Cynthia,Basic,2023-07-26,True,10.78,Mobile,4.0,2023-03-29 15:27:21.189342
user_09300,kelsey86@example.net,Michelle,Simpson,29.0,Male,Canada,Newfoundland and Labrador,North Amy,Premium,2024-10-25,True,22.41,Laptop,3.0,2024-08-27 06:36:59.491894
user_09309,saguirre@example.com,Carol,King,27.0,Male,USA,New York,South Jonside,Premium,2023-01-15,True,5.27,Tablet,,2024-10-25 00:47:40.191278
user_09310,jorge31@example.com,John,Harrison,28.0,Male,USA,Texas,Nicholebury,Standard,2024-12-24,True,17.07,Smart TV,,2024-06-21 23:07:38.616550
user_09311,pramirez@example.com,Antonio,Reynolds,22.0,Other,Canada,Manitoba,New Vanessafurt,Basic,2024-06-14,False,8.06,Tablet,1.0,2023-03-11 05:31:53.092790
user_09320,scottanderson@example.com,Ricky,Hill,20.0,Female,USA,Ohio,Eugeneburgh,Basic,2025-04-11,True,28.18,Smart TV,2.0,2023-10-04 06:26:35.532170
user_09321,patriciawilliams@example.net,Ann,Barrett,28.0,Female,USA,Washington,Simmonsborough,Premium+,2024-11-19,True,6.92,Mobile,4.0,2022-08-17 08:14:01.816945
user_09324,benjamin92@example.net,James,Robinson,28.0,,USA,New Jersey,Lauraview,Standard,2024-07-17,True,15.17,Gaming Console,2.0,2024-11-08 04:39:16.425365
user_09325,kevin96@example.com,Eric,Rogers,20.0,Female,USA,Ohio,Alicefort,Basic,2023-06-01,False,4.85,Laptop,,2025-06-22 03:16:12.748725
user_09332,anne69@example.net,Tara,Li,26.0,Female,Canada,Ontario,Pierceburgh,Basic,2023-09-30,True,3.42,Gaming Console,1.0,2025-06-19 21:33:46.420814
user_09333,andrewacosta@example.com,Natalie,Williams,28.0,Male,Canada,Ontario,Deniseport,Basic,2024-04-28,True,17.47,Laptop,3.0,2023-11-07 06:50:47.601497
user_09337,youngbarbara@example.net,David,Johnson,29.0,Male,Canada,Newfoundland and Labrador,Justinland,Standard,2024-10-25,True,2.86,Tablet,2.0,2025-07-14 20:57:10.066902
user_09346,qbishop@example.com,Kurt,Paul,25.0,Female,USA,Massachusetts,Coxfort,Standard,2023-09-27,False,4.28,Mobile,6.0,2025-07-04 15:20:26.544945
user_09354,richard19@example.com,Tracy,Mitchell,27.0,Male,USA,Missouri,New Kathy,Premium,2024-07-17,True,0.88,Mobile,1.0,2023-03-04 16:10:36.289446
user_09360,coxkenneth@example.com,Jordan,Robinson,29.0,Female,USA,Pennsylvania,Port Miranda,Premium,2023-01-29,True,13.39,Gaming Console,3.0,2022-10-06 08:09:22.403713
user_09362,kirstenfernandez@example.net,Eric,Navarro,23.0,Male,Canada,Nova Scotia,Dawsonland,Standard,2024-05-18,True,16.66,Smart TV,,2025-01-29 03:19:34.700490
user_09363,williampage@example.org,Joshua,Haynes,24.0,Female,USA,Indiana,Harrisborough,Premium,2024-01-06,True,14.77,Desktop,4.0,2025-05-06 13:11:46.008961
user_09367,jdavis@example.org,Amanda,Collins,28.0,Male,Canada,Manitoba,Sethburgh,Premium,2024-08-09,False,7.81,Desktop,6.0,2023-08-12 07:39:08.672043
user_09372,dpowers@example.org,Cynthia,Harrell,22.0,,USA,Wisconsin,Youngview,Premium,2024-03-14,True,27.48,Gaming Console,4.0,2022-08-23 12:26:48.765411
user_09373,stephen56@example.com,Frank,Nichols,19.0,Male,Canada,Alberta,New Jose,Premium,2024-07-01,False,16.1,Desktop,1.0,2025-02-20 01:20:11.536626
user_09377,andrea74@example.net,Ruben,Guerrero,24.0,Female,Canada,Nova Scotia,Jacobburgh,Basic,2025-02-25,True,28.1,Tablet,1.0,2023-03-19 12:04:20.889785
user_09378,jennifer96@example.org,Lawrence,Ferrell,23.0,Male,USA,California,Jonesfort,Premium+,2023-11-15,True,,Desktop,1.0,2023-11-12 11:32:22.607908
user_09386,browncrystal@example.org,Janet,Ray,22.0,Female,Canada,Nova Scotia,Robertview,Standard,2025-02-16,True,18.13,Mobile,1.0,2022-11-18 20:12:07.194322
user_09388,ooliver@example.com,Joseph,Hughes,22.0,Male,USA,Florida,Hughesville,Basic,2024-03-28,False,10.54,Mobile,2.0,2024-09-30 05:56:35.286725
user_09392,alexiscamacho@example.com,Edward,Hansen,21.0,Male,Canada,British Columbia,Port Cynthiahaven,Premium,2025-06-04,True,6.23,Tablet,7.0,2023-05-22 23:23:15.947346
user_09393,john97@example.com,John,Brooks,26.0,Female,USA,Illinois,Garrettland,Basic,2024-09-20,False,,Smart TV,1.0,2024-08-25 12:52:00.973375
user_09409,chall@example.org,Danielle,Harding,25.0,Female,Canada,Quebec,West Michelleshire,Basic,2023-11-30,True,17.84,Desktop,1.0,2025-03-05 11:14:10.162576
user_09411,mckinneymaxwell@example.org,Jennifer,Gonzalez,26.0,Female,Canada,Newfoundland and Labrador,New Kelli,Premium+,2024-07-21,True,9.49,Tablet,1.0,2022-09-15 17:23:14.666843
user_09412,sandrabuchanan@example.net,Timothy,Jones,25.0,Other,Canada,Newfoundland and Labrador,North Angela,Premium,2024-12-23,True,3.12,Laptop,2.0,2025-06-02 02:16:52.106845
user_09413,fyoung@example.net,Nathan,Barnes,26.0,Female,USA,Florida,West Brandon,Standard,2024-10-20,True,9.29,Desktop,2.0,2023-05-19 04:47:03.835594
user_09416,amandaanthony@example.net,Amy,Davis,26.0,Female,USA,Massachusetts,Lake Sean,Premium,2022-12-04,True,6.79,Laptop,4.0,2024-10-26 21:46:04.758559
user_09423,penasusan@example.net,Brian,Taylor,18.0,Female,Canada,Alberta,Port Beth,Standard,2024-10-24,True,10.62,Laptop,1.0,2024-05-20 21:22:37.097759
user_09428,qjohnson@example.org,Julie,Long,29.0,Male,USA,Ohio,Hamiltonfort,Standard,2023-11-01,True,5.37,Desktop,2.0,2024-07-30 21:11:03.897078
user_09430,jameswillis@example.com,Darlene,Washington,30.0,Female,Canada,Ontario,East Jodyshire,Premium+,2024-09-02,True,6.37,Tablet,2.0,2023-05-06 16:54:02.340554
user_09431,veronica42@example.net,Daniel,Steele,20.0,Male,USA,Georgia,Lake Jacqueline,Premium,2024-12-28,True,26.68,Desktop,5.0,2024-01-19 02:38:04.895289
user_09437,margarethill@example.net,Adam,Alexander,20.0,Female,USA,New Jersey,Griffithberg,Premium+,2023-07-17,True,27.59,Desktop,4.0,2023-01-03 07:01:31.615004
user_09441,tracyroberts@example.com,Antonio,Kennedy,23.0,,USA,Indiana,Port Edwin,Premium,2022-10-06,True,23.25,Smart TV,3.0,2023-12-07 10:19:30.389208
user_09443,curtis80@example.com,Richard,Lewis,27.0,Female,USA,Georgia,Howardberg,Premium,2024-08-18,True,13.31,Gaming Console,4.0,2023-11-22 06:18:17.012307
user_09444,justinstewart@example.org,Michelle,Burke,20.0,Male,Canada,Nova Scotia,Franktown,Premium,2024-03-19,True,2.4,Desktop,2.0,2023-10-31 18:16:27.279043
user_09448,baileyaustin@example.org,Tamara,Hinton,29.0,Female,USA,Pennsylvania,Rachelside,Premium,2024-03-19,True,8.28,Desktop,4.0,2023-10-06 13:47:53.997039
user_09454,michael41@example.net,Catherine,Pena,22.0,Prefer not to say,USA,California,Cassidyton,Standard,2023-12-07,False,21.8,Gaming Console,2.0,2022-08-03 23:11:13.133755
user_09456,tonibrock@example.org,William,Luna,29.0,Female,USA,Wisconsin,Andrewmouth,Standard,2025-05-12,True,41.08,Mobile,4.0,2023-09-09 18:56:30.425965
user_09459,hernandezlarry@example.com,Janet,Stafford,22.0,Male,USA,Arizona,North Matthew,Premium,2025-02-11,True,36.66,Gaming Console,4.0,2025-05-29 04:09:49.959621
user_09460,jeffrey68@example.com,Matthew,Fox,27.0,Male,Canada,New Brunswick,Maxwellburgh,Basic,2025-05-04,True,24.31,Laptop,,2023-02-17 10:46:11.707850
user_09462,perezlaura@example.net,Derrick,Warren,29.0,Male,Canada,Saskatchewan,West Laura,Premium,2023-01-08,True,16.04,Mobile,4.0,2024-07-10 05:39:31.501795
user_09465,lsanders@example.com,Katherine,Morse,27.0,Prefer not to say,Canada,Ontario,Martinezmouth,Premium,2022-10-06,True,22.24,Laptop,4.0,2025-07-28 16:15:06.250540
user_09474,drakescott@example.net,Dylan,Scott,25.0,Prefer not to say,Canada,Prince Edward Island,Leroytown,Premium,2024-08-28,True,23.32,Tablet,,2024-05-24 14:01:32.405997
user_09481,tonyblevins@example.net,Melissa,Colon,29.0,,USA,Texas,Port Mary,Premium+,2023-08-25,True,,Tablet,,2024-03-24 23:31:52.640938
user_09482,younggary@example.org,Lindsey,Edwards,23.0,Male,USA,North Carolina,Hancockton,Standard,2022-12-07,True,13.94,Smart TV,6.0,2024-04-09 09:37:05.945341
user_09485,kiddstephanie@example.org,Christine,Morales,20.0,Prefer not to say,Canada,British Columbia,Loristad,Basic,2022-12-29,False,16.04,Gaming Console,3.0,2025-05-24 07:11:24.746742
user_09488,qmorgan@example.org,Jesse,Lee,25.0,Female,USA,New York,Port Henryborough,Standard,2023-04-04,False,25.42,Desktop,4.0,2024-05-15 21:59:13.963098
user_09494,glennmartin@example.net,Mark,Curtis,20.0,Prefer not to say,USA,Wisconsin,West Karlaville,Premium+,2022-12-12,True,19.23,Smart TV,5.0,2024-10-28 10:28:53.541754
user_09498,breanna66@example.com,Ryan,Wilson,27.0,Female,USA,Missouri,Troyside,Premium,2025-03-08,True,2.99,Desktop,2.0,2023-08-19 18:49:11.266010
user_09524,gina59@example.com,Maria,Reynolds,29.0,Prefer not to say,USA,Michigan,Amychester,Basic,2024-04-20,False,6.38,Tablet,2.0,2024-08-14 07:27:04.056257
user_09526,qdavidson@example.org,Kathy,Larson,27.0,Male,Canada,Nova Scotia,Port Tylerland,Premium,2022-12-09,True,19.54,Smart TV,2.0,2022-11-16 14:00:45.333230
user_09528,romandennis@example.org,Ashley,Valenzuela,28.0,Male,USA,Indiana,Stewartberg,Premium,2023-01-22,True,1.7,Tablet,2.0,2025-04-21 22:32:25.425272
user_09530,linsusan@example.org,Donna,Travis,18.0,Male,USA,Virginia,Kristenville,Standard,2025-07-21,True,10.48,Tablet,4.0,2023-03-04 01:48:02.395291
user_09534,ogrimes@example.org,Vanessa,Schaefer,24.0,Female,USA,Ohio,East Lindsay,Standard,2024-05-07,False,13.58,Laptop,1.0,2023-09-02 12:09:37.778178
user_09537,richardhall@example.org,Roger,Moody,23.0,Female,USA,Georgia,South Elizabethview,Basic,2024-01-20,True,27.27,Tablet,,2024-03-24 07:51:06.267485
user_09539,bkrause@example.org,Mary,Chen,24.0,Female,USA,New Jersey,Mcclurefurt,Standard,2024-08-27,True,14.82,Gaming Console,5.0,2023-10-20 19:10:57.181109
user_09544,piercepaul@example.net,Stephanie,Mccoy,29.0,Other,USA,Wisconsin,Lindseyburgh,Standard,2022-10-22,True,2.56,Desktop,3.0,2024-07-19 20:16:12.795975
user_09545,steven24@example.net,Clifford,Simon,28.0,Female,USA,Missouri,Angelicaborough,Premium,2023-12-21,True,7.91,Tablet,3.0,2023-01-22 06:37:30.380952
user_09547,kristen96@example.net,David,Hall,29.0,Male,USA,California,North Patricia,Basic,2023-05-27,True,2.96,Tablet,2.0,2025-05-27 16:50:24.823123
user_09550,phall@example.net,Darlene,Pennington,22.0,Male,USA,Indiana,Rodriguezchester,Standard,2024-08-13,True,18.06,Desktop,2.0,2022-08-20 04:25:11.894311
user_09554,pspence@example.com,Troy,Espinoza,26.0,Male,USA,Massachusetts,Justintown,Standard,2022-09-25,True,11.56,Mobile,3.0,2024-10-25 12:51:48.758563
user_09560,jpoole@example.com,Austin,Lee,26.0,Male,USA,Florida,West Michele,Premium,2022-08-05,True,,Smart TV,5.0,2023-03-28 16:05:33.925208
user_09562,dustinwhite@example.net,David,King,20.0,Male,USA,Massachusetts,Josephland,Premium,2023-08-25,False,28.34,Gaming Console,2.0,2024-04-23 00:05:11.453794
user_09563,logan37@example.com,Alexis,Smith,19.0,Male,Canada,Manitoba,North Joel,Premium,2025-01-27,True,17.58,Desktop,2.0,2025-07-31 06:29:02.209525
user_09568,julie10@example.net,Kenneth,Carey,25.0,Male,USA,New Jersey,Port Matthewstad,Premium,2023-08-25,True,21.89,Desktop,6.0,2025-06-18 10:27:43.425416
user_09571,ithompson@example.net,Amy,Martinez,19.0,Female,USA,Indiana,Soniachester,Standard,2023-03-18,True,10.13,Tablet,2.0,2025-07-21 23:21:10.640431
user_09572,hbrock@example.com,Eduardo,Figueroa,28.0,Female,Canada,British Columbia,West Williamland,Basic,2024-09-09,False,,Desktop,5.0,2024-07-23 15:06:33.571649
user_09576,sarah62@example.com,Adam,Blevins,24.0,Female,USA,Georgia,Port Nicoleside,Basic,2024-03-08,True,2.53,Laptop,4.0,2023-09-11 03:58:39.416337
user_09579,ebeasley@example.org,Jason,Lloyd,22.0,Female,USA,North Carolina,West Tara,Standard,2024-11-03,True,12.12,Tablet,4.0,2023-05-03 23:30:00.669234
user_09587,emily06@example.org,Steven,Jackson,22.0,Male,USA,California,Robertsside,Premium,2025-01-24,True,13.28,Mobile,2.0,2024-10-29 21:44:06.135844
user_09591,johnsonkimberly@example.net,Jessica,Charles,29.0,Female,USA,Washington,East Karen,Premium,2022-09-24,True,,Desktop,2.0,2023-04-27 11:03:42.735539
user_09599,bestkelly@example.com,John,Johnson,30.0,,USA,Pennsylvania,North Logan,Basic,2022-12-05,True,12.83,Gaming Console,3.0,2023-08-23 16:18:38.890545
user_09600,boydscott@example.org,Adrienne,Gibson,22.0,Female,USA,Washington,Port Timothyburgh,Standard,2024-09-21,True,9.1,Desktop,,2024-11-19 12:50:52.731443
user_09611,anthonymay@example.net,Michael,Schneider,28.0,Female,Canada,Saskatchewan,West Elaineport,Standard,2023-06-25,True,12.97,Desktop,,2024-04-11 08:53:29.959208
user_09617,kevinferguson@example.org,Derrick,Sharp,24.0,Female,USA,Ohio,West Michaelfort,Standard,2025-06-04,True,21.79,Tablet,,2024-06-22 03:49:08.029369
user_09622,hbennett@example.com,Kevin,Payne,25.0,Female,USA,Michigan,South Gina,Basic,2024-07-09,True,10.2,Desktop,2.0,2022-12-13 15:47:21.791391
user_09626,chasehannah@example.net,Christopher,Cross,20.0,Female,USA,Texas,Gonzalezmouth,Standard,2024-02-14,True,19.36,Tablet,,2024-01-16 05:30:42.374748
user_09629,erinsmith@example.com,Lisa,Casey,20.0,,USA,Missouri,Port Robertville,Basic,2025-01-03,True,7.5,Mobile,2.0,2023-09-20 06:37:10.258924
user_09632,richardgarcia@example.com,Briana,Marshall,21.0,,Canada,Alberta,Lake Jennifer,Premium,2024-06-03,True,12.08,Tablet,6.0,2023-03-24 09:28:21.819991
user_09638,davidwilliams@example.com,Katie,Miller,29.0,Female,Canada,Manitoba,East Ginamouth,Premium,2024-08-21,True,12.32,Tablet,,2023-10-31 17:55:39.269002
user_09643,jadewu@example.org,Wendy,Howard,24.0,,USA,Pennsylvania,Nicholshaven,Premium,2024-03-30,True,11.31,Mobile,5.0,2024-10-27 04:57:27.393419
user_09644,kimberly68@example.com,Todd,Evans,29.0,Male,Canada,Ontario,Jerryburgh,Premium+,2024-01-14,False,13.5,Tablet,,2023-04-08 19:51:03.377217
user_09649,wmartin@example.com,Sharon,Williams,29.0,Male,USA,Wisconsin,East Linda,Standard,2024-05-21,True,25.66,Desktop,3.0,2025-03-01 12:50:16.104579
user_09653,gsimmons@example.net,Shelby,Taylor,29.0,Female,Canada,Prince Edward Island,Richardsonborough,Premium,2022-08-24,True,4.3,Gaming Console,3.0,2023-09-16 04:13:57.618679
user_09655,fbailey@example.net,Taylor,Goodwin,20.0,Male,USA,Michigan,North Patrickbury,Premium,2022-12-25,True,1.41,Smart TV,2.0,2024-11-28 01:54:55.897402
user_09661,brianford@example.org,Stephanie,Chase,30.0,Male,USA,Tennessee,North Christophershire,Standard,2025-04-10,True,3.36,Smart TV,2.0,2024-11-17 11:10:00.130609
user_09663,danielcastro@example.com,Melissa,Roberts,18.0,Male,USA,Texas,Port Wayne,Premium,2022-10-08,True,12.94,Tablet,2.0,2024-02-14 01:27:48.272042
user_09668,jessica92@example.com,Olivia,Palmer,30.0,Male,Canada,Prince Edward Island,Michaelbury,Premium,2022-09-19,True,6.76,Desktop,,2023-08-16 19:26:56.371247
user_09677,tiffany60@example.com,Kimberly,Adams,25.0,Other,USA,Maryland,North Sandra,Premium+,2023-10-05,True,,Tablet,,2025-07-15 13:56:03.629881
user_09684,edward65@example.org,Alexander,Phillips,20.0,Male,Canada,Quebec,New Angela,Standard,2025-05-25,True,8.42,Tablet,2.0,2024-07-09 06:15:23.771499
user_09685,sharonatkins@example.com,Cristina,Todd,19.0,,USA,Maryland,Collinsfort,Standard,2023-08-13,True,10.81,Desktop,3.0,2024-12-16 01:40:24.951879
user_09686,krista98@example.com,Kevin,Ross,25.0,,Canada,Ontario,Port Isabella,Standard,2023-03-08,True,6.94,Mobile,4.0,2025-02-08 02:43:54.809501
user_09688,gregory80@example.net,William,Adams,22.0,Male,USA,Virginia,North Matthew,Premium,2023-09-20,True,,Desktop,1.0,2024-09-21 12:50:33.619898
user_09694,levychristina@example.org,Margaret,Davis,23.0,Male,Canada,Nova Scotia,New Evanstad,Basic,2022-10-09,True,9.61,Smart TV,1.0,2024-04-14 02:16:39.074916
user_09698,martinezmichael@example.org,William,Olsen,30.0,Male,USA,Tennessee,Medinaton,Standard,2023-09-13,True,6.09,Mobile,2.0,2023-03-21 19:31:33.517882
user_09699,hartchristopher@example.org,Steven,Harrison,22.0,Prefer not to say,USA,Washington,Chavezville,Premium+,2023-09-02,True,25.38,Tablet,,2023-11-24 02:18:45.583987
user_09700,christopher78@example.com,Lori,Atkins,26.0,Female,Canada,New Brunswick,North Joshuaberg,Premium,2023-05-21,True,,Mobile,2.0,2022-08-13 09:43:13.446604
user_09708,nina95@example.com,Lindsay,Hopkins,18.0,Female,USA,Ohio,Phillipsview,Standard,2024-12-31,True,50.81,Mobile,2.0,2023-01-22 21:39:42.677733
user_09710,karen46@example.com,Monica,Merritt,24.0,Female,USA,Pennsylvania,Johnmouth,Standard,2024-10-16,True,11.6,Laptop,1.0,2025-07-17 16:02:17.539479
user_09716,ashley01@example.net,Kyle,King,20.0,Female,USA,Arizona,West Judy,Standard,2023-12-04,True,29.88,Laptop,2.0,2023-01-21 14:39:40.902736
user_09717,jensenmegan@example.net,Tracy,Moore,19.0,Male,USA,Maryland,West Baileyborough,Premium,2024-05-03,True,42.32,Smart TV,4.0,2023-02-22 16:06:49.878512
user_09733,teresa76@example.org,Todd,Smith,23.0,Female,USA,Washington,Butlerfort,Premium,2024-10-28,True,20.49,Gaming Console,3.0,2023-06-22 18:28:35.027488
user_09736,travisfranco@example.net,Johnny,Fuller,27.0,Female,Canada,Saskatchewan,Marvinville,Standard,2023-11-16,True,,Gaming Console,,2024-01-15 21:25:18.447858
user_09737,tracey60@example.net,Jill,Turner,24.0,Female,USA,Maryland,North Glenn,Premium,2022-11-28,True,8.28,Laptop,5.0,2024-06-16 19:16:03.510211
user_09738,andrea53@example.net,Christopher,Sharp,27.0,Prefer not to say,USA,Pennsylvania,Jasonborough,Basic,2022-10-26,True,13.85,Mobile,,2023-10-23 19:19:04.849530
user_09742,diane19@example.org,Gabrielle,Bailey,29.0,Male,Canada,Saskatchewan,Hammondbury,Standard,2023-06-13,True,,Tablet,1.0,2024-04-07 14:15:31.015152
user_09743,baileymarcus@example.com,Tracy,Kidd,30.0,Female,USA,California,Lopezville,Premium+,2024-03-28,False,5.07,Smart TV,1.0,2023-07-29 19:11:28.053872
user_09749,mcdonaldwilliam@example.com,James,Brooks,29.0,Female,Canada,Saskatchewan,Leport,Premium+,2022-09-01,True,12.58,Tablet,3.0,2023-07-20 00:52:03.542424
user_09756,bwatts@example.com,Paula,May,27.0,Male,Canada,Prince Edward Island,Lake Scott,Premium,2024-08-07,True,4.41,Mobile,4.0,2023-04-04 11:19:03.036260
user_09758,deborah57@example.net,Jeffery,Hill,28.0,Male,USA,New York,Evanshaven,Standard,2023-07-27,True,45.87,Gaming Console,2.0,2023-01-18 18:36:44.807778
user_09759,bradyrichard@example.net,Roberto,Graves,25.0,Other,USA,Indiana,Mayshaven,Premium,2023-10-15,True,6.79,Gaming Console,2.0,2023-04-30 16:33:30.554788
user_09763,roger79@example.com,Matthew,Nichols,29.0,,USA,Pennsylvania,New Frank,Premium,2023-11-04,False,4.29,Tablet,2.0,2022-09-30 08:12:40.601518
user_09765,gadams@example.com,Justin,Mcbride,28.0,Female,USA,Indiana,South Carlos,Premium+,2023-04-27,False,1.59,Desktop,8.0,2023-04-16 11:10:40.399920
user_09777,timothy90@example.net,Amanda,Hale,28.0,Male,USA,New Jersey,Richardbury,Premium+,2023-10-18,True,,Desktop,4.0,2025-02-06 07:42:18.040966
user_09780,bradley42@example.net,Fernando,Chang,27.0,Female,Canada,Prince Edward Island,Kathrynview,Standard,2024-04-17,True,17.3,Laptop,,2022-08-04 02:32:15.153729
user_09781,teresa39@example.com,Samantha,Young,22.0,Prefer not to say,Canada,Prince Edward Island,Lake Denise,Basic,2024-01-18,True,,Gaming Console,,2022-09-25 12:09:22.631885
user_09783,christopher26@example.org,Alicia,Williams,21.0,Female,USA,Virginia,West Debraton,Premium+,2023-07-22,True,7.35,Desktop,1.0,2024-09-05 18:18:49.206435
user_09784,raymond85@example.com,Catherine,Ramirez,26.0,Male,USA,Ohio,Port Monicafort,Premium,2024-04-05,True,3.38,Tablet,2.0,2022-11-22 20:15:28.237235
user_09798,rnichols@example.org,Samantha,Williams,26.0,,Canada,Nova Scotia,Lake Barbara,Standard,2024-12-01,True,15.16,Desktop,3.0,2024-04-07 02:22:48.129800
user_09800,njackson@example.com,Victoria,Lewis,28.0,Male,USA,Texas,Bushchester,Premium+,2022-08-23,True,6.4,Laptop,1.0,2025-02-16 12:17:25.769794
user_09804,thomas29@example.com,Richard,Dunn,26.0,Female,Canada,British Columbia,Cynthiaview,Premium,2023-11-19,True,11.7,Desktop,,2023-06-09 19:29:20.972329
user_09807,joneskendra@example.com,Veronica,Gilbert,30.0,Female,Canada,Quebec,Port Michaelland,Premium,2024-05-16,False,29.09,Desktop,6.0,2022-08-05 13:10:59.551957
user_09812,hallchristine@example.com,Patricia,Lewis,28.0,Male,Canada,Alberta,Heatherview,Standard,2025-01-14,True,3.1,Desktop,2.0,2025-02-06 15:23:23.623313
user_09814,mary61@example.org,Connor,Ramirez,30.0,Female,Canada,Prince Edward Island,Lake Brendaton,Standard,2022-10-04,True,3.84,Smart TV,2.0,2024-01-02 05:18:52.336923
user_09815,mariemack@example.net,Shawn,Ellis,28.0,Female,USA,Washington,New Jacob,Premium,2023-04-10,True,22.44,Gaming Console,3.0,2024-05-02 14:11:12.190646
user_09816,brandifox@example.com,Rita,Ray,21.0,Male,USA,Texas,Jessicastad,Standard,2023-05-09,True,8.98,Gaming Console,1.0,2023-08-20 21:19:17.325803
user_09819,fhansen@example.com,Steven,Hudson,26.0,Male,USA,Arizona,West Matthewborough,Basic,2022-12-09,True,24.68,Laptop,2.0,2023-09-14 07:30:48.638117
user_09820,paulhorn@example.com,Stephen,Bennett,24.0,Female,Canada,Alberta,New Johnside,Basic,2024-05-20,True,,Smart TV,,2023-09-02 05:23:04.675310
user_09828,kimberly08@example.net,Timothy,Anderson,30.0,Prefer not to say,Canada,Newfoundland and Labrador,Williamstad,Premium,2024-03-04,True,10.23,Mobile,2.0,2023-02-08 05:07:01.454091
user_09830,bakerjorge@example.com,Thomas,White,24.0,Female,USA,Florida,Sullivanville,Basic,2024-03-08,True,10.7,Desktop,1.0,2023-04-17 22:11:01.573645
user_09836,schmidtwilliam@example.com,Bethany,Sosa,18.0,,USA,Maryland,North Lauriestad,Standard,2022-10-21,False,12.19,Gaming Console,,2024-03-06 18:19:46.459791
user_09862,lopezmason@example.org,Virginia,Freeman,27.0,Female,Canada,Ontario,Lake Tylerborough,Standard,2025-04-21,True,41.54,Desktop,6.0,2025-02-26 00:58:58.992597
user_09865,qwhite@example.com,Michelle,Flores,19.0,Female,USA,Arizona,Kathrynside,Premium+,2022-11-29,True,5.61,Laptop,3.0,2024-12-29 14:06:03.607271
user_09867,oholt@example.com,Andrea,Brown,21.0,Male,USA,Texas,Coltonstad,Premium,2025-07-02,False,27.59,Gaming Console,4.0,2022-08-20 17:28:29.673163
user_09868,mreyes@example.org,Kimberly,Porter,23.0,Female,Canada,Saskatchewan,Stephanieshire,Premium,2023-12-16,False,11.71,Desktop,3.0,2024-07-03 05:36:23.240107
user_09870,jboyd@example.com,Adam,Washington,25.0,Male,USA,Wisconsin,Seanburgh,Premium,2024-02-13,True,7.49,Mobile,2.0,2025-07-22 14:08:05.192540
user_09874,zmooney@example.org,Mark,Butler,19.0,Male,USA,Washington,Kingview,Premium,2025-02-03,True,15.58,Mobile,2.0,2022-08-11 21:41:48.398559
user_09876,colejennifer@example.com,Pamela,Smith,29.0,Female,Canada,Quebec,Brennanmouth,Premium,2022-12-17,True,53.9,Gaming Console,2.0,2023-03-15 08:04:39.843374
user_09879,carly97@example.net,Olivia,Bradford,27.0,Female,USA,Illinois,North Christophertown,Premium+,2025-07-12,True,27.04,Desktop,2.0,2023-03-06 07:35:25.882771
user_09880,crystalbray@example.com,Christina,Roy,30.0,,USA,New Jersey,Wendyfort,Basic,2023-07-29,True,15.73,Smart TV,4.0,2024-08-19 07:15:46.021501
user_09882,kimberly89@example.org,Sandra,Dougherty,26.0,Female,Canada,Nova Scotia,Jasonchester,Premium,2025-04-28,True,12.12,Desktop,2.0,2023-02-19 04:25:50.009402
user_09886,amanda03@example.org,Diana,Elliott,27.0,Female,Canada,Quebec,Angelaland,Premium,2023-09-19,True,23.88,Desktop,4.0,2024-04-07 10:51:59.195364
user_09895,veronicaclark@example.com,Billy,Garcia,19.0,Male,USA,Pennsylvania,Josephmouth,Standard,2025-02-01,True,,Mobile,3.0,2023-06-26 23:24:23.998623
user_09896,charlessimpson@example.com,Theresa,Best,19.0,Male,USA,Michigan,Port Josephfurt,Standard,2023-07-28,False,16.24,Laptop,,2023-12-11 12:19:26.374199
user_09897,christopher96@example.org,Alex,Green,18.0,Other,USA,Michigan,South Rachelburgh,Premium,2024-01-15,False,41.04,Desktop,2.0,2024-12-07 22:01:15.658222
user_09899,joseph63@example.org,Tricia,Brown,29.0,Male,USA,Maryland,Morrischester,Premium,2024-02-07,False,11.74,Laptop,1.0,2023-01-27 10:09:50.385974
user_09901,mpacheco@example.com,Kevin,Christensen,22.0,Male,Canada,Prince Edward Island,Patriciatown,Premium,2023-06-11,False,,Mobile,3.0,2024-05-31 04:55:53.304654
user_09903,jennifer22@example.org,Aaron,Fisher,21.0,Female,USA,New York,West Meredith,Premium,2025-06-26,True,17.99,Laptop,2.0,2025-01-16 02:07:13.050046
user_09912,donnaking@example.org,Roger,Edwards,19.0,Male,USA,Illinois,East Williamport,Standard,2024-08-25,True,11.0,Mobile,,2024-01-24 13:46:59.706356
user_09921,hperez@example.org,Joshua,Callahan,23.0,Male,USA,Indiana,Williamfort,Premium,2024-05-11,True,12.0,Tablet,2.0,2024-08-24 05:27:56.181735
user_09923,wjohnson@example.org,Diana,Dunlap,26.0,Male,USA,Pennsylvania,Lake Ariana,Premium,2025-04-23,True,4.73,Smart TV,6.0,2023-05-15 04:20:06.336959
user_09926,melissarodriguez@example.org,Tiffany,Ortiz,24.0,Male,USA,Wisconsin,New Donaldshire,Standard,2023-06-12,False,13.79,Smart TV,5.0,2023-06-08 23:46:30.759678
user_09934,goldenjoseph@example.net,Allison,Contreras,27.0,Male,Canada,Quebec,Mckinneystad,Premium+,2024-05-16,True,32.3,Gaming Console,3.0,2023-10-12 20:20:00.864356
user_09938,jjohnson@example.org,Brian,Williams,22.0,Female,USA,Illinois,Port Angelabury,Standard,2023-01-09,True,11.23,Laptop,2.0,2023-08-18 16:29:08.914240
user_09944,christinagibson@example.org,Alison,Moreno,26.0,Female,USA,Wisconsin,Toddmouth,Basic,2023-12-05,True,12.36,Gaming Console,5.0,2024-03-28 09:12:49.561862
user_09949,amber85@example.com,Jessica,Thompson,23.0,Male,USA,Maryland,Lisaborough,Premium+,2023-12-05,True,23.04,Desktop,3.0,2024-08-30 03:31:23.058167
user_09952,lisa79@example.net,James,Mack,28.0,,USA,Texas,Parkermouth,Premium+,2025-06-23,True,5.41,Desktop,4.0,2024-03-28 14:19:41.139527
user_09957,qfernandez@example.org,Daniel,Morales,26.0,Male,Canada,Prince Edward Island,Gomezberg,Standard,2023-08-09,True,4.97,Gaming Console,4.0,2023-07-28 17:25:14.910094
user_09960,colemanjoyce@example.net,Danielle,Davidson,29.0,Female,USA,Massachusetts,Thompsonfurt,Standard,2023-05-08,True,657.09,Gaming Console,1.0,2024-04-23 10:23:16.247057
user_09962,yphillips@example.net,Theresa,Taylor,28.0,Female,USA,Michigan,Port Jessicaburgh,Standard,2023-08-27,True,0.83,Laptop,1.0,2025-01-12 15:44:14.145404
user_09965,joshuasherman@example.com,Philip,Moody,21.0,Male,Canada,New Brunswick,Luisfurt,Standard,2025-01-08,True,3.26,Laptop,4.0,2025-01-14 02:53:14.269293
user_09969,jennifernixon@example.org,William,Ellis,26.0,Female,USA,Illinois,West Beckymouth,Basic,2023-04-30,False,,Laptop,2.0,2023-01-30 12:57:49.380669
user_09976,jasonavery@example.org,Jennifer,Figueroa,30.0,Female,Canada,Saskatchewan,North Melissachester,Premium,2022-09-13,True,17.71,Tablet,2.0,2025-07-02 10:49:30.653929
user_09979,crawfordglenn@example.net,Caitlin,Gallagher,27.0,Female,Canada,Prince Edward Island,Rileyborough,Premium+,2023-08-19,True,15.3,Desktop,4.0,2024-01-31 17:20:49.209460
user_09980,mfloyd@example.net,Phillip,Parsons,29.0,,USA,Wisconsin,East Samanthaport,Premium,2023-04-19,True,11.91,Desktop,2.0,2025-01-30 12:18:32.889189
user_09982,kcombs@example.org,Lauren,Morgan,26.0,Female,USA,Maryland,Vargasville,Basic,2023-11-29,True,5.64,Desktop,3.0,2023-04-11 23:37:01.920176
user_09984,kim19@example.org,Christopher,Riggs,30.0,Other,USA,Arizona,Port Angela,Premium,2023-06-26,True,13.19,Mobile,5.0,2025-04-22 06:38:56.420958
user_09999,kscott@example.org,Rhonda,Mckenzie,30.0,Female,Canada,British Columbia,Port Jeanetteview,Premium,2025-05-12,True,14.73,Desktop,1.0,2024-07-14 10:36:03.719715
user_08617,colleen12@example.com,Kenneth,Jarvis,26.0,Male,USA,New Jersey,Lefort,Basic,2024-09-21,True,6.68,Tablet,1.0,2022-08-15 03:45:40.157231
user_09698,martinezmichael@example.org,William,Olsen,30.0,Male,USA,Tennessee,Medinaton,Standard,2023-09-13,True,6.09,Mobile,2.0,2023-03-21 19:31:33.517882
user_07233,jasonchavez@example.org,Joshua,Hernandez,19.0,Male,USA,Illinois,New April,Standard,2024-08-12,False,29.8,Tablet,,2023-07-06 16:15:19.350632
user_05555,gilbertamy@example.com,Samantha,Ward,26.0,Female,USA,Virginia,Richardland,Premium,2025-04-01,True,18.1,Tablet,,2023-02-21 12:55:20.630539
user_01756,christopher42@example.net,Lawrence,Ayala,27.0,Female,USA,Washington,South Gary,Premium+,2024-09-21,True,17.41,Desktop,1.0,2024-07-24 12:44:25.884428
user_09661,brianford@example.org,Stephanie,Chase,30.0,Male,USA,Tennessee,North Christophershire,Standard,2025-04-10,True,3.36,Smart TV,2.0,2024-11-17 11:10:00.130609
user_02216,morrisashley@example.net,Joshua,Roberts,25.0,Female,USA,New York,Garciaberg,Standard,2024-05-31,False,39.63,Desktop,4.0,2025-05-26 13:36:43.779753
user_09206,melanie97@example.net,Barbara,Clements,27.0,Female,Canada,Ontario,Port William,Standard,2022-11-01,True,,Mobile,3.0,2025-06-28 09:54:15.707774
user_04281,vanessathomas@example.com,Anita,Gomez,30.0,Male,USA,Missouri,Warrenton,Standard,2024-04-23,False,10.05,Laptop,,2022-09-21 18:57:24.454096
user_01756,christopher42@example.net,Lawrence,Ayala,27.0,Female,USA,Washington,South Gary,Premium+,2024-09-21,True,17.41,Desktop,1.0,2024-07-24 12:44:25.884428
user_02005,vpatterson@example.net,Betty,Lawson,26.0,Female,Canada,Manitoba,Zimmermanberg,Basic,2023-08-15,True,,Laptop,1.0,2023-03-18 15:28:56.704814
user_03933,hbarnett@example.net,Richard,Maldonado,27.0,Male,Canada,Manitoba,Ryanfort,Standard,2025-04-15,True,23.15,Smart TV,1.0,2024-05-02 23:11:55.816715
user_02563,courtney18@example.org,Pamela,Williams,28.0,Female,USA,Tennessee,East Alexis,Standard,2025-03-18,False,16.51,Tablet,5.0,2023-05-03 02:46:29.542744
user_05840,uhill@example.net,Tara,Davis,25.0,,Canada,Ontario,East Melissaside,Standard,2025-06-21,True,6.35,Tablet,3.0,2025-01-10 07:33:15.755643
user_04461,kaylee70@example.net,Joshua,Rios,20.0,Male,Canada,Nova Scotia,South Nicole,Premium,2023-11-22,True,32.16,Gaming Console,2.0,2025-06-21 17:24:55.868777
user_07923,danderson@example.com,Shannon,Chang,20.0,Male,USA,Wisconsin,Hernandezville,Premium,2023-07-24,True,15.67,Gaming Console,2.0,2023-04-30 07:48:14.989302
user_04739,rodriguezdaniel@example.com,Abigail,Manning,30.0,Prefer not to say,Canada,Quebec,North Alexanderburgh,Premium,2022-11-30,True,7.29,Mobile,4.0,2022-12-27 02:55:22.492106
user_00152,bbryant@example.org,Nicole,Moore,23.0,Male,USA,Washington,Lake Michaelland,Premium,2024-07-30,True,11.15,Smart TV,3.0,2022-09-28 19:33:24.100609
user_00802,johnsonchristopher@example.org,Sean,Grant,20.0,Female,Canada,Newfoundland and Labrador,Port Dianashire,Premium,2022-12-06,True,18.4,Gaming Console,7.0,2023-04-14 13:11:27.194746
user_03938,zacharybryant@example.org,Brandon,Carson,20.0,Female,USA,Florida,Rossborough,Standard,2022-09-14,True,9.9,Tablet,2.0,2023-12-17 17:25:09.528908
user_08695,campbelltiffany@example.com,Andrea,Powell,28.0,Female,USA,California,Brownstad,Premium+,2024-07-28,True,28.22,Desktop,4.0,2024-05-16 21:57:43.245655
user_09599,bestkelly@example.com,John,Johnson,30.0,,USA,Pennsylvania,North Logan,Basic,2022-12-05,True,12.83,Gaming Console,3.0,2023-08-23 16:18:38.890545
user_01943,james84@example.org,Gloria,Howard,30.0,,Canada,Ontario,Katelynmouth,Premium,2023-06-07,False,6.66,Desktop,1.0,2023-12-09 08:05:10.648706
user_07266,lutzlaurie@example.com,Shawn,Thompson,29.0,Female,USA,Pennsylvania,Meyerport,Standard,2023-08-17,True,33.3,Gaming Console,1.0,2024-08-13 21:47:33.048071
user_01088,jill17@example.org,Gregory,Dougherty,25.0,Other,USA,Georgia,East Angela,Basic,2023-01-28,True,23.05,Smart TV,,2025-02-27 06:32:16.298835
user_09454,michael41@example.net,Catherine,Pena,22.0,Prefer not to say,USA,California,Cassidyton,Standard,2023-12-07,False,21.8,Gaming Console,2.0,2022-08-03 23:11:13.133755
user_01684,xgarcia@example.net,Ryan,Johnson,25.0,,Canada,New Brunswick,Erikaburgh,Premium,2022-10-02,True,13.49,Laptop,3.0,2023-05-07 02:59:49.251600
user_00147,fitzgeralddesiree@example.org,Nancy,Cole,30.0,Female,USA,Massachusetts,South Michelleville,Premium,2023-03-20,True,24.56,Smart TV,2.0,2025-03-03 12:55:51.174033
user_09749,mcdonaldwilliam@example.com,James,Brooks,29.0,Female,Canada,Saskatchewan,Leport,Premium+,2022-09-01,True,12.58,Tablet,3.0,2023-07-20 00:52:03.542424
user_09921,hperez@example.org,Joshua,Callahan,23.0,Male,USA,Indiana,Williamfort,Premium,2024-05-11,True,12.0,Tablet,2.0,2024-08-24 05:27:56.181735
user_04150,ywilliamson@example.org,Ryan,Duncan,19.0,Male,Canada,Saskatchewan,Lopezberg,Premium+,2023-03-15,True,15.47,Desktop,2.0,2023-01-29 03:59:06.068069
user_05801,tracywilliams@example.org,Gary,Morgan,18.0,Female,USA,Washington,West Catherineland,Premium+,2022-08-25,True,20.65,Desktop,5.0,2023-06-15 15:43:05.222459
user_02427,vowen@example.com,Megan,Conner,29.0,Male,USA,Tennessee,Lindsaymouth,Standard,2023-01-22,True,24.36,Gaming Console,2.0,2025-05-14 13:00:00.408777
user_07077,kelly15@example.org,Katherine,Green,25.0,Female,USA,Tennessee,North Randall,Premium,2024-01-15,True,20.83,Mobile,3.0,2022-10-13 16:20:08.128328
user_03051,marcus18@example.net,Ronald,Brooks,29.0,Female,Canada,Alberta,South Sherry,Standard,2023-07-07,False,17.2,Gaming Console,,2025-05-18 14:37:47.588344
user_07537,jferrell@example.net,Crystal,Bryant,26.0,Male,USA,Indiana,Thomasview,Standard,2024-10-08,True,36.89,Mobile,1.0,2022-08-18 06:24:55.972115
user_07688,toni84@example.com,Juan,Cole,24.0,Female,Canada,Alberta,South Cindyland,Premium,2022-11-13,True,2.3,Gaming Console,2.0,2024-07-03 17:36:18.282335
user_09957,qfernandez@example.org,Daniel,Morales,26.0,Male,Canada,Prince Edward Island,Gomezberg,Standard,2023-08-09,True,4.97,Gaming Console,4.0,2023-07-28 17:25:14.910094
user_07155,wadetyler@example.org,Anthony,Santos,30.0,Prefer not to say,USA,Georgia,North Christinachester,Premium+,2024-10-05,True,67.9,Laptop,2.0,2023-07-03 06:31:22.959036
user_06111,ericmay@example.org,Emily,Blair,27.0,Male,USA,Michigan,North Stevenport,Premium,2023-06-15,True,15.58,Laptop,,2023-03-22 09:22:57.048638
user_03727,johnstoncolleen@example.com,Christopher,Anderson,29.0,Female,USA,Indiana,New Michelle,Basic,2022-08-17,True,18.73,Desktop,2.0,2023-01-10 11:18:50.017035
user_03060,jonathanhenderson@example.net,Tara,Garcia,24.0,,USA,Arizona,Maynardburgh,Standard,2022-08-13,False,13.65,Gaming Console,4.0,2023-01-29 17:12:20.850573
user_08164,wilkinsstephen@example.org,Adam,Wells,29.0,Male,USA,Virginia,Amandamouth,Premium,2023-12-17,True,6.46,Tablet,1.0,2023-10-28 08:40:16.185423
user_00203,cindy26@example.org,Justin,Jimenez,23.0,Female,USA,California,Marieborough,Premium,2024-09-10,True,13.98,Smart TV,3.0,2023-01-25 19:04:53.940084
user_05599,williamscolleen@example.net,Jacob,Cook,28.0,Male,Canada,British Columbia,Joneshaven,Standard,2025-02-25,True,9.78,Gaming Console,,2023-03-25 20:33:45.923738
user_06056,stevengarcia@example.com,David,Armstrong,26.0,Male,USA,Virginia,Jenkinston,Premium,2024-10-29,True,14.52,Mobile,3.0,2024-04-30 03:45:43.838323
user_08419,ggonzalez@example.com,Tamara,Martinez,30.0,Male,USA,Ohio,Zacharyville,Standard,2023-11-25,True,3.05,Gaming Console,,2024-12-12 02:12:19.737505
user_09699,hartchristopher@example.org,Steven,Harrison,22.0,Prefer not to say,USA,Washington,Chavezville,Premium+,2023-09-02,True,25.38,Tablet,,2023-11-24 02:18:45.583987
user_04326,rsanchez@example.org,Caleb,Martin,24.0,Female,USA,Missouri,Lake Tara,Premium,2025-03-16,False,,Gaming Console,3.0,2022-10-18 21:04:18.694926
user_07327,portermary@example.com,Carl,Smith,26.0,Male,USA,North Carolina,East Jonathanhaven,Basic,2023-08-19,True,,Gaming Console,1.0,2024-11-04 00:35:03.748084
user_06382,kristin87@example.org,Pamela,Valencia,26.0,,Canada,Ontario,Morriston,Standard,2024-10-15,False,10.25,Tablet,4.0,2023-05-13 11:03:29.577240
user_00491,scottolson@example.org,Jeffery,Moss,28.0,Male,Canada,Ontario,Jessicashire,Premium,2024-08-14,True,2.2,Laptop,4.0,2023-09-19 16:05:07.210731
user_05085,rachel05@example.net,Elizabeth,Hawkins,18.0,Other,USA,Illinois,Lesliefurt,Premium+,2023-10-05,True,,Gaming Console,4.0,2024-01-05 10:24:18.512755
user_02221,paul05@example.net,Emily,Coleman,21.0,,USA,Washington,South Scottborough,Basic,2023-01-29,True,23.91,Desktop,6.0,2024-03-31 16:16:54.984031
user_01568,fgarcia@example.org,Holly,Johnson,29.0,Male,USA,Indiana,Solomonshire,Premium,2022-10-21,True,5.64,Smart TV,2.0,2025-04-26 06:13:09.140091
user_09005,aprilpeters@example.com,Raymond,Savage,30.0,Male,Canada,Quebec,Lake Eric,Basic,2024-04-02,True,13.02,Laptop,1.0,2022-10-08 19:21:29.263338
user_01584,usmith@example.org,Harold,Collins,27.0,Male,Canada,Quebec,North Dylan,Premium+,2024-10-10,False,8.26,Desktop,3.0,2022-11-01 05:08:42.308016
user_00115,jelliott@example.com,Jennifer,Scott,30.0,Male,Canada,British Columbia,New Charles,Basic,2023-08-14,True,19.82,Desktop,3.0,2024-03-18 00:49:13.493253
user_05273,carlsonmark@example.org,Thomas,Allen,24.0,Prefer not to say,Canada,Manitoba,New Jean,Basic,2025-02-27,True,5.53,Gaming Console,2.0,2025-07-05 00:20:48.842345
user_09488,qmorgan@example.org,Jesse,Lee,25.0,Female,USA,New York,Port Henryborough,Standard,2023-04-04,False,25.42,Desktop,4.0,2024-05-15 21:59:13.963098
user_01367,flittle@example.com,Peter,Hodges,27.0,Male,USA,Florida,Richardsonview,Premium,2025-03-16,True,6.57,Smart TV,1.0,2022-08-27 18:50:12.557579
user_07155,wadetyler@example.org,Anthony,Santos,30.0,Prefer not to say,USA,Georgia,North Christinachester,Premium+,2024-10-05,True,67.9,Laptop,2.0,2023-07-03 06:31:22.959036
user_02752,tammy20@example.org,Thomas,Dean,29.0,Female,Canada,British Columbia,Alejandroton,Premium,2024-07-19,True,,Gaming Console,1.0,2024-11-20 14:27:47.444705
user_02984,omunoz@example.com,Penny,Nguyen,22.0,Male,USA,Tennessee,Port Sandra,Basic,2024-11-07,False,17.47,Desktop,,2022-11-01 22:50:15.165479
user_03486,hpatrick@example.net,Daniel,Wang,19.0,Female,USA,New York,New Bradley,Basic,2023-01-14,True,5.4,Mobile,2.0,2023-03-11 09:53:29.993503
user_07947,zsmith@example.com,Brandon,Barnes,25.0,Male,Canada,British Columbia,Kennethville,Premium,2024-03-04,False,11.78,Smart TV,4.0,2023-05-25 13:52:50.331178
user_01853,ldyer@example.net,Joseph,Little,30.0,Male,USA,Georgia,New Maria,Premium,2025-02-27,True,5.4,Mobile,2.0,2024-01-17 14:41:02.632393
user_07574,rsloan@example.net,Ashley,Martin,26.0,Female,Canada,Quebec,Port Dennisstad,Premium+,2023-01-03,True,50.18,Gaming Console,2.0,2024-05-07 07:01:30.296993
user_06000,hollanddarrell@example.com,Laurie,Austin,27.0,Male,USA,California,Smithbury,Standard,2023-01-14,True,,Gaming Console,5.0,2023-06-30 04:57:59.279215
user_04619,jessicaayala@example.com,Brandy,Torres,23.0,Female,USA,Ohio,Lake Angelafort,Premium+,2024-03-16,True,12.84,Laptop,2.0,2024-02-16 17:33:47.815275
user_01684,xgarcia@example.net,Ryan,Johnson,25.0,,Canada,New Brunswick,Erikaburgh,Premium,2022-10-02,True,13.49,Laptop,3.0,2023-05-07 02:59:49.251600
user_08191,dennis23@example.net,Robert,Richardson,18.0,Male,USA,North Carolina,Kingmouth,Premium,2024-08-30,True,27.79,Mobile,4.0,2025-04-08 18:24:41.038388
user_06936,scottporter@example.net,Kevin,Sheppard,26.0,Female,USA,Indiana,West Marthachester,Premium,2025-03-16,True,2.0,Desktop,2.0,2023-08-10 04:03:16.242043
user_03478,josephadams@example.net,Kristin,Patterson,22.0,Female,Canada,Saskatchewan,Robinsonfort,Basic,2025-01-09,False,0.81,Desktop,4.0,2025-02-09 05:38:58.316881
user_05210,dixonomar@example.org,Bruce,Hernandez,30.0,Prefer not to say,USA,North Carolina,Acostafort,Premium,2023-11-27,True,11.67,Desktop,3.0,2022-10-10 15:58:23.774669
user_03893,bellrobert@example.com,Kevin,Ford,27.0,Male,USA,Washington,South Johnport,Premium,2022-09-12,True,9.59,Mobile,1.0,2022-10-07 16:48:11.173874
user_02493,frobinson@example.net,Thomas,Chan,29.0,Male,Canada,Alberta,North Mary,Basic,2023-08-03,True,17.37,Laptop,3.0,2025-05-09 23:04:40.972733
user_02755,kevin48@example.com,Brooke,Griffin,22.0,Other,Canada,Saskatchewan,Danielside,Premium,2022-08-17,False,11.77,Mobile,2.0,2024-08-15 12:59:19.647300
